year,site,nest,easting,northing,found_date,found_time,laying_date,clutch_size,end_date,fate,no_chicks,length1,width1,float1,length2,width2,float2,length3,width3,float3,observer,floating_date,comments_field,comments_stdfile
2007,S,1,260364,1676891,925,1740,920,3,1016,HATCH,NA,30.3,22.34,C,31.24,23.22,NA,31.38,23.7,NA,TS,NA,NA,NA
2007,S,2,260370,1676869,925,1745,925,2,1021,HATCH,2,31.72,23.96,NA,32.64,23,NA,NA,NA,NA,TS,NA,fresh nest  found on 925,NA
2007,S,3,260421,1676822,925,1805,917,3,NA,NA,NA,31.54,23,D,31.74,23.54,NA,31.18,22.5,NA,TS,NA,NA,NA
2007,S,4,260484,1676629,926,730,918,3,1016,HATCH,NA,33.42,24.22,D,33.22,23.22,NA,33.12,24.06,NA,TS,NA,NA,NA
2007,S,5,260525,1676536,926,810,918,3,1016,HATCH,NA,32.94,21.96,D,32.5,21.64,NA,32.56,21.9,NA,TS,NA,NA,NA
2007,S,6,260970,1676012,926,930,927,3,NA,NA,NA,33.94,23.1,NA,34.28,23.2,NA,34.12,23.14,NA,TS,NA,found with 2 eggs on 24 Sept,NA
2007,S,7,260154,1677510,925,150,925,1,NA,NA,NA,34.82,24.32,NA,NA,NA,NA,NA,NA,NA,TS,NA,NA,NA
2007,S,8,260148,1677571,925,1530,920,3,NA,NA,NA,31.1,23.84,C,31.58,24.02,NA,31.7,23.68,NA,TS,NA,NA,NA
2007,S,9,260804,1676172,926,920,921,3,1016,HATCH,NA,32.54,22.92,C,32.32,22.78,NA,32.52,22.9,NA,TS,NA,NA,NA
2007,S,10,260731,1678043,926,1650,926,NA,NA,NA,NA,NA,NA,NA,NA,NA,NA,NA,NA,NA,TS,NA,one egg,NA
2007,S,11,260570,1678345,926,1710,921,3,NA,NA,NA,32.82,23.54,C,32.24,23.22,NA,31.9,23.5,NA,TS,NA,NA,NA
2007,S,12,260431,1676787,926,1810,921,2,NA,NA,NA,32.96,23.08,C,33.76,22.74,NA,NA,NA,NA,TS,NA,NA,NA
2007,S,13,260459,1676693,926,1820,925,2,NA,NA,NA,34,24.12,AB,33.78,23.5,NA,NA,NA,NA,TS,NA,NA,NA
2007,S,14,260159,1677511,927,1100,927,1,NA,NA,NA,33.92,24.22,NA,NA,NA,NA,NA,NA,NA,TS,NA,NA,NA
2007,S,15,260801,1677483,927,1600,926,2,NA,NA,NA,31.68,23.1,AB,31.74,22.7,NA,NA,NA,NA,PL,NA,Measured by Pedrin Lopez,NA
2007,S,16,260148,1677854,1015,1000,1004,1,NA,NA,NA,33.2,22.3,F,NA,NA,NA,NA,NA,NA,AC,NA,Armindo Costa. 2 eggs on 1014 and no eggs on 1015 afternoon,NA
2007,S,17,260886,1675954,1015,720,1010,3,NA,NA,NA,32.82,23.96,C,31,23.22,NA,31.66,23.16,NA,"PL,AC",NA,NA,NA
2007,S,18,260518,1676575,1014,840,1011,2,1015,PRED,NA,30.62,22.48,C,30,22.86,NA,NA,NA,NA,AC,NA,2 eggs 1014. 1 egg 1015 morning. No eggs 1015 aftrnoon,NA
2007,S,19,260664,1676090,1017,720,1006,3,1021,HATCH,2,32.72,23.26,F,32.98,23.48,NA,32.44,23.2,NA,PL,NA,NA,NA
2007,S,20,260842,1676107,1017,1025,1006,3,NA,NA,NA,32.98,25,F,33.12,24.88,NA,34.1,24.78,NA,PL,NA,NA,NA
2007,S,21,260190,1677373,1018,850,1007,3,1025,HATCH,3,32.02,23.78,F,31.92,22.72,NA,32.74,22.82,NA,AC,NA,NA,NA
2007,S,22,260266,1678162,1019,745,1011,2,NA,NA,NA,31.54,23.98,D,33.02,22.82,NA,NA,NA,NA,AC,NA,NA,NA
2007,S,23,260195,1677532,1019,815,1011,3,NA,HATCH,NA,31.98,23.54,D,32.62,23.3,NA,31.84,23.2,NA,AC,NA,NA,NA
2007,S,24,261073,1675982,1022,855,1026,3,1111,PRED,NA,34.2,23.12,A,34.6,23,AB,NA,NA,NA,PL,NA,a single egg on 1022. Renesting by the same F as in S6. three eggs on 1105. Predated on 1111.,NA
2007,S,25,260585,1676198,1022,1730,1014,3,1111,HATCH,2,32.52,23.1,D,31.64,22.98,NA,32.22,23.14,NA,PL,NA,hatched on 1111. Two chicks captured.,NA
2007,S,26,261168,2375831,1023,715,929,3,NA,NA,NA,31.2,23.18,F,31.1,22.72,pipping,31.72,22.78,pipping,PL,NA,all peeping,NA
2007,S,27,260649,1678206,1024,700,1023,3,NA,PRED,NA,33.32,23.16,AB,33.48,23.3,NA,32.48,23.54,NA,PL,NA,NA,NA
2007,S,28,260920,1676099,1106,715,1030,2,1112,PRED,NA,32.3,23.42,C,31.4,23.78,D,NA,NA,NA,PL,NA,1 egg predated by a dog on 1108. Predated on 1112,NA
2007,S,29,260169,1677423,1106,1755,1104,3,1117,PRED,NA,31.2,22.78,AB,32.3,22.7,C,31.82,22.34,AB,PL,NA,only 1 egg on 1115,NA
2007,S,30,260511,1676327,1107,1630,1027,2,NA,Abandoned,NA,30.32,22.4,F,29.28,21.38,F,NA,NA,NA,PL,NA,NA,NA
2007,S,31,260506,1676429,1107,1730,1027,2,1117,HATCH,2,30.7,22.84,F,31.94,22.94,F,NA,NA,NA,PL,NA,NA,NA
2007,S,32,260274,1676979,1107,1814,1031,2,1127,HATCH,2,32.38,24.12,C,32.76,24.9,D,NA,NA,NA,PL,NA,NA,NA
2007,S,33,260302,1676928,1107,1822,1030,2,1127,HATCH,2,31.34,23.6,D,32.56,23.48,D,NA,NA,NA,PL,NA,NA,NA
2007,S,34,260160,1677444,1111,1535,1109,2,NA,NA,NA,32.66,23.4,B,32.82,23.32,AB,NA,NA,NA,PL,NA,NA,NA
2007,S,35,260517,1675994,1113,655,1102,3,1122,HATCH,3,31.72,22.12,F,31.58,23.36,F,32.52,23.22,F,PL,NA,NA,NA
2007,S,36,260742,1675992,1115,NA,1106,2,NA,Abandoned,NA,33.6,24.9,D,34.9,24.26,E,NA,NA,NA,PL,NA,NA,NA
2008,PP,1,260578,1676389,429,900,422,3,NA,Abandoned,NA,32.9,22.5,D,32.5,22.6,D,32.9,22.5,NA,RJB,NA,NA,NA
2008,PP,2,261194,1676015,502,1100,501,2,523,Abandoned,NA,34.3,24.1,B,33,24.3,B,NA,NA,NA,AAT,NA,NA,NA
2008,PP,3,260560,1676570,506,1600,502,3,524,Abandoned,NA,30.3,21.8,C,34.25,22.7,C,32.9,21.8,NA,AAT,NA,NA,NA
2008,PP,4,263764,1673524,520,900,510,3,601,NA,NA,31.9,23.3,E,32,23.2,NA,33.2,23.3,NA,AAT,NA,NA,NA
2008,PP,5,263940,1673434,520,930,512,2,603,NA,NA,30.6,23,D,30.6,22.5,NA,NA,NA,NA,AAT,NA,NA,NA
2008,PP,6,264108,1673429,520,1042,426,2,520,HATCH,1,32,23.5,E,NA,NA,NA,NA,NA,NA,AAT,NA,Chick just hatched (it was still wet). No ringed female,NA
2008,PP,7,265491,1672787,520,1501,519,1,NA,NA,NA,34,23.7,AB,NA,NA,NA,NA,NA,NA,AAT,NA,MALE WAS INCUBATING AT NEST,NA
2008,PP,8,261999,1684094,522,830,513,1,NA,NA,NA,32.6,22.1,E,NA,NA,NA,NA,NA,NA,AAT,NA,this nest is in Calhieta,NA
2008,PP,9,263257,1673555,523,1530,514,2,NA,NA,NA,31.5,22.6,E,31.6,23,E,NA,NA,NA,AAT,NA,"Near the road. Male was incubating, without rings.",NA
2008,S,1,260326,1676999,924,NA,915,3,1005,HATCH,3,32.06,24,E,32.36,24.72,D,34.84,24.72,D,TS,NA,NA,NA
2008,S,2,260378,1676866,924,NA,917,2,NA,NA,NA,32.2,23.1,F,32.3,23,D,NA,NA,NA,TS,NA,NA,NA
2008,S,3,260432,1676788,924,NA,918,3,1008,HATCH,NA,30.86,22.8,D,32,22.66,D,33.16,22.38,D,TS,NA,NA,NA
2008,S,4,260518,1676539,924,NA,NA,NA,927,TRAMPLED,0,NA,NA,NA,NA,NA,NA,NA,NA,NA,TS,NA,NA,NA
2008,S,5,261022,1676005,925,NA,NA,NA,NA,DISAPPEARED,0,NA,NA,NA,NA,NA,NA,NA,NA,NA,TS,NA,NA,NA
2008,S,6,260679,1676074,925,NA,NA,1,1008,DISAPPEARED,NA,30.5,22.86,NA,NA,NA,NA,NA,NA,NA,TS,NA,NA,NA
2008,S,7,261081,1675702,926,NA,916,2,1005,PREDATED,NA,34,23.3,F,32.8,23.5,E,NA,NA,NA,TS,NA,NA,NA
2008,S,8,260750,1675979,926,NA,917,3,1006,HATCH,2,32.4,23.4,E,32.2,23,D,32.9,22.9,E,TS,NA,NA,NA
2008,S,9,260146,1677589,927,NA,NA,NA,1007,DISAPPEARED,NA,NA,NA,NA,NA,NA,NA,NA,NA,NA,TS,NA,NA,NA
2008,S,10,260189,1677366,928,NA,918,3,1007,HATCH,3,32.6,22.8,E,33.2,22.4,F,32.6,22.6,F,TS,NA,NA,NA
2008,S,11,260140,1677566,928,NA,918,3,1007,HATCH,1,32.7,23.1,F,32.2,23.7,E,32.3,23.2,D,TS,NA,NA,NA
2008,S,12,260822,1676056,1001,NA,928,1,1009,DISAPPEARED,NA,34.3,29,F,NA,NA,NA,NA,NA,NA,TS,NA,NA,NA
2008,S,13,260179,1677576,1004,NA,1002,2,1021,UNKNOWN,NA,32.8,24.6,C,32.1,23.2,B,NA,NA,NA,"TS, AAT",NA,NA,NA
2008,S,14,260549,1676549,1005,NA,NA,NA,NA,NA,NA,NA,NA,NA,NA,NA,NA,NA,NA,NA,"TS, AAT",NA,NA,NA
2008,S,15,261769,1675568,1011,NA,1001,3,1023,HATCH,3,33.8,24,E,33,24,E,32.5,23.5,D,"EP, EAR",NA,camera system set 3 days from 11:50 at 101308; Evelyne Pereira,NA
2008,S,16,261237,1675775,1013,NA,919,3,1016,HATCH,3,32.3,22.8,F,32.6,23,pipping,33.2,22.8,pipping,"AAT, EP",NA,egg 2 and 3 pipping when found,NA
2008,S,17,261618,1675763,1013,NA,1004,1,1021,DESTROYED,0,31.2,22.8,F,NA,NA,NA,NA,NA,NA,EP,NA,NA,NA
2008,S,18,260195,1678078,1021,NA,1014,3,1108,HATCH,3,32.7,23.6,B,34,23.9,D,33,24.2,D,AAT,NA,NA,NA
2008,S,19,261506,1675462,1021,NA,1016,3,1107,DESTROYED,0,32.1,23.9,B,31.7,24.2,C,31.5,23.8,C,AAT,NA,Third egg measured 1027,NA
2008,S,20,260506,1676480,1023,NA,1021,3,1117,HATCH,3,31.2,21.7,AB,31.4,21.7,AB,32.5,21.8,B,AAT,NA,FEMALE MX.OX|OX.BX AT NEST,NA
2008,S,21,261903,1675620,1023,NA,1015,3,1113,HATCH,3,31.9,24.4,D,32.1,23.6,C,33,23.7,C,AAT,NA,NA,NA
2008,S,22,NA,NA,1111,NA,1018,NA,1116,HATCH,2,NA,NA,NA,NA,NA,NA,NA,NA,NA,AAT,NA,Details at EAR's notebook; Elvio Rosa,NA
2008,S,23,266234,1672883,1113,NA,1020,NA,1113,HATCH,1,NA,NA,NA,NA,NA,NA,NA,NA,NA,AAT,NA,Details at EAR's notebook,NA
2009,Lagoa Cimidor,1,274652,1677987,1017,NA,1007,3,NA,UNKNOWN,NA,33.9,23.2,E,34.2,23.2,E,32.8,23.4,E,AAT,NA,Lagoa Cimidor,NA
2009,Lagoa Cimidor,2,274683,1677962,1017,NA,925,3,NA,UNKNOWN,NA,34.2,23.2,pipping,33.4,22.2,pipping,32.4,22,pipping,AAT,NA,Lagoa Cimidor,NA
2009,Lagoa Cimidor,3,274648,1677975,1017,NA,1007,3,NA,UNKNOWN,NA,33.1,24,E,32.2,24.1,E,32.9,23.7,E,AAT,NA,Lagoa Cimidor,NA
2009,Ribeira do Lagoa,1,269684,1673621,910,NA,907,3,NA,UNKNOWN,NA,24.1,32.4,B,23.8,32.4,B,24.2,33.3,AB,AAT,NA,Ribera do Lagoa,NA
2009,Ribera do Joao,1,272074,1675011,930,NA,922,3,NA,UNKNOWN,NA,33.4,22.9,D,33.9,23,D,33.9,22.7,D,AAT,NA,Ribera do Joao,NA
2009,S,5,260986,1675975,911,NA,914,3,1010,HATCH,2,32.4,23.5,C,32.4,23.7,C,31.5,23.3,B,AAT,NA,NA,NA
2009,S,6,261247,1675782,918,NA,913,2,1010,HATCH,1,34.2,23.3,D,34.3,22.9,C,NA,NA,NA,AAT,NA,NA,NA
2009,S,7,261412,1675647,919,NA,916,3,1016,HATCH,3,33.4,23,C,33.5,23.8,B,34.2,23.3,AB,AAT,NA,NA,NA
2009,S,8,261733,1676417,922,NA,920,3,1018,HATCH,3,33.4,22.3,B,33.3,23.4,AB,33.6,23.2,B,AAT,NA,TS floated them,NA
2009,S,9,260133,1677549,924,NA,924,3,NA,HATCH,3,32.9,23.9,B,32.9,23.5,C,32,23.3,AB,AAT,NA,NA,NA
2009,S,10,260725,1676002,926,NA,923,2,1017,HATCH,1,34,23.4,C,34,23.1,C,NA,NA,NA,AAT,NA,NA,NA
2009,S,11,260360,1676886,928,NA,1002,3,1025,HATCH,1,32.3,22.9,B,32.3,22.4,B,32.9,23.2,B,AAT,NA,NA,NA
2009,S,12,260522,1676403,929,NA,923,2,1016,HATCH,1,32.9,21.8,C,33.2,21.9,D,NA,NA,NA,AAT,NA,NA,NA
2009,S,13,260784,1676139,929,NA,925,3,1026,HATCH,1,32.3,22.9,C,32.1,22.6,B,31.2,22.8,B,AAT,NA,NA,NA
2009,S,14,260262,1678220,930,NA,NA,1,1006,DISAPPEARED,0,NA,NA,NA,NA,NA,NA,NA,NA,NA,AAT,NA,NA,NA
2009,S,15,260711,1676072,1001,NA,925,3,1020,HATCH,3,31.2,22.6,D,30.8,23.1,C,31,23.2,C,AAT,NA,NA,NA
2009,S,16,261017,1675830,1003,NA,929,2,1016,HATCH,2,31.3,23,C,32.2,23.3,C,NA,NA,NA,AAT,NA,NA,NA
2009,S,17,260394,1676799,1005,NA,1001,3,1028,HATCH,1,32.6,22.2,B,31.7,22.4,B,32.5,22.4,C,AAT,NA,NA,NA
2009,S,18,262018,1675657,1006,NA,1001,2,1030,HATCH,2,34,22.8,C,34.3,22.8,C,NA,NA,NA,AAT,NA,NA,NA
2009,S,19,261809,1675885,1006,NA,930,3,NA,UNKNOWN,NA,32.7,23.8,D,32.3,23.5,D,33.3,23.4,C,AAT,NA,Islets,NA
2009,S,20,261856,1675750,1006,NA,930,3,NA,DESTROYED,0,31.6,22.8,C,32.3,22.9,C,32.1,22.9,D,AAT,NA,Islets,NA
2009,S,21,261100,1675678,1007,NA,929,3,1023,HATCH,2,32.4,23.8,D,32.2,23.2,D,32.2,23.5,D,AAT,NA,NA,NA
2009,S,22,261901,1675631,1007,NA,1004,3,NA,UNKNOWN,NA,32.9,24,C,32.1,24.1,B,32.2,23.9,AB,AAT,NA,Islets,NA
2009,S,23,261912,1675510,1007,NA,1001,3,1012,Abandoned,0,34.8,22.6,D,35.9,22.8,C,35.9,22.7,B,AAT,NA,Islets,NA
2009,S,24,261788,1675425,1007,NA,1001,3,1023,HATCH,2,32.7,23,D,32.9,22.8,C,32.8,22.9,C,AAT,NA,Islets,NA
2009,S,25,261694,1675486,1007,NA,1004,2,1028,HATCH,1,34.1,23.1,B,33.3,23.2,B,NA,NA,NA,AAT,NA,Islets,NA
2009,S,26,261772,1675604,1007,NA,NA,1,NA,UNKNOWN,NA,NA,NA,NA,NA,NA,NA,NA,NA,NA,AAT,NA,Islets,NA
2009,S,27,261722,1676374,1009,NA,1004,3,1031,HATCH,3,32.6,23.1,C,32.4,23,C,34,22.9,C,AAT,NA,NA,NA
2009,S,28,260154,1677982,1010,NA,1008,2,1019,DISAPPEARED,0,32.7,23.2,B,33.3,23.2,AB,NA,NA,NA,AAT,NA,NA,NA
2009,S,29,260218,1678190,1011,NA,1008,2,1105,HATCH,1,32,22.6,B,32,23.3,B,NA,NA,NA,AAT,NA,NA,NA
2009,S,30,261968,1675756,1014,NA,1010,3,1106,HATCH,3,32.7,22.9,AB,31.6,23.1,B,31.1,22.3,C,AAT,NA,NA,NA
2009,S,31,261844,1675526,1014,NA,1006,3,1110,HATCH,3,32.2,23.3,C,32,22.5,D,31.7,22.5,B,AAT,NA,Islets,NA
2009,S,32,260272,1678335,1016,NA,1006,3,1105,HATCH,3,32.6,23.5,D,32.7,23.3,C,32.6,23.5,D,AAT,NA,NA,NA
2009,S,33,260180,1677369,1020,NA,926,3,1020,HATCH,3,33,22.4,pipping,NA,NA,NA,NA,NA,NA,AAT,NA,"Found with two chicks, one egg",NA
2009,S,34,261775,1675608,1024,NA,1013,2,NA,UNKNOWN,NA,34.4,22.8,F,34.9,23.5,F,NA,NA,NA,AAT,NA,Islets,NA
2009,S,35,261635,1675746,1024,NA,1023,1,NA,UNKNOWN,NA,31.2,22.7,AB,NA,NA,NA,NA,NA,NA,AAT,NA,Islets,NA
2009,S,36,260208,1677201,1026,NA,1016,3,1109,HATCH,2,33.8,23.5,E,34.8,23.2,E,33.6,23.1,E,AAT,NA,"Maybe 3 chicks hatched, trapped just 2",NA
2009,S,37,261104,1675810,1029,NA,1104,3,NA,NA,NA,30.4,23.4,D,30.4,22.8,E,30.4,22.7,E,AAT,NA,NA,NA
2009,S,38,260078,1677588,1030,NA,1027,2,NA,NA,NA,32.9,23.6,B,33.2,23.4,B,NA,NA,NA,AAT,NA,NA,NA
2009,S,39,261065,1675850,1103,NA,1025,3,NA,NA,NA,32.7,23.1,E,33.5,23,E,33.7,22.5,E,AAT,NA,NA,NA
2009,S,40,260169,1678063,1104,NA,1028,3,NA,DISAPPEARED,NA,32.4,24,D,33.5,24.1,D,32.2,23.6,D,AAT,NA,NA,NA
2009,S,41,260181,1677323,1104,NA,1107,3,NA,NA,NA,33.6,22.2,C,32.8,22.7,B,32.8,21.9,AB,AAT,NA,NA,NA
2009,S,42,260187,1677387,1104,NA,1028,3,NA,NA,NA,32.1,23.3,D,32.5,24,D,32.3,23.5,D,AAT,NA,NA,NA
2009,S,43,261829,1675519,1107,NA,1104,2,NA,UNKNOWN,NA,23.8,32.5,B,24.1,32.5,C,NA,NA,NA,AAT,NA,Islets,NA
2009,S,44,260159,1677949,1110,NA,1101,3,NA,DISAPPEARED,NA,32.7,23.8,E,32.8,23.4,D,32.3,23.5,E,AAT,NA,NA,NA
2009,S,45,260519,1676361,1114,NA,1104,3,1122,HATCH,1,32.9,23.6,E,31.3,23.5,E,31.2,23.5,E,AAT,NA,NA,NA
2009,S,101,260142,1677608,914,1820,NA,2,1011,HATCH,2,NA,NA,NA,NA,NA,NA,NA,NA,NA,TS,NA,NA,NA
2009,S,102,260814,1675857,914,828,919,2,1013,HATCH,1,34,23.6,NA,33.7,23.5,NA,NA,NA,NA,TS,NA,NA,NA
2009,S,103,260418,1676745,920,1706,NA,2,NA,DISAPPEARED,0,32.2,22.6,NA,33.6,23.3,NA,NA,NA,NA,TS,NA,NA,NA
2009,S,104,261837,1675757,923,1615,NA,1,NA,DISAPPEARED,0,36.2,22.4,NA,NA,NA,NA,NA,NA,NA,TS,NA,NA,NA
2009,S,105,260390,1676816,925,857,NA,2,NA,DISAPPEARED,0,NA,NA,NA,NA,NA,NA,NA,NA,NA,TS,NA,NA,NA
2009,S,106,260648,1676220,926,1120,922,2,NA,DISAPPEARED,0,33.3,22.8,C,34,23.4,B,NA,NA,NA,TS,NA,NA,NA
2009,S,107,260513,1676315,926,1205,921,2,1015,HATCH,2,30.7,22.6,C,32.6,22.9,C,NA,NA,NA,TS,NA,NA,NA
2009,S,108,260743,1675966,927,852,926,3,1020,HATCH,1,31.6,23.5,NA,30.7,23.2,NA,31,23.3,NA,TS,NA,NA,NA
2009,S,109,260537,1676197,927,955,929,3,1025,HATCH,3,NA,NA,NA,NA,NA,NA,NA,NA,NA,TS,NA,NA,NA
2009,S,110,260513,1676225,927,959,926,3,1020,HATCH,3,31.4,23,C,30.8,23,AB,31.1,23.2,B,TS,NA,NA,NA
2009,S,111,260487,1676594,928,1200,926,2,NA,HATCH,2,31.5,23,AB,31.8,23,B,NA,NA,NA,TS,NA,NA,NA
2009,S,112,261746,1676383,929,744,919,3,NA,DISAPPEARED,0,31.1,22.6,D,31,22.5,E,31.9,22.9,F,TS,NA,NA,NA
2009,S,113,261551,1676807,929,1007,927,3,NA,DISAPPEARED,0,31.8,22.5,B,31.1,22.8,AB,32.1,22.6,B,TS,NA,NA,NA
2009,S,114,261305,1676844,929,1029,928,2,1023,HATCH,3,31.6,23,AB,31.1,23.4,AB,NA,NA,NA,TS,NA,NA,NA
2009,S,115,261273,1676974,929,1130,927,3,NA,DISAPPEARED,0,31.3,22.5,B,31.3,22,AB,32.3,23,AB,TS,NA,NA,NA
2009,S,116,260776,1675996,929,1830,928,3,1023,HATCH,1,32,23,AB,31.8,22.8,B,32.8,22.9,AB,TS,NA,NA,NA
2009,S,117,260764,1677448,930,750,929,3,NA,DISAPPEARED,0,32.2,24.5,AB,32.5,24.1,AB,32.7,24.8,AB,TS,NA,NA,NA
2009,S,118,261356,1675557,930,1141,929,3,1030,HATCH,3,32.6,22.5,NA,31.8,22.6,NA,32.2,22.7,NA,TS,NA,NA,NA
2009,S,119,261504,1675485,1002,1022,929,3,1023,HATCH,3,32,23.1,B,32,23.3,C,31.9,22.9,B,TS,NA,NA,NA
2009,S,120,260915,1677908,1004,1246,927,3,NA,HATCH,1,33.5,23.4,D,33.4,23.4,D,33.2,22.9,D,TS,NA,NA,NA
2009,S,121,261467,1676743,1004,757,930,3,NA,HATCH,UNKNOWN,32.2,23.4,C,32.3,23.3,B,32.2,23.2,NA,TS,NA,NA,NA
2009,S,122,261550,1675536,1004,1650,927,2,NA,HATCH,1,32,23.4,D,32.1,23.1,D,NA,NA,NA,TS,NA,NA,NA
2009,S,123,NA,NA,NA,NA,1007,NA,1105,HATCH,2,NA,NA,NA,NA,NA,NA,NA,NA,NA,TS,NA,NA,NA
2009,S,124,261737,1676068,1007,1556,1001,3,NA,NA,NA,34,23.9,C,35,24,D,35.3,24.1,D,TS,NA,NA,NA
2009,S,125,261704,1676032,1007,1610,929,3,NA,NA,NA,33.5,23.9,E,33,23.4,E,33.5,23.8,D,TS,NA,NA,NA
2009,S,126,261549,1676032,1007,1651,930,3,NA,NA,NA,32.3,23.2,D,32.9,23.6,D,32.3,23.1,D,TS,NA,NA,NA
2009,S,127,261550,1675723,1007,1758,928,2,NA,NA,NA,31.7,23.1,F,32.2,22.8,D,NA,NA,NA,TS,NA,NA,NA
2009,S,128,261708,1675720,1007,1830,930,3,NA,NA,NA,33.6,22.5,D,33.9,22.6,D,33.7,22.5,D,TS,NA,NA,NA
2009,S,129,261595,1675775,1007,1809,914,3,1008,HATCH,3,NA,NA,NA,NA,NA,NA,NA,NA,NA,TS,NA,NA,NA
2009,S,130,266929,1675996,1015,1154,1006,3,NA,DISAPPEARED,0,31.5,21.9,D,32.2,21.9,E,32.3,22.2,E,TS,NA,NA,NA
2009,S,131,NA,NA,1019,952,NA,1,NA,UNKNOWN,NA,33.3,21.8,NA,NA,NA,NA,NA,NA,NA,TS,NA,NA,NA
2009,S,132,NA,NA,1019,1015,1014,2,NA,UNKNOWN,NA,34.1,22.6,D,33.8,22.4,B,NA,NA,NA,TS,NA,NA,NA
2009,S,201,261481,1675579,1007,NA,1004,3,NA,NA,NA,31.5,23.9,B,31.6,23.8,B,31.8,23.4,B,EAR,NA,NA,NA
2009,S,202,260318,1676964,1024,1026,1014,2,NA,NA,NA,32.9,23.1,E,33.5,23.4,E,NA,NA,NA,NA,NA,NA,NA
2009,S,203,NA,NA,1103,1124,NA,1,NA,NA,NA,33.1,23.2,NA,NA,NA,NA,NA,NA,NA,VLPC,NA,NA,NA
2009,S,204,260224,1677160,NA,NA,1129,3,NA,UNKNOWN,NA,23.3,31.9,A,23.7,32.4,A,23.8,31.1,A,EAR,NA,NA,NA
2009,S,300,261369,1676746,1028,NA,NA,NA,NA,DESTROYED,NA,NA,NA,NA,NA,NA,NA,NA,NA,NA,VLPC,NA,NA,NA
2009,S,301,261554,1676536,1030,NA,1029,3,1125,HATCH,2,33.9,23.1,B,33.2,23.6,AB,33.3,23.4,AB,VLPC,NA,NA,"2 chicks were ringed, 3rd chick possibly hatched but VLPC ended fieldwork before, corrected no_chicks from NA to 2 (CCI 28/04/2015)"
2009,S,302,261583,1676512,1030,NA,1029,2,1125,NA,NA,34,23,B,34.1,23.6,AB,NA,NA,NA,VLPC,NA,NA,NA
2009,S,303,261520,1676544,1031,NA,1028,2,1127,NA,NA,32.2,23.5,B,32,23.8,C,NA,NA,NA,VLPC,NA,NA,NA
2009,S,304,261863,1675755,1031,NA,1022,3,1119,HATCH,2,32.6,23.7,D,32.4,23.5,E,32.2,23.8,D,VLPC,NA,1 CHICK DESTROYED,NA
2009,S,305,261311,1676805,1102,NA,1030,3,1129,NA,NA,33.5,24.3,B,33.2,23.7,C,33.3,23.3,C,VLPC,NA,NA,NA
2009,S,306,261928,1675876,NA,NA,NA,NA,NA,DESTROYED,NA,NA,NA,NA,NA,NA,NA,NA,NA,NA,VLPC,NA,NA,NA
2009,S,307,261796,1675587,NA,NA,NA,NA,NA,DESTROYED,NA,NA,NA,NA,NA,NA,NA,NA,NA,NA,VLPC,NA,NA,NA
2009,S,308,260829,1675922,1113,NA,1111,3,1208,HATCH,2,34.3,23.7,B,32.6,23.6,B,33.5,24,B,VLPC,NA,NA,NA
2009,S,309,261817,1675890,1119,NA,1109,3,1129,NA,NA,33.6,23.2,D,32.9,23.8,D,32.1,23,E,VLPC,NA,NA,NA
2010,Morro,1,60657,68083,1003,832,923,3,NA,NA,NA,30.6,22.4,D,31.3,22.9,D,30.6,22.3,E,TS,NA,NA,NA
2010,PP,1,63836,73328,920,730,NA,2?,924,PREDATED,0,NA,NA,NA,NA,NA,NA,NA,NA,NA,JMH,NA,NA,NA
2010,PP,2,65056,72786,920,1520,921,2,NA,UNKNOWN,NA,31.6,22.7,NA,32.6,22.6,NA,NA,NA,NA,JMH,NA,NA,NA
2010,PP,3,64065,73301,920,1530,921,3,NA,UNKNOWN,NA,31.5,22.4,NA,31.5,23,NA,32.1,22.6,NA,JMH,NA,NA,NA
2010,PP,4,64685,73120,924,1000,NA,1,1004,PREDATED,0,34.6,22.6,NA,NA,NA,NA,NA,NA,NA,JMH,NA,NA,NA
2010,PP,5,64185,73300,928,720,926,2,NA,UNKNOWN,NA,32,23.1,NA,32.3,23.3,NA,NA,NA,NA,JMH,NA,NA,NA
2010,PP,6,64896,72833,928,910,NA,1?,1004,PREDATED,0,32.5,24,NA,NA,NA,NA,NA,NA,NA,JMH,NA,NA,NA
2010,PP,7,64317,73180,1004,1202,926,3,NA,UNKNOWN,NA,32.8,23.4,NA,32.1,23.1,NA,32.7,23.2,NA,JMH,NA,NA,NA
2010,S,1,61057,75628,918,620,910,3,1002,Failed,NA,29.8,22.6,NA,31.3,22.6,NA,31.1,22.6,D,IF,NA,NA,NA
2010,S,2,60594,76047,918,729,906,3,NA,Unknown,NA,31.2,22.5,NA,31.6,22.7,NA,30.9,22.8,F,IF,NA,NA,NA
2010,S,3,NA,NA,918,815,918,2,NA,Unknown,NA,30.6,22.4,NA,31.2,22.8,A,NA,NA,NA,IF,NA,NA,NA
2010,S,4,60705,76063,918,840,908,3,NA,Unknown,NA,32,22.8,E,31.8,22.3,NA,32.3,22.5,NA,IF,NA,NA,NA
2010,S,5,60586,76174,918,918,910,1,1015,HATCH,1,29.5,22.3,D,NA,NA,NA,NA,NA,NA,IF,NA,NA,NA
2010,S,6,NA,NA,918,1010,917,2,NA,Unknown,NA,31.3,23,AB,32.1,23.6,NA,NA,NA,NA,IF,NA,NA,NA
2010,S,7,61931,75585,918,1108,910,3,1011,HATCH,3,33,24.2,D,32.4,24.2,E,32.2,23.9,E,IF,NA,NA,NA
2010,S,8,NA,NA,919,715,907,2,NA,Unknown,NA,31.7,23,F,29.9,23.4,F,NA,NA,NA,IF,NA,NA,NA
2010,S,9,60428,76703,919,800,918,2,NA,Unknown,NA,28.2,22.9,AB,28.7,22,AB,NA,NA,NA,IF,NA,NA,NA
2010,S,10,60138,77598,919,932,918,2,NA,Unknown,NA,33.7,23.2,AB,33,23.1,AB,NA,NA,NA,IF,NA,NA,NA
2010,S,11,60061,77581,919,1020,916,3,1011,HATCH,2+,32.3,23.8,B,31.7,23.6,AB,30.5,22.7,AB,IF,NA,NA,NA
2010,S,12,NA,NA,920,744,NA,1,NA,Unknown,NA,NA,NA,NA,NA,NA,NA,NA,NA,NA,IF,NA,NA,NA
2010,S,13,60112,77951,920,805,919,3,1013,Predated,NA,32.8,23.4,AB,31.1,23.2,A,33.3,23.2,E,IF,NA,NA,NA
2010,S,14,NA,NA,920,830,NA,2,NA,Unknown,NA,NA,NA,NA,NA,NA,NA,NA,NA,NA,IF,NA,NA,NA
2010,S,15,60523,76424,921,749,920,3,1015,HATCH,2,30.5,23.1,NA,32.4,22.9,NA,31,22.8,NA,IF & JMH,NA,NA,NA
2010,S,16,60519,78189,921,945,NA,1,930,Predated,NA,NA,NA,NA,NA,NA,NA,NA,NA,NA,IF,NA,NA,NA
2010,S,17,60775,77529,921,1049,911,3,930,Failed,NA,30.7,22.4,E,31,22.2,E,NA,NA,NA,IF,NA,NA,NA
2010,S,18,60925,77262,921,1130,916,3,930,Predated,NA,31,22.7,NA,32,22.8,B,33.6,22.6,C,IF,NA,NA,NA
2010,S,19,61260,76938,921,1210,920,3,930,Predated,NA,30.3,21.5,C,30.3,22,C,31.4,22.1,B,IF,NA,NA,NA
2010,S,20,61991,75757,922,621,920,3,1011,HATCH,1+,31.5,22.8,C,31.8,22.7,C,33.2,22.7,NA,IF,NA,NA,NA
2010,S,21,61848,76168,922,650,919,3,930,Failed,NA,32,23.7,B,31.5,23.6,B,32.4,23.2,NA,IF,NA,NA,NA
2010,S,22,61817,76237,922,710,922,3,1017,HATCH,3,32.2,22.5,B,32.4,22.7,B,33.5,22.5,AB,IF,NA,NA,NA
2010,S,23,61740,76296,922,735,NA,3,925,Unknown,NA,NA,NA,NA,NA,NA,NA,NA,NA,NA,IF,NA,NA,NA
2010,S,24,61540,76591,922,850,922,3,1010,Failed,NA,31.3,23.3,B,31.3,22.9,B,30.2,23.2,NA,IF,NA,NA,NA
2010,S,25,61607,76665,922,920,920,3,930,Predated,NA,30.3,22.3,C,31.5,22.6,B,31.4,22.5,AB,IF,NA,NA,NA
2010,S,26,61378,76817,922,955,920,3,1010,Failed,NA,32.8,22.8,C,32.6,23.2,B,32.6,23.2,AB,IF,NA,NA,NA
2010,S,27,61263,76968,923,716,915,3,930,Failed,NA,31.2,23.3,D,32.3,23.1,D,31.9,22.9,NA,IF,NA,NA,NA
2010,S,28,61362,77051,923,734,911,2,930,Failed,NA,30.8,23.3,F,31,23.1,E,NA,NA,NA,IF,NA,NA,NA
2010,S,29,60631,77979,923,955,922,3,1018,HATCH,2+,33.8,23,AB,34.4,23.2,A,33.7,23.5,NA,IF,NA,NA,NA
2010,S,30,61309,76865,924,705,919,3,1010,Failed,NA,31,23.1,C,31.5,23.2,C,31.4,23.2,C,IF,NA,NA,NA
2010,S,31,61149,77046,924,820,918,2,1012,HATCH,1,30.4,22.3,D,30.3,22.3,D,NA,NA,NA,IF,NA,"1 egg hatched, the other egg was predated by a cat (caught on camera)",NA
2010,S,32,60633,77690,924,935,921,3,1014,HATCH,2,30.9,23.3,B,31.1,22,C,31.1,22.6,B,IF,NA,NA,NA
2010,S,33,61260,75786,927,947,919,3,1015,HATCH,2,31.6,23.3,D,30.9,23.2,D,33.5,23.5,D,IF,NA,Chicks ringed by Judit 127,NA
2010,S,34,61042,75903,927,1005,927,1,1004,Failed,NA,31,22,NA,NA,NA,NA,NA,NA,NA,IF,NA,Female was incubating broken egg,NA
2010,S,35,60991,75920,927,1027,922,3,1021,HATCH,2,30.1,22.4,A,30.7,22.3,B,30,21.6,C,IF,NA,NA,NA
2010,S,36,60857,76093,927,1110,919,3,1007,Predated,NA,30.7,23,D,32.2,22.8,D,32.1,23,D,IF,NA,NA,NA
2010,S,37,60760,76137,927,1118,919,3,1014,Failed,NA,33.5,23.6,D,33.8,23.8,D,32.7,23.6,D,IF,NA,Eggs infertile,NA
2010,S,38,61319,75645,928,703,918,3,1013,HATCH,3,33,22.7,D,33.4,22.8,E,33.4,22.4,E,IF,NA,NA,NA
2010,S,39,60413,76776,928,815,922,3,1010,Failed,NA,33.2,23.2,C,34,23.2,D,33.7,23.2,D,IF,NA,NA,NA
2010,S,40,60231,77173,928,855,927,3,1018,HATCH,3,31.5,23.9,C,32.3,24,B,30.3,24,C,IF,NA,NA,NA
2010,S,41,61825,76162,930,1445,NA,3,1010,Unknown,NA,NA,NA,NA,NA,NA,NA,NA,NA,NA,IF,NA,NA,NA
2010,S,42,61304,76932,1001,NA,NA,1,1005,Predated,NA,NA,NA,NA,NA,NA,NA,NA,NA,NA,IF,NA,NA,NA
2010,S,43,61857,76120,1001,NA,928,3,1006,Failed,NA,33,23,B,32.8,23.3,B,32.3,23.1,B,IF,NA,NA,NA
2010,S,44,61377,75468,1002,722,927,3,1018,HATCH,2+,33.2,23.8,C,32.6,23.6,B,31.8,23,C,IF,NA,NA,NA
2010,S,45,61313,75499,1002,825,922,3,1016,HATCH,2,32.6,23.3,A,31.9,23.1,E,33,23.5,D,IF,NA,NA,NA
2010,S,46,61235,75539,1002,835,929,2,1007,Failed,NA,31.3,23.8,B,31.8,23.9,B,NA,NA,NA,IF,NA,NA,NA
2010,S,47,60637,75883,1002,915,922,3,1012,Unknown,NA,32.3,23.4,E,32.4,23.1,E,32.3,23.1,D,IF,NA,NA,NA
2010,S,48,60473,76496,1002,1057,922,3,1011,Failed,NA,32.1,23.2,E,31.8,23.6,D,30,22.6,D,IF,NA,Nest flooded by sea water washing over the beach,NA
2010,S,49,61022,75729,1004,829,926,3,1018,HATCH,2,33.4,23.2,D,32.4,22.3,D,31.9,22.6,D,IF,NA,Chicks ringed as -226 XM|XO?,NA
2010,S,50,60634,76038,1004,1005,926,3,1020,HATCH,2,31.2,23.3,D,30.6,23.1,D,32.3,23.8,D,IF,NA,NA,NA
2010,S,51,60568,76138,1004,1020,NA,1,1005,HATCH,1+,NA,NA,NA,NA,NA,NA,NA,NA,NA,IF,NA,NA,NA
2010,S,52,60076,77895,1008,829,930,3,1019,Predated,NA,31.4,24,D,31.6,24.1,D,31.4,23.8,D,IF,NA,Crab tunnel entrance located where eggs were laid,NA
2010,S,53,60137,77639,1008,1200,930,2,1018,HATCH,1,31.1,22.2,D,28.8,21.7,D,NA,NA,NA,IF,NA,NA,NA
2010,S,54,60267,77105,1008,1220,930,3,1023,Failed,NA,32.8,23.7,D,33.1,23.6,B,33.1,24,C,IF,NA,Nest destroyed by flood water,NA
2010,S,55,61512,75435,1008,1800,929,3,1013,HATCH,1+,33,22.6,E,32.8,22.9,E,31.9,23,E,IF,NA,NA,NA
2010,S,56,60694,76028,1009,803,1004,3,1029,Unknown,NA,33,22.9,C,33.1,22.9,B,32.1,22.8,B,IF & JMH,NA,NA,NA
2010,S,57,60098,77832,1009,1037,NA,2,1014,Failed,NA,NA,NA,NA,NA,NA,NA,NA,NA,NA,IF,NA,NA,NA
2010,S,58,61293,76818,1010,920,NA,2,1012,Predated,NA,NA,NA,NA,NA,NA,NA,NA,NA,NA,IF,NA,Cat foot prints around nest,NA
2010,S,59,60793,77706,1010,1100,1010,3,NA,HATCH,2,34.2,23.7,AB,33.6,23.8,NA,34.9,23.6,NA,IF,NA,NA,NA
2010,S,60,60388,78210,1010,1217,1001,2,NA,HATCH,1,33.1,23.3,F,34.9,23.3,F,NA,NA,NA,IF,NA,NA,NA
2010,S,61,61900,75633,1011,1026,1010,3,NA,HATCH,1+,30,22.6,A,30.5,22.6,AB,30.3,22.6,AB,IF,NA,NA,NA
2010,S,62,61835,73762,1011,1045,1001,3,1023,Unknown,NA,32,23.1,E,31.8,23,E,30.8,23,E,IF,NA,NA,NA
2010,S,63,61589,76116,1011,1134,1001,3,1023,Unknown,NA,30.8,23.4,D,30.6,23.2,D,31.4,23.2,E,IF,NA,NA,NA
2010,S,64,61485,75976,1011,1203,1003,2,NA,Unknown,NA,33.2,23.9,D,34.3,23.7,D,NA,NA,NA,IF,NA,NA,NA
2010,S,65,61499,75978,1011,1210,930,2,1017,Unknown,NA,30,22.3,F,29.2,21.6,F,NA,NA,NA,IF,NA,NA,NA
2010,S,66,61551,75725,1011,1256,1006,3,NA,Unknown,NA,32.3,24,AB,32.9,23.9,B,33.1,24.1,C,IF,NA,NA,NA
2010,S,67,61550,75755,1011,1307,1006,3,NA,HATCH,2,31,22.3,F,31,22.2,F,29.9,22.4,F,IF,NA,NA,NA
2010,S,68,61537,75890,1011,1310,930,3,NA,Unknown,NA,31.3,22.7,F,31,22.8,F,30.6,22.2,F,IF,NA,NA,NA
2010,S,69,61597,75780,1011,1336,930,1,NA,Failed,NA,29.9,22.4,F,NA,NA,NA,NA,NA,NA,IF,NA,Egg abandoned / infertile,NA
2010,S,70,61636,75748,1011,1342,930,3,1023,HATCH,2+,31.3,23.3,D,32.2,23.3,E,30.9,23.3,F,IF,NA,NA,NA
2010,S,71,61711,75707,1011,1350,1006,3,NA,HATCH,2,33.6,22.4,F,33.7,22.5,F,33.3,22.7,F,IF,NA,NA,NA
2010,S,72,61713,75742,NA,NA,NA,NA,NA,Unknown,NA,NA,NA,NA,NA,NA,NA,NA,NA,NA,IF,NA,NA,NA
2010,S,73,61781,75728,NA,NA,NA,NA,NA,Unknown,NA,NA,NA,NA,NA,NA,NA,NA,NA,NA,IF,NA,NA,NA
2010,S,74,60391,78422,1012,810,1001,3,1020,HATCH,1+,31.7,23.5,F,32.7,23.3,F,32,23.4,F,IF,NA,NA,NA
2010,S,75,60173,77480,1013,1657,1003,2,1015,Failed,NA,32.3,23.6,E,34.2,23.8,E,NA,NA,NA,IF,NA,NA,NA
2010,S,76,61080,75916,1014,800,1003,3,1023,Predated,NA,33.1,23.3,F,32.3,23.1,F,33.2,23,E,IF,NA,NA,NA
2010,S,77,60212,77207,1014,1147,1006,3,1031,HATCH,2,30.3,22.7,D,29.1,22.2,C,30,22.7,D,IF & JMH,NA,NA,NA
2010,S,78,60187,77200,1015,1046,1014,2,1023,Predated,NA,31.5,22.6,AB,32.9,23,NA,NA,NA,NA,IF & JMH,NA,Crab tunnel entrance located where eggs were laid,NA
2010,S,79,60653,76045,1015,1154,1005,2,1031,HATCH,1,33.9,23.6,E,33.9,23.3,D,NA,NA,NA,IF & JMH,NA,NA,NA
2010,S,80,61707,76037,1017,834,1012,3,NA,Unknown,NA,34.2,22.8,F,33.5,23.2,F,33.6,22.9,F,IF,NA,NA,NA
2010,S,81,61626,75848,1017,1008,1006,3,NA,Unknown,NA,31.6,23.6,D,31.4,23.4,F,31.1,23.2,F,IF,NA,NA,NA
2010,S,82,61728,75821,1017,1036,1015,3,NA,Unknown,NA,31.5,23.5,AB,32.1,23.5,AB,NA,NA,NA,IF,NA,NA,NA
2010,S,83,61648,75796,1017,1052,1009,3,1103,Unknown,NA,32.5,23.6,D,33.8,23.9,D,32.2,23.6,D,IF,NA,NA,NA
2010,S,84,61707,75563,1017,1141,1006,3,NA,HATCH,3,32,22.7,F,31.4,22.7,F,32.6,23,F,IF,NA,NA,NA
2010,S,85,61763,75606,1017,1156,1006,2,NA,Unknown,NA,34.1,22.6,F,34.9,23,F,NA,NA,NA,IF,NA,NA,NA
2010,S,86,61778,75609,1017,1204,1016,1,NA,Unknown,NA,32.4,22.4,AB,NA,NA,NA,NA,NA,NA,IF,NA,NA,NA
2010,S,87,61690,75502,1017,1259,1007,1,NA,Unknown,NA,32.4,22.9,E,NA,NA,NA,NA,NA,NA,IF,NA,NA,NA
2010,S,88,61419,75745,1017,1300,NA,NA,NA,Unknown,NA,NA,NA,NA,NA,NA,NA,NA,NA,NA,IF,NA,NA,NA
2010,S,89,61415,75746,1017,1645,NA,2,NA,Unknown,NA,NA,NA,NA,NA,NA,NA,NA,NA,NA,IF,NA,NA,NA
2010,S,90,61155,77006,1019,1505,924,3,1019,HATCH,2,NA,NA,NA,NA,NA,NA,NA,NA,NA,IF & TS,NA,NA,NA
2010,S,91,61298,76987,1020,1700,1018,2,1031,Unknown,NA,31.6,22.7,D,31.1,22.1,D,NA,NA,NA,IF & JMH,NA,NA,NA
2010,S,92,61834,76174,1021,707,1016,3,1105,HATCH,3,31.4,23,D,32.2,23.2,D,31.1,23.2,E,IF & JMH,NA,NA,NA
2010,S,93,61975,75694,1021,800,NA,3,1112,Failed,NA,32.7,23.1,NA,32.5,23.6,NA,32.8,23.4,NA,IF & JMH,NA,NA,NA
2010,S,94,60630,78372,1023,1030,1019,3,1027,Predated,NA,32.1,22.8,C,32.7,22.7,B,32.3,23,B,IF,NA,NA,NA
2010,S,95,60826,78090,1023,1100,1023,3,1117,Predated,NA,31.4,22.5,AB,31.9,22.9,AB,31.8,23.1,AB,IF,NA,NA,NA
2010,S,96,61490,75870,1023,1714,928,3,1023,HATCH,2+,NA,NA,NA,NA,NA,NA,NA,NA,NA,IF,NA,NA,NA
2010,S,97,61595,75774,1023,1812,1022,1,NA,Unknown,NA,31.1,23,A,NA,NA,NA,NA,NA,NA,IF,NA,NA,NA
2010,S,98,60393,78271,1025,1000,1020,2,1031,Unknown,NA,31.8,23.7,C,33,24,B,NA,NA,NA,IF & JMH,NA,NA,NA
2010,S,99,60735,77432,1025,1030,1024,2,1109,Unknown,NA,33.4,23.6,AB,NA,NA,NA,NA,NA,NA,IF,NA,NA,NA
2010,S,101,61102,75955,912,940,910,3,1006,PREDATED,0,33.4,23.2,NA,31.2,23.7,NA,32,23.5,NA,JMH,NA,NA,NA
2010,S,102,60176,77344,916,1110,917,3,1012,HATCH,3,33.8,22.4,NA,33.9,22.4,NA,33.7,23,NA,JMH,NA,NA,NA
2010,S,103,61670,76445,917,920,914,3,1004,UNKNOWN,NA,32.4,23.3,NA,34,23.2,NA,32.1,23,NA,JMH,NA,NA,NA
2010,S,104,61588,76555,917,1000,918,3,1008,PREDATED,0,31.7,23.5,NA,32.4,23.5,NA,33.7,23.8,NA,JMH,NA,NA,NA
2010,S,105,NA,NA,NA,NA,NA,NA,NA,NA,NA,NA,NA,NA,NA,NA,NA,NA,NA,NA,JMH,NA,Same as Iwan's nest 24,NA
2010,S,106,61727,76412,918,730,912,3,927,HATCH,3,32.4,22.7,NA,33.4,23.2,NA,32.8,23.2,NA,JMH,NA,NA,NA
2010,S,107,60507,76373,918,1200,910,3,1015,HATCH,2,29.2,22.6,NA,29.5,23.2,NA,31.6,22.9,NA,JMH,NA,NA,NA
2010,S,108,60574,76327,918,1220,910,3,1016,HATCH,3,32.3,23.3,NA,33.1,23.2,NA,33,23.1,NA,JMH,NA,NA,"laying_date is wrong, nest was found on 918 with 1 egg, on 921 2 eggs were found and on 930 3 eggs were found, LD should be something between 921 and 930"
2010,S,109,61404,75653,921,730,922,3,1017,PREDATED,0,31.3,23.3,NA,29.8,22.8,NA,31.8,22.8,NA,JMH,NA,"Eggs found out of the original nest scrape, on a new scrape",NA
2010,S,110,61365,75704,921,745,911,3,929,HATCH,2,32.9,22.7,NA,33,22.6,NA,32.8,22.4,NA,JMH,NA,NA,NA
2010,S,111,60347,76903,921,1034,923,3,1017,HATCH,1,32.7,24.1,NA,33.1,24.4,NA,33,24,NA,JMH,NA,NA,NA
2010,S,112,60267,77047,921,1047,923,3,1018,HATCH,2,32.5,23.5,NA,32.5,23.3,NA,33,24.3,NA,JMH,NA,NA,NA
2010,S,113,60244,77109,921,1100,922,2,1021,HATCH,1,34,24.4,NA,32,23.8,NA,NA,NA,NA,JMH,NA,NA,NA
2010,S,114,60185,77291,921,1210,922,2,1008,DISAPPEARED,NA,32.7,23.7,NA,35.5,24,NA,NA,NA,NA,JMH,NA,NA,NA
2010,S,115,61916,75856,922,750,923,3,1019,HATCH,1,32.8,23.8,NA,32.8,24.1,NA,32.5,23.8,NA,JMH,NA,NA,NA
2010,S,116,61763,76374,927,645,919,3,1007,UNKNOWN,NA,31.2,23.2,NA,31.1,23.6,NA,31.4,23.3,NA,JMH,NA,NA,NA
2010,S,117,61593,76531,927,915,929,3,1110,UNKNOWN,NA,30.5,23.2,NA,30.4,22.9,NA,31.9,23.3,NA,JMH,NA,NA,NA
2010,S,118,60375,76863,926,1025,NA,NA,NA,NA,NA,NA,NA,NA,NA,NA,NA,NA,NA,NA,JMH,NA,NA,NA
2010,S,119,61706,76361,1001,900,923,3,1018,UNKNOWN,NA,33.4,23.1,NA,32.8,23.3,NA,31.7,23.6,NA,JMH,NA,NA,NA
2010,S,120,60446,76683,1005,950,927,3,1011,FLOODED,0,34.5,23.6,NA,34,23,NA,32.4,23.5,NA,JMH,NA,BIG RAIN BY NOON,NA
2010,S,121,60147,77606,1005,NA,926,3,1014,HATCH,3,32,23.5,NA,32.6,23.3,NA,32,22.9,NA,JMH,NA,NA,NA
2010,S,122,60458,76577,1005,NA,1007,3,1011,FLOODED,0,33.6,23.4,NA,NA,NA,NA,NA,NA,NA,JMH,NA,BIG RAIN BY NOON,NA
2010,S,123,61080,75880,1007,1800,929,3,1023,UNKNOWN,NA,31.3,22.9,NA,31.5,22.7,NA,31.3,23.2,NA,JMH,NA,NA,NA
2010,S,124,61902,75880,1008,745,928,3,1020,HATCH,2,32.8,23.8,NA,32,23.6,NA,31.2,23.2,NA,JMH,NA,NA,NA
2010,S,125,61943,75901,1008,815,930,3,1026,HATCH,2,31.1,24.3,NA,31,23.7,NA,31.8,24.2,NA,JMH,NA,NA,NA
2010,S,126,61978,75804,1008,1200,1003,2,1026,HATCH,1,30.5,23.3,NA,31.2,23,NA,NA,NA,NA,JMH,NA,NA,NA
2010,S,127,61260,75781,1009,720,929,3,1015,HATCH,2,31.9,23.5,NA,33.8,23.7,NA,31,23.3,NA,JMH,NA,Same as Iwan's nest 33,NA
2010,S,128,60338,76931,1009,1300,NA,1?,1012,UNKNOWN,NA,32.6,23.2,NA,NA,NA,NA,NA,NA,NA,JMH,NA,NA,NA
2010,S,129,60325,76960,1009,1410,1010,3,1023,UNKNOWN,NA,31.6,23.7,NA,32.3,23.4,NA,31.6,23.1,NA,JMH,NA,NA,NA
2010,S,130,61303,75616,1010,700,1001,2,1020,HATCH,2,30.3,23.2,NA,30.2,23,NA,NA,NA,NA,JMH,NA,NA,NA
2010,S,131,61199,75974,1010,1330,1002,1,1017,HATCH,1,31.2,22.6,NA,NA,NA,NA,NA,NA,NA,JMH,NA,NA,NA
2010,S,132,60494,76358,1014,1130,919,3,1014,HATCH,3,32.3,23.1,NA,NA,NA,NA,NA,NA,NA,JMH,NA,NA,NA
2010,S,133,60855,76067,1016,1100,NA,?,NA,UNKNOWN,NA,NA,NA,NA,NA,NA,NA,NA,NA,NA,JMH,NA,NA,NA
2010,S,134,61857,76149,1026,1300,NA,3,1107,UNKNOWN,NA,32.9,23.3,NA,32.9,22.9,NA,32.4,23,NA,JMH,NA,NA,NA
2010,S,135,60495,76476,1025,1125,1024,3,1118,HATCH,1,32.4,23.5,NA,31.6,23.6,NA,32.1,24,NA,JMH,NA,NA,NA
2010,S,136,61559,76598,1102,1010,NA,2,1107,UNKNOWN,NA,31.3,23.1,NA,31.2,23.4,NA,NA,NA,NA,JMH,NA,NA,NA
2010,S,137,60467,76434,1103,1015,1104,3,1127,DISAPPEARED,0,31.5,23.6,NA,30.8,22.7,NA,31,23.9,NA,JMH,NA,"Eggs found out of the original nest scrape, on a new scrape. On 1127 big hole where eggs where seen before",NA
2010,S,138,61361,76784,1106,830,1025,2,1119,HATCH,2,33,23,NA,32.1,23.1,NA,NA,NA,NA,JMH,NA,NA,NA
2010,S,139,61262,76875,1106,850,1107,3,1115,PREDATED,0,32,23.3,NA,32.4,23.1,NA,31.1,23,NA,JMH,NA,NA,NA
2010,S,140,60241,77113,1110,1000,NA,3,1117,PREDATED,0,32.6,24.1,NA,32.1,24.2,NA,32.5,24.2,NA,JMH,NA,"Same nest scrape as S113, same pair",NA
2010,S,141,62030,75439,1111,1230,1105,3,1130,HATCH,1,31.3,23.6,NA,31.1,22.8,NA,31.3,22.9,NA,JMH,NA,NA,NA
2010,S,142,60474,76576,1112,830,1101,3,1126,HATCH,3,34.6,23.1,NA,34.3,23.5,NA,33.4,22.8,NA,JMH,NA,NA,NA
2010,S,143,60456,76614,1116,700,1110,3,1205,HATCH,2,30.9,23.1,NA,31.2,22.5,NA,33,22.5,NA,JMH,NA,Pair from S91,NA
2010,S,201,60134,77715,1006,850,928,2,1019,FAILED,0,31.7,23.5,D,30.6,23.6,D,NA,NA,NA,TS,NA,NA,NA
2010,S,202,60167,77670,1006,905,928,3,NA,NA,NA,31.9,33.6,D,32.8,23.9,D,32.4,23.9,D,TS,NA,NA,NA
2010,S,203,61140,77164,1009,1805,928,2,1017,Abandoned,0,31.8,23,F,28.6,22.5,F,NA,NA,NA,TS,NA,NA,NA
2010,S,204,61396,76666,1009,818,1004,3,1011,FAILED,0,31.1,23.9,C,31.8,23.7,C,31.2,23.4,B,TS,NA,NA,NA
2010,S,205,61480,76596,1009,830,928,3,1011,FAILED,0,30,22.8,F,31.6,23.7,F,31,23.7,F,TS,NA,NA,NA
2010,S,206,61031,77063,1009,1240,929,2,NA,NA,NA,30.7,23,E,31.8,22.5,D,NA,NA,NA,TS,NA,NA,NA
2010,S,207,61507,75979,1017,901,1016,1,NA,NA,NA,30.5,22.4,AB,NA,NA,NA,NA,NA,NA,TS,NA,NA,NA
2010,S,208,61507,75979,1017,930,1006,2,NA,NA,NA,30.6,24.1,F,31.3,23.6,F,NA,NA,NA,TS,NA,NA,NA
2010,S,209,61515,76008,1017,1050,NA,NA,NA,NA,1+,NA,NA,NA,NA,NA,NA,NA,NA,NA,TS,NA,1 EGG FOUND IN NEST HATCHING,NA
2010,S,210,61088,75789,1021,1130,1013,2,NA,NA,NA,31.9,22.3,D,32.2,27.7,C,NA,NA,NA,TS,NA,NA,NA
2010,S,211,61625,76484,1025,750,1024,3,1103,PREDATED,0,31.6,24,AB,32.1,23.8,AB,31.5,23.4,AB,"TS,JMH,IF",NA,NA,NA
2010,S,300,60843,77373,1025,1100,1014,2,1109,HATCH,2,34.2,23.8,F,33.6,23.9,F,NA,NA,NA,IF,NA,NA,NA
2010,S,301,61493,76621,1025,1130,1024,3,1106,Failed,NA,33.1,24.4,A,33.7,24.4,NA,33.7,24.3,NA,IF & JMH,NA,NA,NA
2010,S,302,61594,76506,1025,1200,1024,3,1106,Failed,NA,31.2,23.2,AB,31.4,22.7,AB,31.8,23.4,NA,IF & JMH,NA,NA,NA
2010,S,303,61680,76435,1025,1230,1024,2,1123,HATCH,2,34.1,23.4,A,33.4,23.4,NA,NA,NA,NA,IF & JMH,NA,NA,NA
2010,S,304,60959,75761,1026,1245,1015,3,1101,HATCH,2,30.9,23.7,F,32.3,23.5,F,31.3,23.7,F,IF & JMH,NA,NA,NA
2011,S,1,261425,1675744,925,1140,917,3,1017,HATCH,1,32.2,24,D,31.8,24,B,31.1,23.7,B,TS,NA,NA,NA
2011,S,2,261898,1675523,926,1600,915,2,1008,DISAPPEARED,0,33,23.7,F,32.2,23.6,D,NA,NA,NA,TS,NA,NA,NA
2011,S,3,260475,1676437,927,1700,922,2,1008,DISAPPEARED,0,31.75,23.75,C,31.2,23.1,B,NA,NA,NA,TS,NA,NA,NA
2011,S,4,260478,1676455,927,1705,916,3,1008,DISAPPEARED,0,30.3,22.9,F,30.05,23.3,F,30.85,23.6,F,TS,NA,NA,NA
2011,S,5,260146,1677606,1001,830,926,1,1007,DISAPPEARED,0,33.1,23.8,C,NA,NA,NA,NA,NA,NA,TS,NA,NA,NA
2011,S,6,261685,1675496,1010,1630,1002,3,1023,DISAPPEARED,0,32.2,23.9,D,33.8,24.3,D,32.9,24,D,TS,NA,NA,NA
2011,S,101,260687,1676030,919,1840,920,2,NA,927 eggs disappeared,0,34.11,23.85,AB,35.11,23.71,AB,NA,NA,NA,OV,NA,floated on 920,NA
2011,S,102,261773,1675604,925,1300,916,2,NA,did not hatch,0,34.5,26.9,F,34.1,26.8,D,NA,NA,NA,OV,NA,1004 E1 disappeare; 1015 E2 opened egg: final stage embryo (dead),NA
2011,S,103,261748,1675584,1011,755,1003,2,NA,1023 eggs disappeared,0,32.4,23.1,D,32.25,23.7,D,NA,NA,NA,OV,NA,NA,NA
2011,S,104,260140,1677581,1013,920,1008,2,NA,1024 eggs disappeared,0,33.2,23.7,B,33.3,23.5,D,NA,NA,NA,OV,NA,NA,NA
2011,S,200,260505,1676243,1103,755,1026,1,1110,1 egg abandoned,0,31.6,24.1,D,NA,NA,NA,NA,NA,NA,ED,NA,From Elisa's notebook,NA
2011,St. Antonio,101,273404,1691934,924,NA,NA,1,NA,NA,NA,NA,NA,NA,NA,NA,NA,NA,NA,NA,OV,NA,NA,NA
2012,S,1,60334,78429,914,920,908,3,918,predated,0,30.22,20.43,D,32.6,24.1,C,32.7,24.15,D,LV,NA,"TS = Tamas Székely, AG = Alex Gonçaves, L = Liesbeth Verlinden",NA
2012,S,2,61462,75625,1001,716,924,2,1024,HATCH,2,33.75,22.7,D,34,22.9,C,NA,NA,NA,LV,NA,NA,NA
2012,S,3,60321,76955,1001,949,1004,2,1027,HATCH,1,32.4,24.4,B,33.2,24.2,A,NA,NA,NA,LV,NA,NA,NA
2012,S,4,61204,75552,1001,1616,1004,3,NA,predated,0,31.6,23,AB,29.4,22.2,AB,30.45,22.15,AB,LV,NA,NA,NA
2012,S,5,61431,75661,1002,913,924,2,1005,DISAPPEARED,0,31,23.3,D,31.8,23.2,D,NA,NA,NA,LV,NA,NA,NA
2012,S,6,60175,77365,1002,1140,1005,2,1018,DISAPPEARED,0,33.3,22.3,A,34.5,22.4,A,NA,NA,NA,LV,NA,NA,NA
2012,S,7,62090,75658,1003,828,1002,3,1030,HATCH,3,31.1,21.9,A,30.6,21.4,AB,32.3,22.5,F,LV,NA,NA,NA
2012,S,8,61608,76586,1004,1139,1015,2,1109,DISAPPEARED,0,30.7,22.4,D,31.3,22.5,C,NA,NA,NA,LV,NA,1004: 2 eggs; 1011: 1 egg; 1022: 2 eggs => data based on last two eggs,NA
2012,S,9,61155,75576,1005,1041,1007,3,1102,HATCH,2,32.8,23.5,B,33,23.5,AB,32.75,23.6,B,LV,NA,1104: last egg abandoned,NA
2012,S,10,60242,76997,1005,1142,NA,1,1011,DISAPPEARED,0,32.7,22.9,NA,NA,NA,NA,NA,NA,NA,LV,NA,NA,NA
2012,S,11,61835,75520,1006,836,1005,3,1018,Abandoned,0,32.5,23.85,B,32.75,24.3,C,33.8,23.6,A,LV,NA,NA,NA
2012,S,12,61696,75554,1006,928,1005,2,1010,DISAPPEARED,0,30.7,23.45,B,31.65,23.5,AB,NA,NA,NA,LV,NA,NA,NA
2012,S,13,61689,75674,1006,1152,1005,2,1010,DISAPPEARED,0,32.8,23.2,AB,33.4,23.5,AB,NA,NA,NA,LV,NA,NA,NA
2012,S,14,60789,76151,1007,844,1006,2,1031,HATCH,2,33.5,23.6,A,31.9,23.6,AB,NA,NA,NA,LV,NA,camera,NA
2012,S,15,60579,76139,1009,947,1012,3,NA,DISAPPEARED,0,34.3,23.4,A,33.7,23.1,AB,33.7,23.2,C,LV,NA,NA,NA
2012,S,16,61562,75714,1010,919,NA,1,1015,DISAPPEARED,0,32.2,22.2,NA,NA,NA,NA,NA,NA,NA,LV,NA,NA,NA
2012,S,17,60772,76078,1011,1051,1012,2,1018,predated,0,32.5,23.3,B,33.8,23.7,AB,NA,NA,NA,LV,NA,NA,NA
2012,S,18,60710,76238,1011,1216,1010,2,1014,DISAPPEARED,0,31,23,A,31.7,22.9,B,NA,NA,NA,LV,NA,NA,NA
2012,S,19,61275,75795,1011,1235,1009,1,1018,DISAPPEARED,0,31.8,32.2,B,NA,NA,NA,NA,NA,NA,LV,NA,NA,NA
2012,S,20,61171,75585,1011,845,1016,3,1108,HATCH,2,31.8,22.8,NA,31.6,22.5,B,30.8,22.6,B,LV,NA,camera,NA
2012,S,21,60520,76469,1011,1115,1013,3,NA,DISAPPEARED,0,31.3,23.8,A,31.9,23.4,AB,30.8,23.2,C,LV,NA,NA,NA
2012,S,22,61865,76177,1012,944,1009,3,1103,HATCH,2,34.8,23,BC,33.1,23.1,B,33.7,23.1,B,LV,NA,NA,NA
2012,S,23,60581,76326,1014,929,1009,2,1020,DISAPPEARED,0,33.1,23.8,C,32.4,23.4,C,NA,NA,NA,LV,NA,NA,NA
2012,S,24,60453,76631,1014,1043,NA,1,1017,DISAPPEARED,0,33.75,23.75,NA,NA,NA,NA,NA,NA,NA,LV,NA,NA,NA
2012,S,25,60638,76262,1015,1145,1014,2,1021,DISAPPEARED,0,32.9,24.2,A,31.3,23.6,AB,NA,NA,NA,LV,NA,NA,NA
2012,S,26,61319,75746,1016,1554,1013,2,1103,predated,0,33.1,22.9,C,32.8,23,AB,NA,NA,NA,LV,NA,NA,NA
2012,S,27,61946,75926,1017,1145,1012,1,1112,died,0,33.6,24.1,C,NA,NA,NA,NA,NA,NA,LV,NA,"1111: egg with opening, incubated, beeping; 1112: chick dead in egg",NA
2012,S,28,61642,76473,1017,1215,NA,1,1022,predated,0,33.7,24,NA,NA,NA,NA,NA,NA,NA,LV,NA,NA,NA
2012,S,29,60415,76691,1017,1224,1016,2,1027,DISAPPEARED,0,33.7,23.3,AB,33,23.8,AB,NA,NA,NA,LV,NA,NA,NA
2012,S,30,61624,76553,1019,902,1011,1,1101,DISAPPEARED,0,30.2,22.4,D,NA,NA,NA,NA,NA,NA,LV,NA,camera (long-term),NA
2012,S,31,61014,75993,1020,947,1021,3,1115,HATCH,3,33.1,24.6,B,32.7,25,C,32.5,24.1,D,LV,NA,NA,NA
2012,S,32,60943,76033,1021,1653,1018,3,1025,Abandoned,0,33.6,23.7,B,34.2,23.6,AB,35.3,23.4,C,LV,NA,NA,NA
2012,S,33,61424,75419,1022,1628,1022,2,1026,DISAPPEARED,0,31.4,22.2,AB,31.5,22.5,C,NA,NA,NA,LV,NA,NA,NA
2012,S,34,61537,76607,1023,852,1023,3,1027,DISAPPEARED,0,34,23.7,B,32.9,23,B,34.2,23,AB,LV,NA,NA,NA
2012,S,35,60791,77536,1023,1042,1016,3,NA,Abandoned,0,31.8,22.8,D,30.5,22.5,D,31.35,22.6,D,LV,NA,"camera; 1101: start check beep, 1116: still 3 eggs; 1127: both parents feeding at other side Salina",NA
2012,S,36,60887,75996,1024,940,1017,3,1109,HATCH,3,33.4,23.4,CD,32.7,22.9,D,32.9,23.2,D,LV,NA,NA,NA
2012,S,37,60974,76017,1025,1131,1026,3,1110,DISAPPEARED,0,31.8,23.7,C,30.4,23.1,D,33.1,24,B,LV,NA,NA,NA
2012,S,38,60727,76215,1027,1032,1026,3,NA,NA,0,31.9,23,B,31.6,23.1,AB,32.7,23,NA,LV,NA,NA,NA
2012,S,39,60522,76327,1027,1107,1028,2,1106,DISAPPEARED,0,32.5,23.6,B,32.8,23.7,B,NA,NA,NA,LV,NA,NA,NA
2012,S,40,60597,76252,1027,1156,1025,3,1111,DISAPPEARED,0,32.3,23.8,AB,31.6,23.9,B,31.1,24,B,LV,NA,NA,NA
2012,S,41,61458,76658,1028,859,NA,1,1102,DISAPPEARED,0,32.9,23.5,NA,NA,NA,NA,NA,NA,NA,LV,NA,NA,NA
2012,S,42,60705,77716,1028,938,1021,3,1111,HATCH,2,32.5,26.2,D,31.5,23.3,D,32.2,23.6,D,LV,NA,NA,NA
2012,S,43,60807,78107,1029,1212,1018,3,1104,DISAPPEARED,0,30.8,23.8,F,29.5,23.7,D,30.9,23.8,F,LV,NA,NA,NA
2012,S,44,61026,75893,1030,1106,1022,3,1115,HATCH,3,33.1,23.2,D,33.3,22.7,D,33.3,23.3,D,LV,NA,NA,NA
2012,S,45,60741,76175,1031,911,1026,2,1108,DISAPPEARED,0,34.7,23.4,C,34.2,23,C,NA,NA,NA,LV,NA,NA,NA
2012,S,46,60821,76101,1102,1046,1102,1,1109,DISAPPEARED,0,33,23.4,A,NA,NA,NA,NA,NA,NA,LV,NA,NA,NA
2012,S,47,60748,76031,1102,1132,1030,3,1106,DISAPPEARED,0,33.4,23.2,C,32.9,23.3,C,32.5,23,B,LV,NA,NA,NA
2012,S,48,60379,76848,1103,1201,1030,3,1111,DISAPPEARED,0,32.2,23.4,C,32,23.7,C,32,23.6,C,LV,NA,NA,NA
2012,S,49,61007,75759,1108,1027,1105,3,1130,DISAPPEARED,0,33.2,24,BC,32.5,23.5,A,32.1,24.3,C,LV,NA,1130: last egg deserted,NA
2012,S,50,60162,77537,1113,1212,1101,2,1123,HATCH,2,31.5,22.3,F,31.5,22.3,F,NA,NA,NA,LV,NA,camera,NA
2012,S,51,61081,75917,1114,1712,1109,3,NA,NA,NA,32.75,24.3,C,31.7,24.2,C,32.6,23.7,C,LV,NA,NA,NA
2012,S,52,61192,75656,1117,1702,1106,3,1123,DISAPPEARED,0,31.4,23.3,F,31.5,23.2,F,31.3,23.1,F,LV,NA,NA,NA
2012,S,53,61192,75806,1118,1711,1111,1,1122,Abandoned,0,30.9,23.2,CD,NA,NA,NA,NA,NA,NA,NA,NA,NA,NA
2012,S,101,61292,75684,922,950,924,3,1009,DISAPPEARED,0,30.9,22.3,NA,32,22.9,NA,31.6,22.7,NA,TS,NA,NA,NA
2012,S,102,61798,75992,924,730,1025,2,1012,Abandoned,0,32,23.2,NA,31.8,23.1,NA,NA,NA,NA,TS,NA,NA,"Laying date was captured as 1025 but on the found_date the eggs were cold and eggs were not floated, laying date could not have been calculated (CCI changed laying date to NA in 2015)"
2012,S,103,61543,76038,924,830,NA,2,927,DISAPPEARED,2,32.5,23.2,NA,33.6,23.5,NA,NA,NA,NA,TS,NA,NA,NA
2012,S,104,60496,76228,1006,1007,1009,3,1016,DISAPPEARED,0,31.4,23.8,NA,32.4,23.7,NA,32.4,24.1,NA,TS,NA,NA,NA
2012,S,105,61088,75580,1006,1052,1008,3,1031,HATCH,3,32.9,24,B,31.9,23.6,B,32.5,23.4,NA,TS,NA,NA,NA
2012,S,106,60536,76352,1008,820,1012,2,1108,DISAPPEARED,0,30.3,23.3,NA,31.1,23.3,NA,NA,NA,NA,TS,NA,NA,NA
2012,S,107,61120,75951,1008,1020,1010,3,1016,Abandoned,0,33,24.3,NA,33.3,23.8,NA,32.8,23.8,NA,TS,NA,NA,NA
2012,S,108,61967,75809,1008,940,1010,2,NA,Abandoned,0,33.9,24,NA,33.2,23.8,NA,NA,NA,NA,TS,NA,NA,NA
2012,S,109,60574,76218,1013,1110,1009,3,1103,HATCH,3,31.6,23.6,C,32.6,23.6,B,31.3,23.2,B,TS,NA,camera,NA
2012,S,110,61115,75966,1015,1015,1017,2,1109,HATCH,1,32.8,22.4,B,33.1,22.5,D,NA,NA,NA,TS,NA,NA,NA
2012,S,111,60894,75828,1019,820,1020,3,1118,HATCH,2,31.5,22.8,CD,31,22.4,C,31.9,23,B,TS,NA,last egg deserted,NA
2012,S,112,61379,77046,1019,1025,1013,2,1026,DISAPPEARED,0,33.2,23.4,F,33.2,24.3,B,NA,NA,NA,TS,NA,NA,NA
2012,S,113,60849,76083,1021,1045,1021,3,1108,DISAPPEARED,0,31.5,23.6,NA,30.7,23.9,C,31.3,23.3,B,TS,NA,NA,NA
2012,S,114,61104,75892,1021,1120,1017,3,1113,HATCH,1,31.9,24,C,33.4,24.1,C,32.2,23.9,B,TS,NA,NA,NA
2012,S,115,61237,75796,1021,1150,1022,2,1029,DISAPPEARED,0,31.3,23.4,C,31.9,23.7,B,NA,NA,NA,TS,NA,NA,NA
2012,S,201,61805,75858,1006,855,1012,3,NA,DISAPPEARED,0,31.3,21.9,A,32.1,22.3,B,33.8,24.1,A,AT,NA,NA,NA
2012,S,202,61498,75475,1006,1105,1006,3,1015,DISAPPEARED,0,29.1,21.6,C,28.8,21,C,28.5,21,C,AT,NA,NA,NA
2012,S,203,61516,75980,1006,1130,NA,1,1011,DISAPPEARED,0,33.6,23.6,NA,NA,NA,NA,NA,NA,NA,AT,NA,NA,NA
2012,S,204,61534,75854,1006,1150,NA,1,1011,DISAPPEARED,0,32.9,23.4,NA,NA,NA,NA,NA,NA,NA,AT,NA,NA,NA
2012,S,205,61600,75881,1006,1205,NA,1,1011,DISAPPEARED,0,34,23.1,NA,NA,NA,NA,NA,NA,NA,AT,NA,NA,NA
2012,S,206,61694,76016,1011,806,1014,2,NA,DISAPPEARED,0,28.3,20.1,AB,28.5,20.2,A,NA,NA,NA,AT,NA,NA,NA
2012,S,207,61552,75810,1011,900,1011,1,1015,DISAPPEARED,0,31.4,20,A,NA,NA,NA,NA,NA,NA,AT,NA,NA,NA
2012,S,208,61938,75840,1015,1305,1015,1,1017,DISAPPEARED,0,31.1,21.1,A,NA,NA,NA,NA,NA,NA,AT,NA,NA,NA
2012,S,209,61939,75870,1017,1100,1017,3,NA,NA,NA,28.3,19.8,A,30.3,23,NA,NA,NA,NA,AT,NA,NA,NA
2012,S,210,61817,75438,1017,1710,1010,3,1105,HATCH,1,30,21.1,D,31.4,21,D,31.5,21,D,AT,NA,NA,NA
2012,S,211,61816,75423,1019,825,1008,3,1025,HATCH,1,33.6,24,F,33.5,23.7,F,33.4,24,F,AT,NA,NA,"typo found in end_date, was 1125 but notes were checked (CCI 2015) "
2012,S,212,61563,76596,1020,1010,1025,3,NA,predated,0,32,22.8,A,32.7,23.5,B,32.3,23.3,A,AT,NA,camera,NA
2012,S,213,61955,75862,1020,1205,1024,3,1112,HATCH,1,32.6,22.9,A,32,23.2,A,33,23.3,AB,AT,NA,NA,NA
2012,S,214,60598,76129,1022,830,1015,3,1104,HATCH,1,31.5,22.8,C,31.9,22.6,D,30.8,23,D,AT,NA,NA,NA
2012,S,215,61907,75785,1026,808,1022,3,NA,DISAPPEARED,0,33.4,24.6,D,32.9,24.3,C,33,24.3,AB,AT,NA,NA,NA
2012,S,216,60477,76413,1107,654,1101,3,NA,DISAPPEARED,0,32,24,C,31.5,23.6,D,31.8,23.9,C,AT,NA,NA,NA
2012,S,217,60639,76088,1107,854,1101,3,NA,DISAPPEARED,0,31.3,22.7,C,30.8,22.8,C,31.1,23.1,D,AT,NA,NA,NA
2013,M,1,60667,81435,921,1315,910,3,923,HATCH,2,31.7,22.9,F,31.3,23.1,F,32.3,23.1,F,CCI,NA,NA,NA
2013,M,2,60514,79519,929,NA,921,3,1014,Unknown,0,33,23.2,D,33.2,23.1,D,32.7,22.5,D,CCI,NA,"Parents of this nest were seen with a new brood (M-2), so this nest failed at some point.",NA
2013,R,1,61735,76421,919,1115,917,3,1017,HATCH,2,31.5,23.2,B,31.5,22.8,B,31.6,22.5,A,CCI,NA,NA,NA
2013,R,2,60609,78338,1004,950,926,3,1026,HATCH,2,31.8,23.2,D,32.9,23.7,AB,32.5,23.4,B,CCI,NA,Last egg did not hatch,NA
2013,R,3,61065,77068,1004,1050,NA,3,1009,Abandoned,0,33,23.1,NA,33.4,23.4,NA,33,22.6,NA,CCI,NA,"2 eggs when found on the 1004, on the 1008 there were 3 eggs",NA
2013,R,4,61805,76268,1008,825,930,3,1026,HATCH,1,30.9,22.7,D,33.5,21.9,D,31.4,22.2,D,CCI,NA,"1023 3 eggs/1 pipping, 1024 2 eggs/1 pipping but no chick around, 1026 1 egg and 1 chick, 1027 (edinho) did not check nest, another chick could have hatched",NA
2013,R,5,60665,78211,1009,1130,929,2,1021,DISAPPEARED,2,33.6,22.7,E,32.6,22.5,E,NA,NA,NA,CCI,NA,NA,NA
2013,R,201,61593,76571,923,1712,918,3,930,DISAPPEARED,0,30,21.7,C,30.2,22.5,C,31,22.8,B,E,NA,NA,NA
2013,R,202,61540,76605,924,946,923,3,1015,Unkown,0,34.3,23,A,33.6,23.4,AB,32.8,22.5,AB,E,NA,The eggs were pipping on the 1014 (20th day of incubation) but on the 1015 no eggs nor chicks were found.,NA
2013,R,203,61327,76799,924,1034,923,3,1019,DISAPPEARED,0,32.3,23.2,AB,32.5,23.4,A,32.6,24,AB,E,NA,FEMALE UNRINGED,NA
2013,R,204,61177,76998,924,1100,922,3,1018,DISAPPEARED,0,33.6,23,AB,32.4,23.2,A,33.3,23.2,B,E,NA,NA,NA
2013,R,205,60728,77499,924,1126,NA,1,930,DISAPPEARED,0,NA,NA,NA,NA,NA,NA,NA,NA,NA,E,NA,"THE EGG DISAPPEARED, it was not measured because clutch was incomplete",NA
2013,R,206,60666,77637,924,1138,919,3,1008,DISAPPEARED,0,31.6,23.3,C,31.3,23.4,AB,31.5,23.4,AB,E,NA,NA,NA
2013,R,207,60650,77658,924,1140,916,3,1017,DISAPPEARED,0,33.3,23.6,C,32.1,23.3,D,32.3,23.3,C,E,NA,"Adults AROUND THE NEST, NOT CALLING,NO CHICKS SEEN",NA
2013,R,208,61002,77136,1001,1037,929,3,1102,DISAPPEARED,0,33.3,23.3,A,33.3,22.9,B,33.4,22.8,A,E,NA,NA,NA
2013,R,209,60746,77455,1001,1134,926,3,1023,HATCH,3,32.2,23.6,B,33.4,23.5,C,32.4,23.3,B,E,NA,NA,NA
2013,R,210,61959,75804,1002,721,922,3,1012,HATCH,1,34.5,23.4,E,33,23,D,32.5,23.1,D,E,NA,NA,NA
2013,R,211,61051,77138,1004,1130,926,3,1015,DISAPPEARED,0,31.9,22.7,D,32.1,22.7,B,32,22.7,D,E,NA,EGGS NOT IN THE NEST AND NO CHICKS,NA
2013,R,212,61890,76121,1007,1147,926,3,1026,HATCH,3,32.5,23.9,F,33.2,24,C,32.5,23.8,C,E,NA,NA,NA
2013,R,213,61848,76161,1007,1221,927,3,1026,HATCH,3,33.5,22.8,E,32.7,22.6,E,32.8,23.1,E,E,NA,"ONE CHICK was not found, three chicks hatched but nest was not checked on the 1027 after na egg was pipping on the 1026, third chick was found in the salina part on the 1028",NA
2013,R,214,61863,76161,1007,1241,929,3,1019,DISAPPEARED,0,32.9,23,D,34.8,23.2,D,33.1,22.6,C,E,NA,NA,NA
2013,R,215,61863,76161,1008,822,930,3,1029,DISAPPEARED,0,32.8,23,D,31.3,22.9,D,31.7,23,D,E,NA,NA,NA
2013,R,216,61893,75895,1008,1105,1001,2,1106,DISAPPEARED,0,32.8,23.4,E,33.2,23.6,E,NA,NA,NA,E,1011,Eggs floated on 1011,NA
2013,R,217,61924,75941,1018,834,1010,2,1107,HATCH,2,33.3,22.2,D,31.5,22,C,NA,NA,NA,E,NA,NA,NA
2013,R,218,61466,76648,1019,1034,1009,3,1027,HATCH,3,35.3,26.7,E,35.8,26.7,D,35.2,26.2,E,E,NA,NA,NA
2013,R,219,60984,77177,1019,1143,1018,2,1128,Abandoned,0,34.1,26.6,AB,34.1,26.4,A,NA,NA,NA,E,NA,NA,NA
2013,R,220,60791,77397,1019,1205,1011,2,1116,DISAPPEARED,0,33.1,22.2,AB,33.4,23.3,D,NA,NA,NA,E,NA,NA,NA
2013,R,221,61781,76225,1022,1029,1021,2,1123,Abandoned,0,31.7,22.6,A,30.5,22.9,AB,NA,NA,NA,E,NA,NA,NA
2013,R,222,61946,75857,1023,817,1018,3,1111,HATCH,3,33.7,23.8,C,34.2,23.4,B,32.4,23.3,C,E,NA,NA,NA
2013,R,223,61718,76271,1023,1012,1012,3,1103,DISAPPEARED,0,33.4,22.8,D,33.3,22.7,F,32,22.3,D,E,NA, MALE UNKNOWN,NA
2013,R,224,61919,75626,1027,843,1017,3,1109,HATCH,1,33.1,23.6,E,33,23.4,E,33,23.2,D,E,NA,2 EGGS DISAPPEARED AND FAMILY was not THERE,NA
2013,R,225,61496,76600,1028,1155,1017,3,1114,HATCH,1,32.5,23,D,32.2,22.7,F,32.4,23.4,E,E,NA,"1113 2 eggs/1 pipping, 1 chick ringed; 1114 no eggs nor chicks found",NA
2013,R,226,61932,75909,1030,715,1019,3,1105,HATCH,3,31.8,24,F,31.9,24.3,F,31.5,24,F,E,NA,NA,NA
2013,R,227,60940,77275,1104,1059,1024,3,1117,HATCH,2,34.2,22.6,F,33.4,23.3,E,33.3,23.5,F,E,NA,ONE EGG ABANDONED ON THE NEST,NA
2013,R,228,61606,76602,1105,1107,1025,3,1105,HATCH,3,NA,NA,NA,NA,NA,NA,33.3,32.2,F,E,NA,I FOUND TWO CHICK AND ONE EGG IN THE NEST,NA
2013,S,1,60153,77448,912,1705,NA,1,917,DISAPPEARED,0,NA,NA,NA,NA,NA,NA,NA,NA,NA,TS,NA,NA,NA
2013,S,2,61394,75609,914,800,906,3,918,DISAPPEARED,0,32.8,22.5,C,33,22.7,D,33.2,21.9,C,TS,NA,NA,NA
2013,S,3,60524,76109,914,945,909,3,1005,HATCH,2,30.5,21.9,B,31.7,23.5,C,30.6,22.8,B,CCI,NA,NA,NA
2013,S,4,60606,76259,914,935,903,2,918,"Unknown/probably hatched, check brood S-2",NA,31.7,23.3,F,32,23.5,F,NA,NA,NA,CCI,NA,"chicks could have hatched, eggs were floating when found and brood S-2 had the same parents as this nest, the chick from s-2 was found around the date of hatching for this nest",NA
2013,S,5,61417,75602,915,736,913,3,918,DISAPPEARED,0,30.6,22,B,30.7,22.9,B,31.3,23.2,B,CCI,NA,NA,NA
2013,S,6,61209,75841,915,1120,913,3,922,DISAPPEARED,0,33.2,23.4,B,31.9,23.8,NA,33.6,23.7,NA,CCI,NA,NA,NA
2013,S,7,61134,75966,915,820,NA,1,922,DISAPPEARED,0,NA,NA,NA,NA,NA,NA,NA,NA,NA,CCI,NA,NA,NA
2013,S,8,60739,76214,915,1150,913,3,919,Eggs crushed,0,32.6,22,B,34.2,22.2,B,33.8,22.8,AB,CCI,NA,NA,NA
2013,S,9,61168,75878,917,720,NA,1,922,DISAPPEARED,0,NA,NA,NA,NA,NA,NA,NA,NA,NA,CCI,NA,NA,NA
2013,S,10,61319,75649,917,1035,NA,1,922,DISAPPEARED,0,NA,NA,NA,NA,NA,NA,NA,NA,NA,CCI,NA,NA,NA
2013,S,11,60837,75846,917,1100,NA,1,922,DISAPPEARED,0,NA,NA,NA,NA,NA,NA,NA,NA,NA,CCI,NA,NA,NA
2013,S,12,61245,75751,917,1130,915,2,1003,DISAPPEARED,0,36.4,23.5,B,35.1,23.5,AB,NA,NA,NA,CCI,NA,NA,NA
2013,S,13,60429,76612,917,1630,912,3,1009,DISAPPEARED,0,33.8,23.3,C,33.1,23.1,B,34,23.1,AB,CCI,NA,NA,NA
2013,S,14,60542,76402,918,1130,910,2,1005,DISAPPEARED,0,32.3,22.5,C,31.5,23,D,NA,NA,NA,CCI,NA,NA,NA
2013,S,15,62088,75659,918,1740,913,3,1010,HATCH,1,31.5,22.8,B,31.9,23.4,C,32.2,23.6,C,CCI,NA,NA,NA
2013,S,16,60959,75918,919,900,911,2,1015,HATCH,2,31.5,23.3,D,31.6,23.4,D,NA,NA,NA,CCI,NA,NA,NA
2013,S,17,60292,76976,920,900,918,3,930,DISAPPEARED,0,31.7,23.7,B,31.9,24,B,31.3,24.5,B,CCI,NA,NA,NA
2013,S,18,60956,75982,923,920,NA,1,930,DISAPPEARED,0,NA,NA,NA,NA,NA,NA,NA,NA,NA,CCI,NA,NA,NA
2013,S,19,61048,75761,925,1815,NA,1,1001,DISAPPEARED,0,NA,NA,NA,NA,NA,NA,NA,NA,NA,CCI,NA,NA,NA
2013,S,20,60249,77152,926,705,NA,2,930,DISAPPEARED,0,NA,NA,NA,NA,NA,NA,NA,NA,NA,CCI,NA,NA,NA
2013,S,21,60554,76388,927,948,NA,1,930,DISAPPEARED,0,NA,NA,NA,NA,NA,NA,NA,NA,NA,CCI,NA,NA,NA
2013,S,22,60510,75956,927,1136,922,2,1021,HATCH,1,30.9,23.1,C,31,22.9,C,NA,NA,NA,CCI,NA,"1021 1 chick/ 1 egg pipping, 1022 1 egg pipping/parents around no chick seen, 1023 0 eggs/2nd chick not found, 1024 no eggs, no chicks, parents around fighting with no chicks",NA
2013,S,23,60076,77669,929,NA,NA,3,1001,DISAPPEARED,0,NA,NA,NA,NA,NA,NA,NA,NA,NA,TS,NA,NA,checked notes to find clutch_size (CCI 2015)
2013,S,24,61064,75947,1001,1520,923,3,1013,DISAPPEARED,0,32.6,23.5,D,33,23.3,D,31.9,23.5,D,CCI,NA,NA,NA
2013,S,25,60218,77087,1002,1100,NA,3,1007,DISAPPEARED,0,NA,NA,NA,NA,NA,NA,NA,NA,NA,CCI,NA,Eggs not measured because ravens were around,NA
2013,S,26,60971,76045,1004,900,926,2,1029,HATCH,1,31.3,22.6,B,32,23.5,D,NA,NA,NA,CCI,NA,NA,NA
2013,S,27,60779,76172,1006,1240,928,2,1102,HATCH,1,33.5,22.5,D,34.4,22.7,D,NA,NA,NA,CCI,NA,NA,NA
2013,S,28,60936,75806,1007,720,1002,3,1027,HATCH,2,33.1,23.1,C,33.2,23.6,C,32.4,22.9,B,CCI,NA,"1024 3 eggs, 1026 2 eggs/1 pipping one egg disappeared, no chick around",NA
2013,S,29,61404,75466,1012,730,NA,2,1014,Eggs crushed,0,NA,NA,NA,NA,NA,NA,NA,NA,NA,CCI,NA,NA,NA
2013,S,30,61131,75965,1012,900,1004,3,1029,DISAPPEARED,0,32,23.4,B,31.9,24.1,D,32.6,23.2,D,CCI,NA,NA,NA
2013,S,31,60134,77664,1012,1131,1004,2,1105,Eggs liquid,0,32.4,23.3,D,31.6,23,D,NA,NA,NA,CCI,NA,NA,NA
2013,S,32,60535,76165,1013,1620,1011,3,1024,DISAPPEARED,0,30.6,23,B,30.4,22,A,30.6,22.6,AB,CCI,NA,NA,NA
2013,S,33,60484,76584,1014,745,1006,3,1023,DISAPPEARED,0,30.6,23.4,D,30.2,23.5,D,30.7,23.3,C,CCI,NA,NA,NA
2013,S,34,60535,76414,1017,1041,1012,2,1106,DISAPPEARED,0,31.8,22.7,C,31.4,22.7,C,NA,NA,NA,CCI,NA,NA,NA
2013,S,35,60584,76370,1017,1705,1015,3,1029,DISAPPEARED,0,31.2,23.4,B,30.2,23.6,AB,31.5,22.7,B,CCI,NA,NA,NA
2013,S,36,60420,76816,1020,1220,NA,1,1021,DISAPPEARED,0,NA,NA,NA,NA,NA,NA,NA,NA,NA,CCI,NA,Courtship behaviour of pair,NA
2013,S,37,60567,76275,1021,912,1010,2,1110,HATCH,2,32.3,23.1,F,32.2,23.4,F,NA,NA,NA,CCI,NA,NA,NA
2013,S,38,61343,75736,1021,1030,1013,1,1117,HATCH,1,32.2,22.3,D,NA,NA,NA,NA,NA,NA,CCI,NA,Courtship behaviour of pair,NA
2013,S,39,60416,76818,1023,1045,NA,1,1029,DISAPPEARED,0,NA,NA,NA,NA,NA,NA,NA,NA,NA,CCI,NA,NA,NA
2013,S,40,61604,75503,1024,955,1016,2,1116,DISAPPEARED,0,29.3,22.5,C,29.4,21.2,D,NA,NA,NA,CCI,NA,NA,NA
2013,S,41,60267,78366,1026,1235,1018,3,1102,DISAPPEARED,0,33.4,22.9,D,32.2,23.1,D,32,23.1,D,CCI,NA,NA,NA
2013,S,42,61128,75953,1109,945,1029,2,1117,HATCH,1,32.2,22.8,F,31.3,22.3,E,NA,NA,NA,CCI,NA,NA,NA
2013,S,101,60693,75973,923,956,NA,1,1002,DISAPPEARED,0,NA,NA,NA,NA,NA,NA,NA,NA,NA,AT,NA,NA,NA
2013,S,102,60737,75975,923,1025,NA,2,1018,HATCH,1,32,23.3,NA,32.9,23.4,NA,NA,NA,NA,AT,NA,The eggs were not floated,NA
2013,S,103,61134,75602,923,1645,830,2,924,HATCH,2,NA,NA,pipping,NA,NA,pipping,NA,NA,NA,AT,NA,2 eggs pipping when nest was found,NA
2013,S,104,61151,75734,924,1545,924,3,1001,DISAPPEARED,0,33.6,23.2,AB,34.8,23.6,AB,33.6,23.9,A,AT,925,Eggs floated on 925,NA
2013,S,105,60938,76040,924,1812,916,2,1017,HATCH,1,34.9,23.8,C,34.6,23.7,D,NA,NA,NA,AT,NA,"1017 only 1 egg pipping in the morning, in afternoon no egg, chick was not found until the 1022",NA
2013,S,106,61135,75771,925,1632,923,3,1001,DISAPPEARED,0,33,23,AB,32.8,23.2,B,32.1,22.6,B,AT,NA,NA,NA
2013,S,107,61297,75634,925,1035,1001,3,1017,DISAPPEARED,0,34.1,22.5,AB,33.3,23,A,34.4,23.1,AB,AT,1002,Eggs floated 1002,NA
2013,S,108,60613,75945,926,942,921,3,1003,DISAPPEARED,0,32.2,22.9,C,31.1,22.4,B,32.4,22.7,C,AT,NA,NA,NA
2013,S,109,60480,76531,926,1631,NA,2,1001,DISAPPEARED,0,NA,NA,NA,NA,NA,NA,NA,NA,NA,AT,NA,NA,NA
2013,S,110,61290,75752,927,912,922,3,1003,DISAPPEARED,0,32.4,23.1,C,31.3,23.4,C,32,23.4,C,AT,NA,NA,NA
2013,S,111,61409,75398,1004,959,926,3,1022,Unknown,NA,29.4,21.8,D,30.7,22.3,D,30.1,22.9,D,AT,NA,"Problably hacthed but we never saw the chicks and parents. 1018 3 eggs were pipping, nest was checked again until 1022 no eggs found, no parents nor chicks around",NA
2013,S,112,61180,757117,1007,1108,1011,3,1026,Unknown,NA,34.1,23.4,F,35,23.9,F,34.2,23,F,AT,1022,"Eggs floated on 1022, clutch was completed on the 1009, so incubation must have started between 1007 and 1009. The 20th day of incubation was on the 1021, nest was checked on the 1022 there were 3 eggs pipping, but then it was not checked until 1026 no eggs nor chicks found.",NA
2013,S,113,60770,75953,1008,1041,1008,3,1016,Unknown,NA,31.7,23.7,D,31.3,23.2,D,30.6,23.3,D,AT,1016,"Eggs floated on 1016, 20th day of incubation was on the 1028 Alex did not visit nest after the 1016",NA
2013,S,114,60796,75870,1008,1137,1005,3,1018,DISAPPEARED,0,32.3,24.4,F,33.3,24.2,D,33.1,23.7,C,AT,1016,"Eggs floated on 1016, eggs could have been trampled by a cow",NA
2013,S,115,60702,76012,1009,813,1004,3,1028,HATCH,1,32.2,23.8,C,34.5,23.8,C,34.4,23.7,AB,AT,NA,"Maybe more chicks hatched but we couldn't find them. Nest was checked for pipping 1026, 3 eggs not pipping. 1027 one chick found and 2 eggs pipping, 1028 0 eggs and 0 chicks found.",NA
2013,S,116,61702,75446,1017,1143,1009,3,1030,HATCH,3,33.4,22.9,D,34,22.7,D,32.2,22.7,D,AT,NA,NA,NA
2013,S,117,61854,75403,1019,1112,1011,3,1113,HATCH,3,32.6,23.1,D,32.3,23,C,33.8,23,AB,AT,NA,NA,NA
2013,S,118,61048,75829,1021,1122,1013,3,1031,HATCH,2,32,23.2,D,32,23.6,D,32.5,23.7,D,AT,NA,NA,NA
2013,S,119,61186,75650,1022,1057,1011,3,1031,Unknown,NA,31.1,22.9,D,31.6,23.1,F,31.6,23,E,AT,NA,"20th day of incubation was on the 1027, on that day eggs were not pipping but then this nest was visited again until 1031 and no eggs were found",NA
2013,S,120,61718,75854,1108,1625,NA,3,1108,HATCH,3,NA,NA,NA,NA,NA,NA,NA,NA,NA,AT,NA,2 chicks and 1 egg on the nest when it was found (nest in the islets),NA
2013,S,121,60209,77318,1113,1010,NA,1,1114,HATCH,1,NA,NA,NA,NA,NA,NA,NA,NA,NA,AT,NA,chick was almost hatched when it was found,NA
2013,S,201,61113,75900,924,1816,919,3,925,DISAPPEARED,0,31.6,22.9,C,32.7,22.5,B,31,22.5,C,E,NA,NA,NA
2013,S,202,60183,77440,925,1713,923,3,1001,DISAPPEARED,0,32.8,22.1,B,32.9,22,AB,33,21.9,B,E,NA,NA,NA
2013,S,203,60380,78289,927,1128,NA,1,1004,DISAPPEARED,0,NA,NA,NA,NA,NA,NA,NA,NA,NA,E,NA,NA,NA
2013,S,204,60262,77130,1008,1611,1011,2,1031,HATCH,1,33.2,24.2,F,32.6,24.1,NA,NA,NA,NA,E,1022,"Eggs were measured on the founddate but not floated. Only one egg found on 1022 and floated, did not register which egg it was.",NA
2013,S,205,60191,77372,1008,1639,930,3,1105,Unknown,0,32.1,20.7,D,33.3,22.2,C,32,22.3,C,E,NA,Eggs measured and floated 1014. Eggs were pipping and no chicks were found the day after.,NA
2013,S,206,60160,77540,1008,1713,1012,3,1109,HATCH,2,30.5,21.7,C,29.6,22,B,30.4,21.8,B,E,1017,NA,NA
2014,C,301,61951,84352,1022,810,1011,1,1022,Unknown,NA,31.9,22.5,F,NA,NA,NA,NA,NA,NA,KL,NA,"1022 - KL had a note saying chick hatched on 1022, however no chick was ringed",NA
2014,C,302,61972,84315,1022,913,1011,2,1022,Disappeared,NA,31.7,22.6,D,32.4,22.3,F,NA,NA,NA,KL,NA,came back on 10.24.14 and found the nest empty,NA
2014,M,1,60218,78159,404,856,324,3,419,HATCH,3,31.5,21.8,F,30.9,22.8,F,29.9,22,F,AT,NA,NA,NA
2014,M,301,60405,80561,1029,910,1018,3,1029,Unknown,NA,32.1,23.1,F,32.5,23.1,F,32.1,22.6,F,KL,NA,*Nest was not checked for a week and when i went back there was no eggs and didn' t see the chicks ,NA
2014,R,1,60940,77182,911,1605,917,2,1001,Abandoned,0,31.6,22.4,D,NA,NA,NA,NA,NA,NA,CCI,925,NA,NA
2014,R,2,61516,76592,925,1605,917,2,1014,HATCH,1,32.5,22.7,C,31.6,22.4,D,NA,NA,NA,CCI,NA,1021- unhatched egg was broken to see contents and it was undeveloped,NA
2014,R,3,61939,75934,926,742,921,2,1128,Infertile,0,32.6,23.7,C,32.2,23.9,B,NA,NA,NA,CCI,NA,"One egg disappeared on 1008, adults kept incubating remaining egg until 1111",NA
2014,R,4,61604,76542,929,830,921,2,1010,HATCH,2,29.9,22.7,D,29.9,22.7,D,NA,NA,NA,CCI,NA,NA,NA
2014,R,5,61417,76710,1022,1736,1020,2,1115,HATCH,1,33.6,22.9,AB,33.5,23.1,B,NA,NA,NA,CCI,NA,"1117 - 2nd egg sounded liquid, 1119 - egg undeveloped",NA
2014,R,6,61123,75849,1030,1650,1022,3,1110,Abandoned,0,29.8,22.4,D,30.2,22.7,D,31.1,22.3,D,CCI,NA,"1104 - Only one egg found, male and female seen close to nest but no chicks were seen, 1110 - one egg abandoned. Nest UTMs are wrong, this nest was close to R7 in the islands.",NA
2014,R,7,61762,75756,1030,1729,1022,3,1114,Disappeared,0,34.1,23.4,D,32.9,23.1,D,34,22.8,D,CCI,NA,"Nest check for pipping started 1110, 1112 - eggs not pipping, 1114 - no eggs, parents seen around with no chicks and not nervous.",NA
2014,R,8,60509,78636,1110,1211,1020,3,1114,HATCH,3,31.9,23.2,F+1,31.8,23.2,F+2,33.2,23.2,F+1,CCI,NA,"First two eggs were pipping when found. First two chicks hatched 1112, last chick hatched 1114",NA
2014,R,101,60417,78211,1001,1109,920,3,1005,HATCH,3,32,23.6,F,31.6,23.4,F,31.1,23.6,F,AT,NA,NA,NA
2014,R,102,60935,77185,1013,1030,1008,3,1027,Unknown,NA,32,22.6,C,32.4,22.5,C,31.8,22.5,B,AT,NA,NA,NA
2014,R,103,61276,76219,1013,1236,1005,1,1110,Abandoned,0,33.5,22.9,D,NA,NA,NA,NA,NA,NA,AT,NA,NA,NA
2014,R,104,61260,76242,1014,1100,1006,1,NA,Abandoned,NA,34.2,23,D,NA,NA,NA,NA,NA,NA,AT,NA,"According to Alex nest was abandoned, he didn't mark date nor hour",NA
2014,R,105,60620,77425,1017,830,1009,3,1031,HATCH,2,32.2,22.3,D,31.2,23.5,D,31.5,23.6,D,AT,NA,"Found by AT, followed by CCI. 1031 - 2 chicks, 1 egg pipping, 1101 - 1 egg pipping (6am and 11am), 1102 - last egg disappeared parents seen with 2 ringed chicks",NA
2014,R,106,61476,75916,1021,1223,1013,3,1103,HATCH,3,34.9,23,D,33,23,D,35,23.3,D,AT,NA,"Found by AT, followed by CCI",NA
2014,R,201,61672,76444,922,939,917,2,1011,HATCH,1,31.85,22.65,C,30.4,22.4,C,NA,NA,NA,SA,NA,1021-unhatched egg was opened and it was undeveloped.,NA
2014,R,202,61951,75863,1021,1222,1011,3,1102,HATCH,2,30.4,22.5,E,29.5,22.4,E,29.6,22.6,E,SA,NA,1104- unhatched egg was cold and not pipping.,NA
2014,R,203,60764,77675,1112,1813,1102,2,1117,Disappeared,0,34.1,24.8,E,35,24.5,E,NA,NA,NA,SA,NA,Eggs were not pipping when found. ,NA
2014,R,206,61583,76609,1003,1316,925,2,1014,HATCH,1,33.2,21.5,D,33.7,22.7,C,NA,NA,NA,SA,NA,1021- unhatched egg was opened and it was undeveloped. Nests R204 and R205 did not exist in 2014.,NA
2014,R,301,60767,77482,1027,1031,1016,3,1103,Unknown,NA,32.3,23.4,E,31.6,23.5,D,31.3,23.1,F,KL,NA,NA,NA
2014,R,302,61637,76459,1028,1155,1102,2,1201,Abandoned,0,31.4,23,AB,32.5,23.5,AB,NA,NA,NA,KL,NA,nest followed by CCI,NA
2014,R,303,60807,77607,1030,910,1022,3,1126,Infertile,0,30.8,21.5,C,32.6,21.5,D,32.7,21.7,D,KL,NA,"1110 check for pipping started and nest only had 2 eggs, M and F still incubating, nest checked until 1126 when the two remaining eggs sounded liquid",NA
2014,R,304,61034,76690,1030,1705,1025,3,1124,HATCH,2,34.5,23.5,AB,35.1,23.9,B,37.1,23.4,C,KL,NA,"1121- 2 eggs pipping, 3rd egg found broken 3 meters away from nest, 1123 - first chick ringed, 1124 - second chick ringed, first chick found dead on nest",NA
2014,R,305,61104,76520,1030,1725,1019,3,1114,HATCH,3,32.4,23,D,31.9,22.6,D,31.8,22.9,F,KL,NA,First chick was found dead on 1114 before ringing it,NA
2014,S,1,60209,77318,618,1111,NA,2,702,Unknown,NA,30.2,22.1,NA,29.1,21.4,NA,NA,NA,NA,AT,NA,NEVER SEE THE CHICKS AND ADULT,NA
2014,S,2,61190,75821,1001,1016,1002,2,1004,Disappeared,0,NA,NA,NA,NA,NA,NA,NA,NA,NA,CCI,NA,Nest floated for incubation stage calibration,NA
2014,S,3,60151,77599,930,1747,920,2,1010,Unknown,NA,32.1,22.2,E,31.9,22.2,E,NA,NA,NA,CCI,NA,"1010- adults calling close to nest and 2 chicks found; however since male was unknown and female was unringed it was unclear whether it was from nest S3, family was named S-1",NA
2014,S,4,60534,76163,926,1055,918,3,1014,HATCH,3,30.9,23,D,31.4,22.6,D,30.9,22.5,D,CCI,NA,"1012 -first chick ringed, 1013 - first chick found dead, second chick ringed, 1014 - third chick found",NA
2014,S,5,60557,76094,926,1808,916,3,1009,HATCH,3,31.2,23,E,31.5,23.1,E,30.7,22.7,D,CCI,NA,NA,NA
2014,S,6,61186,75580,929,1037,919,2,1012,HATCH,2,31.6,22.6,D,32.6,23.1,E,NA,NA,NA,CCI,NA,NA,NA
2014,S,7,61194,75917,1004,933,1009,3,1102,HATCH,2,32.5,23.5,C,33.6,23.6,NA,33.2,23.4,NA,CCI,NA,"Nest floated for incubation stage calibration, 3rd chick/pipping egg was not found",NA
2014,S,8,61090,75694,1006,1011,1008,2,1010,Disappeared,0,NA,NA,NA,NA,NA,NA,NA,NA,NA,CCI,NA,Nest floated for incubation stage calibration,NA
2014,S,9,61317,75698,1006,1215,1010,2,1101,Disappeared,0,32.3,22.6,NA,31.4,22.8,NA,NA,NA,NA,CCI,NA,"Nest floated for incubation stage calibration. Nest check for pipping started on the 1028, eggs were not pipping up to the 1031 and on the 1101 eggs were gone.",NA
2014,S,10,60306,77007,1007,841,1006,1,1031,HATCH,1,32.6,24.3,E,NA,NA,NA,NA,NA,NA,CCI,1016,NA,NA
2014,S,11,60279,77114,1008,1744,1003,1,1015,HATCH,1,32.4,23.4,F,NA,NA,NA,NA,NA,NA,CCI,1014,NA,NA
2014,S,12,61013,75997,1013,1035,1005,2,1103,HATCH,2,33,23.4,D,34,23.7,B,NA,NA,NA,CCI,NA,"Katia measured eggs and floated. On 1104 car broke down and 2nd chick hatched, 2nd chick was found and ringed until 1107",NA
2014,S,13,60940,75941,1013,1130,1008,2,1103,HATCH,1,31.2,23.2,C,31.7,23.2,B,NA,NA,NA,CCI,NA,"Katia measured eggs and floated. 1st chick hatched on 1102, 1103- last egg was cold",NA
2014,S,14,60453,76679,1016,1000,1019,2,1116,HATCH,2,33.7,22.9,NA,34.4,23.1,NA,NA,NA,NA,CCI,NA,"Nest floated for incubation stage calibration. 1114 - 1st chick hatched, 1116 - 2nd chick hatched",NA
2014,S,15,60530,76550,1020,851,1012,2,1023,Trampled by cows,0,31.3,23.2,D,32,22.9,D,NA,NA,NA,CCI,NA,NA,NA
2014,S,16,60247,77171,1029,1146,1009,3,1111,HATCH,2,32,23.5,F+1,31.4,23.2,D,31.6,23.3,D,CCI,NA,"First chick hatched 1110, second 1111, 1112 - last egg not pipping",NA
2014,S,17,60274,77064,1104,1324,1013,3,1106,HATCH,1,32.5,23.4,F+2,33.1,23.1,D,32.5,22.7,F+3,CCI,NA,"F+3 egg pipping hatched on the 1106 the two eggs left were not pipping, on the afternoon of 1106 the chick was found dead, 1110 - eggs disappeared",NA
2014,S,18,60506,76494,1108,1101,1031,3,1126,Disappeared,0,30.5,22.9,D,29.7,22.9,A,30.3,23,B,CCI,NA,NA,NA
2014,S,19,60958,76037,1110,1048,1105,2,1115,Disappeared,0,34.1,23,C,34.3,23.5,B,NA,NA,NA,CCI,NA,Could have been predated by corvos,NA
2014,S,20,60155,77968,1128,1144,1118,1,1205,Unknown,NA,32.5,22.9,E,NA,NA,NA,NA,NA,NA,CCI,NA,"Stage of egg = 90°+2, 1205 - Eggs were not pipping",NA
2014,S,101,61446,75484,922,730,920,3,1002,Predated by cat,0,32.6,22.4,A,33.3,22.6,B,33.6,23,AB,AT,NA,Predation by cat seen on nest camera photos,NA
2014,S,102,60847,76083,1006,1036,1005,2,1103,Disappeared,0,31,22.7,AB,30.9,22.8,AB,NA,NA,NA,AT,NA,"Found by AT, followed by CCI",NA
2014,S,103,61373,75431,1010,830,1002,3,1024,HATCH,1,31.1,22.5,D,30.3,22.4,D,30.2,22.2,D,AT,NA,"Found by AT, followed by SA. 1024 - first chick hatched, 1025 - 2 eggs pipping, 1026 - one egg was hatching but chick was dead, 1027 - egg with dead chick disappeared, remaining egg was cold and not pipping",NA
2014,S,104,61921,75508,1011,811,919,3,1013,HATCH,3,32.3,23.4,F+3,33.2,23.2,F+2,34.2,23.1,F,AT,NA,NA,NA
2014,S,105,61890,75484,1014,709,1012,3,1107,HATCH,3,33.6,22.7,A,32,23.1,B,31.5,22.8,B,AT,NA,NA,NA
2014,S,201,60724,75807,929,843,924,2,1016,HATCH,2,31.8,22.7,C,30.8,22.8,C,NA,NA,NA,SA,NA,NA,NA
2014,S,202,60570,76053,926,906,918,2,1011,HATCH,2,30.9,22.6,C,30.9,22.3,D,NA,NA,NA,SA,NA,NA,NA
2014,S,203,60638,75884,929,1005,1001,2,1025,HATCH,1,29.9,22.9,B,30.2,23,NA,NA,NA,NA,SA,NA,Nest floated for incubation stage calibration. 1025- one egg hatched and the 2nd egg was pipping. 1026- 2nd egg disappeared. Footprints of corvos around the nest. Only the ringed chick was seen with parents.     ,NA
2014,S,204,60148,77668,930,1727,922,2,1014,HATCH,2,32.1,22.8,D,32.9,23,D,NA,NA,NA,SA,NA,NA,NA
2014,S,205,61206,75522,1002,937,922,3,1012,HATCH,3,35,23,E,34.5,23.4,E,35.6,22.8,D,SA,NA,NA,NA
2014,S,206,61030,75839,1004,808,1003,3,1027,HATCH,3,30.7,22.2,A,32.1,23,AB,32.2,22.5,AB,SA,NA,NA,NA
2014,S,207,61201,75646,1006,1029,1001,2,1027,HATCH,1,30,21.8,C,31.2,22,B,NA,NA,NA,SA,NA,1030- unhatched (not-pipping) egg disappeared; the bottom of the nest was digged by a crab.  ,NA
2014,S,208,61153,75715,1006,1142,1010,2,1104,HATCH,2,34.8,22,NA,NA,NA,NA,NA,NA,NA,SA,NA,Nest floated for incubation stage calibration. 2nd egg was not measured. ,NA
2014,S,209,60823,75824,1006,1624,1004,3,1030,HATCH,3,30.8,22,AB,31,21.9,A,30.3,22,B,SA,NA,NA,NA
2014,S,210,60823,75825,1007,809,1002,2,1026,HATCH,1,31.1,21.8,C,29.8,21.4,B,NA,NA,NA,SA,NA,1026- 2nd egg disappeared; it was not pipping on 1025. ,NA
2014,S,211,60138,77548,1007,928,1002,2,1026,Disappeared,0,29.6,21.1,C,28.5,21,C,NA,NA,NA,SA,NA,"Not pipping 1st and 2nd egg disappeared on 1025 and 1026, respectively. 1026- male and female were seen walking together 15m from the nest not nervous, not calling.",NA
2014,S,212,61467,75556,1008,1731,1003,2,1022,Disappeared,0,33.2,23.3,C,32.3,23.7,B,NA,NA,NA,SA,NA,NA,NA
2014,S,213,60586,76071,1013,1210,1019,3,1103,Disappeared,0,32.6,22.6,NA,32.5,22.7,NA,33.2,22.5,NA,SA,NA,Nest floated for incubation stage calibration. ,NA
2014,S,214,60637,75931,1013,1133,1008,2,1030,HATCH,2,33.2,23.5,C,33.5,23.2,C,NA,NA,NA,SA,NA,NA,NA
2014,S,215,60993,75848,1014,949,1012,2,1031,Predated,0,34.7,23.9,B,33.9,23.5,B,NA,NA,NA,SA,NA,"Nest camera showed that 1st and 2nd egg were predated by crabs during the night of 1029 and 1030, respectively. ",NA
2014,S,216,60291,77035,1015,1024,1013,3,1108,HATCH,2,30.4,22.5,A,30.8,22.8,AB,30.3,22.3,B,SA,NA,1108- 2 chicks and 1 hatching egg were found on nest. 1109- only the 2 ringed chicks were seen with parents; 3rd egg/chick was not found. ,NA
2014,S,217,61344,75550,1020,751,1019,2,1110,HATCH,2,33.4,23.3,AB,33.5,22.3,AB,NA,NA,NA,SA,NA,NA,NA
2014,S,218,60999,75790,1021,1736,1016,3,1027,Disappeared,0,31.1,23.5,C,31.2,23.1,C,31.1,23.3,B,SA,NA,1026- one egg disappeared. 1027- the remaining 2 eggs disappeared.,NA
2014,S,219,60871,75944,1023,905,1013,2,1031,HATCH,2,31.9,22.4,E,32.5,22.6,E,NA,NA,NA,SA,NA,"1031- Checking for pipping started (18th day of incubation) but nest was found empty. On the same date, a different observer working separately found the female in a distance >150m from nest with 2 unringed chicks and male RM|WB and recorded this family as S-5. After noticing the mistake, all data belonging to this nest/family have been labelled as S219. ",NA
2014,S,220,60571,76227,1028,1002,1008,3,1106,HATCH,3,31.8,23.1,F+1,31.8,23.7,F+1,31.3,23,F+1,SA,NA,NA,NA
2014,S,221,60526,76197,1029,853,1102,3,1203,Abandoned,0,30.2,22.7,NA,31.1,22.6,NA,31.3,22.4,NA,SA,NA,Nest floated for incubation stage calibration. 1103- 3rd egg was accidentally broken. 1116- fractured egg disappeared. ,NA
2014,S,222,60760,75866,1103,1057,1101,3,1124,Predated,0,33.6,23.2,B,33,23,B,32.1,22.8,AB,SA,NA,1117- Only two eggs were found. 1124- Remaining eggs were found on the nest apparently pecked by a bird. ,NA
2014,S,223,60782,75993,1105,1715,1025,3,1110,HATCH,3,30.9,23.5,F,31,23.2,F,30.8,22.7,F,SA,NA,1109- 2 chicks and one pipping egg were found on nest. 1110- the remaining egg hatched. ,NA
2014,S,224,60146,77593,1110,1146,1105,3,1205,HATCH,2,32.6,22.2,C,31.3,22.1,B,31,21.9,B,SA,NA,"1205 - only one unringed chick was found dead on the nest, both parents were seen but chick ringed on 1204 was not seen. 2 corvos and a kestrel seen close by.",NA
2014,S,225,60394,76751,1115,1212,1113,2,1203,Abandoned,0,34,23.2,B,32.5,22.4,B,NA,NA,NA,SA,NA,NA,NA
2014,S,226,61086,75805,1117,944,1106,2,1128,Abandoned,0,33.1,23.2,F,32.3,22.6,F,NA,NA,NA,SA,NA,1123- Only one egg (not pipping) found and it was 60 cm away from nest. 1128- egg found cold and 20 cm away from nest.,NA
2014,S,227,60422,76817,1202,1550,1112,2,1205,Unknown,NA,32.4,22.7,F+1,31.2,22.7,F+1,NA,NA,NA,SA,NA,1205 - Eggs were not pipping,NA
2014,S,301,60985,75834,1009,1044,1001,2,1023,HATCH,2,33,22.7,D,33.3,22.7,C,NA,NA,NA,KL,NA,NA,NA
2015,CV,1,263894,1673303,1016,1717,1003,3,1023,Unknown,NA,33.4,24.4,90,34,24.5,90,32.8,24,90,CCI,NA,NA,NA
2015,R,1,261262,1676828,916,840,913,2,928,predated,NA,35.6,24.1,60,34.6,23.6,70-80,NA,NA,NA,KS,921,NA,NA
2015,R,2,261601,1676540,916,938,831,3,925,HATCH,3,30.1,22.2,90',30.1,22.3,90,30.2,22,90,PH,NA,NA,NA
2015,R,3,261779,1676294,917,1009,829,3,924,HATCH,3,31.9,22,2+,32.3,22,1+,30.6,22.4,2+,PH,NA,NA,NA
2015,R,4,261683,1676408,917,1104,901,3,928,HATCH,2,31.7,23.3,90,32.4,22.6,90,30.6,22.8,90',PH,NA,NA,NA
2015,R,5,260659,1678373,923,1614,906,3,930,HATCH,2,34.9,23.6,1+,33.4,23.4,90,32.9,22.9,90,KS,NA,NA,NA
2015,R,6,261825,1676182,924,955,916,3,1007,Eggs disappeared,NA,31.6,22.8,70-80,32.7,22.8,60,31.6,23,70-80,KS,NA,NA,NA
2015,R,7,260531,1678602,928,750,913,3,1030,Unknown,NA,30,22.4,60,29.6,22.2,90,29.7,22.5,90,PH,NA,NA,NA
2015,R,8,261657,1676509,930,16,NA,2,1001,Unknown,NA,NA,NA,NA,NA,NA,NA,NA,NA,NA,PH,NA,Did not measure and float as clutch incomplete when found and lost before measurements could be taken,NA
2015,R,9,260682,1677584,1006,1040,929,3,1017,predated,NA,34.2,24.3,45,35.5,24.5,60,34.7,24.8,60,KS,NA,NA,NA
2015,R,10,261079,1677029,1007,1744,NA,1,1007,abandoned,NA,31,23.4,NA,NA,NA,NA,NA,NA,NA,KS,NA,"pipping, other 2 eggs thought to have hatched already",NA
2015,R,11,260792,1678915,1014,835,927,3,1022,HATCH,3,33.4,23.5,90',31.9,23.2,90',32,23.5,90',KS,NA,NA,NA
2015,R,12,261287,1676764,1102,950,1009,3,1103,HATCH,3,34.5,24,3+,35.5,24.2,1+,36.8,23.9,2+,PH,NA,NA,NA
2015,R,101,260588,1677747,1006,735,921,3,1016,HATCH,3,33.1,23.5,90,32.3,23.6,90,32.4,23.6,90,PH,NA,NA,NA
2015,R,102,260525,1678136,1009,1046,919,3,1012,Eggs disappeared,0,32.3,24.4,2+,33.5,24.4,1+,32.4,24.4,2+,PH,NA,NA,NA
2015,R,103,261273,1676825,1013,730,1016,2,1103,Eggs disappeared,0,32.5,21.8,60,34.3,22,60,NA,NA,NA,PH,1022,NA,NA
2015,R,104,261584,1676544,1014,709,NA,1,1020,Abandoned ,0,NA,NA,NA,NA,NA,NA,NA,NA,NA,PH,NA,Did not measure and float as clutch never completed and abandoned before measurements could be taken,NA
2015,R,105,261507,1676589,1026,1109,1028,3,1112,Eggs disappeared,0,30.3,22.4,NA,29.9,22.7,NA,31.3,23.1,NA,PH,NA,NA,NA
2015,R,106,261631,1676475,1031,740,1028,3,1112,Eggs disappeared,0,31.9,23.5,30,30.5,23.1,30,31.4,23.1,0-30,PH,NA,NA,NA
2015,R,107,260693,1678170,1102,1530,1024,3,1111,Unknown,NA,33.9,23.3,30,33,23.2,30,32.6,22.5,45,PH,NA,NA,NA
2015,R,108,261180,1676998,1104,930,1020,3,1122,Infertile/abandoned,0,33.6,21.8,90,33.9,21.7,90,33.5,22,80,PH,NA,NA,NA
2015,S,1,261460,1675519,912,914,913,3,922,Predated,0,34.3,23.4,NA,31.3,23.3,NA,29.8,23.5,NA,CCI,NA,NA,NA
2015,S,2,261275,1675793,912,1000,905,3,1002,HATCH,3,33.1,24.1,70-80,32.3,24.1,70-80,32,23.8,70-80,CCI,913,NA,NA
2015,S,3,261122,1675969,912,1017,NA,3,913,Eggs disappeared,0,NA,NA,NA,NA,NA,NA,NA,NA,NA,CCI,NA,NA,NA
2015,S,4,261062,1675954,912,1017,901,2,924,HATCH,2,31.3,22.4,2+,31.2,22.4,1+,NA,NA,NA,"CCI, PH",NA,NA,NA
2015,S,5,261161,1675587,914,750,829,3,927,Eggs disappeared,0,35.6,23.6,90',35.3,23.1,70-80,33.7,23.2,90,CCI,NA,NA,NA
2015,S,6,261105,1675663,914,800,906,3,923,Eggs disappeared,0,31.3,22.4,90,31.2,22.3,70-80,31.3,22.3,70-80,CCI,NA,NA,NA
2015,S,7,261063,1675953,914,914,906,3,921,Eggs disappeared,0,33.9,23.5,90,34.1,23.4,70-80,33.2,23.3,70-80,CCI,NA,NA,NA
2015,S,8,260573,1676215,914,930,906,3,924,Predated by crows,0,32.4,23.4,70-80,31.6,23.1,90,31.3,23.4,90,CCI,NA,Crow predation recorded in nest camera,NA
2015,S,9,260637,1675931,915,930,903,3,918,Predated by dogs,0,34.1,22.5,90,32.5,22.8,90,33.1,22.6,90',CCI,NA,Dog tracks next to nest,NA
2015,S,10,260933,1675928,916,1058,917,2,919,Predated,0,NA,NA,NA,NA,NA,NA,NA,NA,NA,CCI,NA,Yolk spread in plants,NA
2015,S,11,260423,1676727,916,1630,905,2,929,HATCH,2,33.4,23.1,1+,33.4,23.2,90',NA,NA,NA,CCI,922,NA,NA
2015,S,12,260515,1676236,917,942,905,3,922,Predated by crows,0,33,23.1,1+,33.8,24.4,90,33.7,24.1,90',CCI,NA,Crow tracks around nest,NA
2015,S,13,260419,1676620,917,1019,909,3,921,Predated,0,33.6,23.5,60-70,33.3,22.9,80,34.4,23.1,80,CCI,NA,Dog's and crow's tracks around nest,NA
2015,S,14,261398,1675574,918,743,910,3,928,Eggs disappeared,0,32.6,22.7,45,33,23.1,60,33.5,22.7,45,"CCI, CR",NA,NA,NA
2015,S,15,260377,1676785,919,1142,NA,2,921,Predated,0,NA,NA,NA,NA,NA,NA,NA,NA,NA,CCI,NA,Lots of dog and crow tracks around and on nest,NA
2015,S,16,260590,1676204,921,1822,904,3,924,Eggs disappeared,0,31.1,22.5,90',31.4,23.1,90',31.2,22.3,90,CCI,NA,NA,NA
2015,S,17,260802,1676182,922,948,918,3,1008,Eggs disappeared,0,35,23.1,90,34.6,23.4,70-80,35.4,22.6,30,CCI,NA,NA,NA
2015,S,18,261341,1675592,922,1123,909,3,927,Eggs disappeared,0,30.7,22.4,90,30.9,22.4,70-80,30.4,22.7,90,CCI,NA,NA,NA
2015,S,19,260880,1675917,925,859,907,3,1005,HATCH,1,32.9,23.1,1+,32.8,22.8,90',33.3,22.9,90,CCI,NA,Only one chick was found 100 mts away from nest with both parents on the 1005,NA
2015,S,20,260487,1676404,925,1051,1001,3,1024,HATCH,2,32.3,23.2,NA,32.4,22.7,NA,32.8,23.4,NA,CCI,NA,"Last chick was not found, 3rd egg was pipping on the 1022, 1023 checked at 7am, 12pm, 6pm, egg still pipping; 1024 7am 3rd chick not found",NA
2015,S,21,261247,1675693,928,900,920,3,1002,Eggs disappeared,0,35.1,23.3,80,35.4,23.8,80,34.7,23.4,80,CCI,NA,NA,NA
2015,S,22,261031,1675972,928,1734,924,3,1008,Eggs disappeared,0,32.9,23.5,80,35.4,23.8,80,34.7,23.4,80,CCI,NA,NA,NA
2015,S,23,260972,1676052,1001,911,NA,1,1002,Eggs disappeared,0,NA,NA,NA,NA,NA,NA,NA,NA,NA,CCI,NA,NA,NA
2015,S,24,261110,1675961,1001,924,NA,1,1003,Eggs disappeared,0,NA,NA,NA,NA,NA,NA,NA,NA,NA,CCI,NA,NA,NA
2015,S,25,260570,1676334,1002,949,926,3,1007,Eggs disappeared,0,31.7,23.5,45,31.4,23.6,30,31.7,23.2,0,CCI,NA,NA,NA
2015,S,26,260285,1677036,1002,1049,NA,2,1005,Unknown,NA,NA,NA,NA,NA,NA,NA,NA,NA,NA,CCI,NA,"This nest was thought to be a fresh nest when found, however on the 1003 the male MW|GW was found with 3 chicks (S-4) and this male was recorded for this nest, it is possible that the first chick of this nest had hatched already on the 1002 when the nest was found",NA
2015,S,27,261484,1675864,1002,1636,NA,1,1005,Unknown,NA,NA,NA,NA,NA,NA,NA,NA,NA,NA,CCI,NA,NA,NA
2015,S,28,260257,1677093,1005,1639,1002,3,1010,Eggs disappeared,0,32.4,21.8,30,32.9,22.2,30,32.8,21.8,0,CCI,NA,NA,NA
2015,S,29,260190,1677670,1007,1716,1004,3,1013,Eggs disappeared,0,31.6,22.5,30,31.4,21.8,30,31.2,22.1,30,CCI,NA,NA,NA
2015,S,30,260545,1676083,1012,852,924,3,1020,HATCH,3,31.2,23.8,1+,31.9,23.3,90',32.3,23.6,90,CCI,NA,NA,NA
2015,S,31,260166,1677989,1013,1550,925,3,1014,Eggs disappeared,0,32.5,22.9,1+,33.7,23.4,1+,32.4,23.2,1+,CCI,NA,NA,NA
2015,S,32,260511,1676226,1014,1737,1003,3,1028,HATCH,3,32.2,23,90,31.3,23.4,90,31.4,23.2,90,CCI,NA,NA,NA
2015,S,33,261032,1676006,1017,934,NA,2,1020,Eggs disappeared,0,NA,NA,NA,NA,NA,NA,NA,NA,NA,CCI,NA,NA,NA
2015,S,34,261222,1675990,1019,830,NA,2,1020,Eggs disappeared,0,NA,NA,NA,NA,NA,NA,NA,NA,NA,CCI,NA,NA,NA
2015,S,35,260293,1677038,1019,933,1011,3,1030,Eggs disappeared,0,32.8,24.1,30,31.1,24,45,32.3,24.1,90,CCI,NA,NA,NA
2015,S,36,261285,1675585,1024,801,NA,2,1106,Eggs disappeared,0,NA,NA,NA,NA,NA,NA,NA,NA,NA,CCI,NA,NA,NA
2015,S,37,260946,1676070,1024,959,1020,3,1104,Eggs disappeared,0,32.9,22.7,30,32.3,22.9,45,33.2,23.2,30,CCI,NA,NA,NA
2015,S,38,260832,1676154,1027,810,1029,3,1102,Eggs disappeared,0,31.7,22.8,NA,32.3,22.6,NA,33,22.7,NA,CCI,NA,NA,NA
2015,S,39,260169,1677558,1027,1208,NA,2,1030,Eggs disappeared,0,NA,NA,NA,NA,NA,NA,NA,NA,NA,CCI,NA,NA,NA
2015,S,40,261563,1675526,1029,749,NA,2,1103,Eggs disappeared,0,NA,NA,NA,NA,NA,NA,NA,NA,NA,CCI,NA,NA,NA
2015,S,41,261312,1675647,1029,1745,1012,3,1105,HATCH,3,30,22.7,90',29.9,22.5,90',29.8,22.4,90',CCI,NA,NA,NA
2015,S,42,260939,1676091,1112,1112,1113,3,NA,Eggs disappeared,3,33.4,22.6,NA,31.8,22.7,NA,32.4,22.5,NA,CCI,NA,NA,NA
2015,S,201,261741,1676181,1002,17,NA,3,1005,Unknown,NA,NA,NA,NA,NA,NA,NA,NA,NA,NA,PH,NA,Did not measure or float as working  on islands without equipment and nest was lost before measurements could then be taken,NA
2015,S,202,260149,1677439,1029,1100,NA,1,1102,Unknown,NA,NA,NA,NA,NA,NA,NA,NA,NA,NA,PH,NA,Did not measure and float as clutch incomplete when found and lost before measurements could be taken,NA
2015,S,301,260930,1675855,930,703,924,3,1007,Eggs disappeared,0,30.7,23.2,80,31.1,22.8,80,31.5,22.6,80,CR,NA,NA,NA
2015,S,302,260681,1675856,930,748,928,1,1018,Eggs disappeared,0,34.4,23.2,90,NA,NA,NA,NA,NA,NA,CR,1010,NA,NA
2015,S,303,260678,1676186,1002,1057,921,3,1007,Eggs disappeared,0,32.5,23.4,80,31.1,23.1,80,32.7,23,80,CR,NA,NA,NA
2015,S,304,260681,1676127,1002,900,921,2,1026,HATCH,1,32.9,23.1,90,33.2,22.6,90,NA,NA,NA,CR,1005,second chick not found,NA
2015,S,305,261002,1675791,1003,815,927,3,1027,Eggs disappeared,0,33.2,23.9,80,33.7,23.6,80,34.6,23.7,80,CR,NA,NA,NA
2015,S,306,260094,1677310,1003,1139,921,3,1009,HATCH,3,34.2,24.1,90,33.7,24.2,90,34.3,23.8,90,CR,NA,NA,NA
2015,S,307,261364,1675557,1005,NA,NA,2,1023,Eggs disappeared,0,29.7,21.5,30,NA,NA,NA,NA,NA,NA,CR,1009,NA,NA
2015,S,308,261198,1675635,1005,1643,923,3,1011,Eggs disappeared,0,31.9,22.7,90,31.5,22.8,90,32.1,22.5,90,CR,NA,NA,NA
2015,S,309,260473,1676429,1007,NA,1008,3,1024,Eggs disappeared,3,31.8,24.1,NA,31.7,24.1,NA,31.7,24.3,NA,CR,1008,NA,NA
2015,S,310,260943,1675861,1008,1606,1006,2,1026,Eggs disappeared,0,33.3,24.1,45,33.4,24.5,45,NA,NA,NA,CR,1012,NA,NA
2015,S,311,260946,1675950,1012,914,1004,3,1029,HATCH,2,32.1,23.4,80,31.6,23.2,80,31.8,23.3,80,CR,NA,NA,NA
2015,S,312,260518,1676336,1015,1229,1017,3,1021,Predated,0,32.2,32.3,NA,31.3,23.1,NA,31.3,32.2,NA,CR,1019,NA,NA
2015,S,313,260514,1676196,1016,1100,1004,3,1027,HATCH,3,31.1,22.8,90,30.7,22.2,90,30.4,22.7,90,CR,NA,NA,NA
2015,S,314,260508,1675952,1019,930,NA,3,1021,HATCH,3,NA,NA,NA,NA,NA,NA,NA,NA,NA,CR,NA,NA,NA
2015,S,315,261223,1675601,1020,930,1020,3,1106,Eggs disappeared,0,31,23.4,30,31,23.4,30,30.7,23.5,30,CR,1106,NA,NA
2015,S,316,261064,1675815,1023,1651,NA,2,1026,HATCH,1,30.2,22.4,NA,31.7,22.7,NA,NA,NA,NA,CR,1026,NA,NA
2015,S,317,261042,1675842,1026,1103,1025,3,1101,Eggs disappeared,0,30.1,22.7,0,31.4,22.2,0,32.7,22.4,0,CR,NA,"End date was captured as 1011 on notes, changed to 1101 (CCI 27/nov/2015)",NA
2015,S,318,260685,1676183,1027,1103,NA,2,1030,Trampled by cow,0,NA,NA,NA,NA,NA,NA,NA,NA,NA,CR,NA,NA,NA
2015,S,319,260864,1675723,1028,1550,NA,2,1105,Eggs disappeared,0,NA,NA,NA,NA,NA,NA,NA,NA,NA,CR,NA,NA,NA
2015,S,320,261109,1675707,1029,1121,1024,3,1106,Eggs disappeared,0,34.2,23.3,90,34.3,23.5,90,33.9,23.8,90,CR,1030,NA,NA
2015,S,321,260513,1675871,1104,955,1024,3,1118,HATCH,2,31.2,23,90,31.9,23,90,31.9,22.4,90,CR,NA,NA,NA
2015,S,322,260822,1675970,1106,1224,1100,3,1120,Eggs disappeared,0,31.9,23.5,45,31.1,23.3,45,32.4,23.1,45,CR,NA,NA,NA
2015,S,323,260776,1676008,1111,1315,1106,3,1113,Eggs disappeared,0,32.4,23.3,45,31.2,23.5,45,31.2,23.2,45,CR,NA,NA,NA
2015,S,324,261043,1675978,1112,915,NA,1,1116,Eggs disappeared,0,NA,NA,NA,NA,NA,NA,NA,NA,NA,CR,NA,NA,NA
2015,S,325,261416,1675404,1121,726,1101,3,1121,HATCH,3,30.7,22.6,NA,31.5,22.7,NA,32.4,22.6,NA,CR,NA,NA,NA
2015,S,326,261072,1675851,1121,726,1119,3,1123,active,NA,31.5,32.5,30,32.6,23.7,30,33.1,23.6,30,CR,1121,NA,NA
2015,S,327,260761,1676183,1121,952,NA,2,1123,active,NA,NA,NA,NA,NA,NA,NA,NA,NA,NA,CR,NA,NA,NA
