year,site,nest,male,female,chick1,chick2,chick3,field_sex_m,mol_sex_m,captured_focalyear_m,field_sex_f,mol_sex_f,captured_focalyear_f,comments_field,comments_stdfile
2007,S,-1,XX.XX|BX.WX,XX.XX|OX.BX,XX.XX|RX.XX,XX.XX|RX.XX,NA,M,NA,yes,F,NA,yes,NA,NA
2007,S,-10,CA1059,CA1058,CA1060,CA1061,NA,M,M,yes,F,F,yes,NA,NA
2007,S,-11,NA,NA,CA1115,NA,NA,M,NA,no,F,NA,no,NA,NA
2007,S,-12,CA1120,CA1121,CA1122,CA1123,CA1124,M,NA,yes,F,M,no,NA,NA
2007,S,-13,CA1126,CA1125,CA1127,NA,NA,M,NA,yes,F,NA,yes,NA,NA
2007,S,-14,NA,NA,CA1132,CA1133,NA,M,NA,no,F,NA,no,NA,NA
2007,S,-15,NA,NA,CA1134,NA,NA,M,NA,no,F,NA,no,NA,NA
2007,S,-2,CA1017,CA1016,XX.XX|BX.XX,XX.XX|BX.XX,XX.XX|BX.XX,M,M,yes,F,F,yes,NA,NA
2007,S,-3,NA,CA1100,CA1020,CA1021,NA,M,NA,no,F,F,yes,NA,NA
2007,S,-4,CA1023,CA1022,CA1024,CA1025,CA1026,M,M,yes,F,NA,yes,NA,NA
2007,S,-5,NA,CA1027,CA1028,NA,NA,M,NA,no,F,F,yes,NA,NA
2007,S,-6,CA1035,NA,CA1036,NA,NA,M,M,yes,F,NA,no,NA,NA
2007,S,-7,CA1037,NA,CA1038,CA1039,NA,M,M,yes,F,NA,no,NA,NA
2007,S,-8,CA1041,CA1042,CA1043,NA,NA,M,M,yes,F,F,yes,NA,NA
2007,S,-9,NA,NA,CA1056,NA,NA,M,NA,no,F,NA,no,NA,NA
2007,S,1,XX.WX|XX.XX,XX.LX|XX.XX,WX.XX|XX.XX,NA,NA,M,NA,yes,F,NA,yes,NA,NA
2007,S,12,NA,XX.XX|XX.OX,NA,NA,NA,M,NA,no,F,NA,yes,NA,NA
2007,S,13,XX.XX|XX.BX,NA,NA,NA,NA,M,NA,yes,F,NA,no,NA,NA
2007,S,17,NA,CA1030,NA,NA,NA,M,NA,no,F,NA,yes,NA,NA
2007,S,18,NA,XX.XX|RX.OX,NA,NA,NA,M,NA,no,F,NA,yes,NA,NA
2007,S,19,CA1032,XX.XX|GX.RX,CA1033,CA1034,NA,M,M,yes,F,NA,yes,NA,NA
2007,S,2,CA1047,XX.XX|RX.RX,CA1048,CA1049,NA,M,M,yes,F,NA,yes,NA,NA
2007,S,20,XX.XX|YX.OX,XX.XX|OX.WX,NA,NA,NA,M,NA,yes,F,NA,yes,NA,NA
2007,S,21,XX.XX|GX.YX,CA1044,CA1045,CA1046,CA1051,M,NA,yes,F,F,yes,NA,NA
2007,S,22,NA,CA1019,NA,NA,NA,M,NA,no,F,NA,yes,NA,NA
2007,S,23,CA1052,CA1018,CA1053,CA1054,NA,M,M,yes,F,NA,yes,NA,NA
2007,S,25,CA1101,CA1029,CA1102,CA1103,NA,M,NA,yes,F,F,yes,NA,NA
2007,S,26,NA,CA1031,NA,NA,NA,M,NA,no,F,F,yes,NA,NA
2007,S,27,NA,CA1040,NA,NA,NA,M,NA,no,F,NA,yes,NA,NA
2007,S,28,CA1055,NA,NA,NA,NA,M,M,yes,F,NA,no,NA,NA
2007,S,29,CA1109,NA,NA,NA,NA,M,NA,yes,F,NA,no,NA,NA
2007,S,3,XX.XX|XX.YX,XX.RX|XX.XX,NA,NA,NA,M,NA,yes,F,NA,yes,NA,NA
2007,S,30,CA1057,CA1062,NA,NA,NA,M,M,yes,F,F,yes,NA,NA
2007,S,31,CA1108,CA1111,CA1112,CA1113,NA,M,NA,yes,F,NA,yes,NA,NA
2007,S,32,CA1107,CA1104,CA1130,CA1131,NA,M,M,yes,F,F,yes,NA,NA
2007,S,33,CA1105,CA1106,CA1128,CA1129,NA,M,NA,yes,F,NA,yes,NA,NA
2007,S,34,CA1114,CA1110,NA,NA,NA,M,M,yes,F,F,yes,NA,NA
2007,S,35,CA1119,CA1063,CA1116,CA1117,CA1118,M,NA,yes,F,F,yes,NA,NA
2007,S,36,NA,NA,NA,NA,NA,M,NA,no,F,NA,no,NA,NA
2007,S,4,XX.YX|XX.XX,XX.XX|XX.LX,XX.XX|LX.XX,NA,NA,M,NA,yes,F,NA,yes,NA,NA
2007,S,5,NA,XX.OX|XX.XX,OX.XX|XX.XX,OX.XX|XX.XX,NA,M,NA,no,F,NA,yes,NA,NA
2007,S,6,NA,CA1050,NA,NA,NA,M,NA,no,F,NA,yes,NA,NA
2007,S,8,XX.XX|XX.RX,XX.GX|XX.XX,NA,NA,NA,M,NA,yes,F,NA,yes,NA,NA
2007,S,9,NA,XX.BX|XX.XX,BX.XX|XX.XX,BX.XX|XX.XX,NA,M,NA,no,F,NA,yes,NA,NA
2008,PP,1,NA,CA1136,NA,NA,NA,M,NA,no,F,F,yes,NA,NA
2008,PP,2,NA,CA1137,NA,NA,NA,M,NA,no,F,F,yes,NA,NA
2008,PP,3,NA,CA1139,NA,NA,NA,M,NA,no,F,F,yes,NA,NA
2008,R,-1,NA,NA,CA1145,NA,NA,M,NA,no,F,NA,no,NA,NA
2008,R,-2,NA,NA,CA1146,NA,NA,M,NA,no,F,NA,no,NA,NA
2008,S,-1,NA,CA1064,CA1065,CA1066,NA,M,NA,no,F,F,yes,NA,NA
2008,S,-10,NA,CA1089,CA1088,NA,NA,M,NA,no,F,F,yes,NA,NA
2008,S,-100,NA,NA,CA2682,NA,NA,M,NA,no,F,NA,no,NA,NA
2008,S,-11,NA,NA,CA1090,NA,NA,M,NA,no,F,NA,no,NA,NA
2008,S,-12,CA1093,CA1092,CA1091,NA,NA,M,M,yes,F,F,yes,NA,NA
2008,S,-13,NA,NA,CA1094,CA1095,CA1174,M,NA,no,F,NA,no,NA,NA
2008,S,-14,NA,NA,CA1098,NA,NA,M,NA,no,F,NA,no,NA,NA
2008,S,-15,NA,CA1099,CA1140,CA1141,NA,M,NA,no,F,F,yes,NA,NA
2008,S,-16,CA1142,CA1142,CA1143,CA1144,NA,M,M,yes,F,M,no,NA,NA
2008,S,-17,NA,NA,CA1150,NA,NA,M,NA,no,F,NA,no,NA,NA
2008,S,-18,CA1152,CA1152,CA1151,NA,NA,M,M,yes,F,M,no,NA,NA
2008,S,-19,NA,CA1153,CA1154,CA1155,CA1190,M,NA,no,F,F,yes,NA,NA
2008,S,-2,CA1069,NA,CA1070,CA1071,CA1072,M,M,yes,F,NA,no,NA,NA
2008,S,-20,CA1159,CA1157,CA1156,CA1158,NA,M,M,yes,F,NA,yes,NA,NA
2008,S,-21,NA,CA1161,CA1160,NA,NA,M,NA,no,F,NA,yes,NA,NA
2008,S,-22,CA1162,CA1137,CA1163,NA,NA,M,M,yes,F,F,yes,NA,NA
2008,S,-23,MX.RX|LX.LX,MX.RX|LX.GX,NA,NA,NA,M,NA,no,F,NA,no,NA,NA
2008,S,-24,NA,NA,CA1167,CA1168,NA,M,NA,no,F,NA,no,NA,NA
2008,S,-25,CA1121,CA1169,CA1171,CA1172,CA1173,M,M,yes,F,F,yes,NA,NA
2008,S,-26,CA1176,CA1177,CA1175,NA,NA,M,M,yes,F,F,yes,NA,NA
2008,S,-27,CA1180,CA1182,CA1179,NA,NA,M,M,yes,F,F,yes,NA,NA
2008,S,-28,CA1183,CA1181,CA1184,CA1185,NA,M,M,yes,F,F,yes,NA,NA
2008,S,-29,NA,NA,CA1186,CA1187,CA1188,M,NA,no,F,NA,no,NA,NA
2008,S,-3,CA1149,CA1074,CA1075,NA,NA,M,M,yes,F,F,yes,NA,NA
2008,S,-30,NA,CA1195,CA1196,CA1197,NA,M,NA,no,F,F,yes,NA,NA
2008,S,-31,CA1199,CA1100,CA1200,NA,NA,M,M,yes,F,F,yes,NA,NA
2008,S,-32,NA,NA,CA2601,NA,NA,M,NA,no,F,NA,no,NA,NA
2008,S,-33,CA2604,CA2605,CA2606,CA2607,CA2608,M,M,yes,F,F,yes,NA,NA
2008,S,-34,NA,NA,CA2610,NA,NA,M,NA,no,F,NA,no,NA,NA
2008,S,-35,NA,NA,CA2611,NA,NA,M,NA,no,F,NA,no,NA,NA
2008,S,-36,CA1017,MX.OX|YX.YX,CA1194,NA,NA,M,M,yes,F,NA,no,NA,NA
2008,S,-37,CA2542,CA2614,CA2615,NA,NA,M,NA,yes,F,F,yes,NA,NA
2008,S,-38,NA,NA,CA2616,NA,NA,M,NA,no,F,NA,no,NA,NA
2008,S,-39,NA,NA,CA2619,NA,NA,M,NA,no,F,NA,no,NA,NA
2008,S,-4,CA1077,CA1076,CA1078,CA1079,NA,M,M,yes,F,NA,yes,NA,NA
2008,S,-40,NA,NA,CA2621,NA,NA,M,NA,no,F,NA,no,NA,NA
2008,S,-41,NA,NA,CA2622,NA,NA,M,NA,no,F,NA,no,NA,NA
2008,S,-42,CA2626,CA2625,CA2623,CA2624,NA,M,M,yes,F,F,yes,NA,NA
2008,S,-43,NA,NA,CA2627,NA,NA,M,NA,no,F,NA,no,NA,NA
2008,S,-44,CA1057,CA2629,CA2630,CA2631,NA,M,M,yes,F,F,yes,NA,NA
2008,S,-45,NA,NA,CA2632,NA,NA,M,NA,no,F,NA,no,NA,NA
2008,S,-46,CA2633,NA,CA2634,CA2636,NA,M,M,yes,F,NA,no,NA,NA
2008,S,-47,CA2643,CA2640,CA2637,CA2641,CA2644,M,M,yes,F,F,yes,NA,NA
2008,S,-48,NA,CA1063,CA2648,NA,NA,M,NA,no,F,F,yes,NA,NA
2008,S,-49,CA2653,CA2655,CA2654,NA,NA,M,M,yes,F,F,yes,NA,NA
2008,S,-5,MX.RX|BX.RX,MX.RX|BX.OX,CA1081,NA,NA,M,NA,no,F,NA,no,NA,NA
2008,S,-50,NA,CA2657,CA2658,NA,NA,M,NA,no,F,F,yes,NA,NA
2008,S,-51,NA,CA2661,CA2662,NA,NA,M,NA,no,F,F,yes,NA,NA
2008,S,-52,CA2666,CA2667,CA2668,CA2669,CA2670,M,M,yes,F,F,yes,NA,NA
2008,S,-53,NA,CA2681,CA2678,CA2679,CA2680,M,NA,no,F,F,yes,NA,NA
2008,S,-6,NA,NA,CA1082,NA,NA,M,NA,no,F,NA,no,NA,NA
2008,S,-7,CA1083,NA,CA1084,NA,NA,M,M,yes,F,NA,no,NA,NA
2008,S,-8,NA,CA1080,CA1085,NA,NA,M,NA,no,F,F,yes,NA,NA
2008,S,-9,CA1087,BX.RX|BX.MX,CA1086,NA,NA,M,M,yes,F,NA,no,NA,NA
2008,S,1,CA1107,CA1104,CA1164,CA1165,CA1166,M,M,yes,F,F,yes,NA,NA
2008,S,10,CA1096,CA1044,NA,NA,NA,M,M,yes,F,F,yes,NA,NA
2008,S,100,NA,XX.XX|OX.BX,NA,NA,NA,M,NA,no,F,NA,no,NA,NA
2008,S,11,CA1114,CA1110,CA1192,NA,NA,M,M,yes,F,F,yes,NA,NA
2008,S,12,NA,CA1191,NA,NA,NA,M,NA,no,F,F,yes,NA,NA
2008,S,13,CA1178,CA2628,NA,NA,NA,M,M,yes,F,F,yes,NA,NA
2008,S,15,CA2603,CA2613,CA2646,CA2647,NA,M,NA,yes,F,F,yes,NA,NA
2008,S,16,CA2617,CA2612,CA2618,CA2620,NA,M,NA,yes,F,NA,yes,NA,NA
2008,S,18,CA2651,CA2645,CA2659,CA2660,NA,M,M,yes,F,F,yes,NA,NA
2008,S,19,CA1037,CA2652,NA,NA,NA,M,M,yes,F,F,yes,NA,NA
2008,S,2,CA1047,CA1097,CA2609,NA,NA,M,M,yes,F,F,yes,NA,NA
2008,S,20,CA2656,CA1139,NA,NA,NA,M,M,yes,F,F,yes,NA,NA
2008,S,21,CA2649,CA2650,CA2674,CA2675,CA2676,M,M,yes,F,F,yes,NA,NA
2008,S,22,CA2665,CA2664,CA2663,CA2677,NA,M,M,yes,F,F,yes,NA,NA
2008,S,23,CA2672,CA2671,CA2673,NA,NA,M,M,yes,F,F,yes,NA,NA
2008,S,3,CA1148,CA1068,CA1189,CA1193,CA1198,M,NA,no,F,F,yes,"Both adults are captured as F, Female CA1068 was sexed in 2010",sex needs to be checked (CCI 2015)
2008,S,6,NA,CA1067,NA,NA,NA,M,NA,no,F,F,yes,NA,NA
2008,S,7,NA,CA1073,NA,NA,NA,M,NA,no,F,F,yes,NA,NA
2008,S,8,CA1147,CA1080,CA2602,CA2639,NA,M,M,yes,F,F,yes,NA,NA
2009,B,1,NA,CA2689,NA,NA,NA,M,NA,no,F,F,yes,NA,NA
2009,B,NA,NA,CA1615,NA,NA,NA,M,NA,no,F,NA,no,NA,"unclear if these were caught with mistnet, no comments in captures file (CCI 2015)"
2009,C,1,CA1667,NA,NA,NA,NA,M,M,yes,F,NA,no,NA,NA
2009,C,2,CA1665,CA1666,NA,NA,NA,M,M,yes,F,NA,yes,NA,NA
2009,C,3,CA1668,CA1669,NA,NA,NA,M,M,yes,F,F,yes,NA,NA
2009,M,-1,NA,NA,CA2711,NA,NA,M,NA,no,F,NA,no,NA,NA
2009,M,-2,NA,CA2713,CA2714,CA2715,NA,M,NA,no,F,F,yes,NA,NA
2009,M,-3,NA,CA2716,CA2712,NA,NA,M,NA,no,F,F,yes,NA,NA
2009,M,-4,NA,NA,CA2717,NA,NA,M,NA,no,F,NA,no,NA,NA
2009,S,-1,CA2698,NA,CA2699,CA2700,CA2701,M,M,yes,F,NA,no,NA,NA
2009,S,-10,NA,NA,CA1683,NA,NA,M,NA,no,F,NA,no,NA,NA
2009,S,-11,CA1087,CA1181,CA3010,NA,NA,M,M,yes,F,F,yes,NA,NA
2009,S,-12,NA,NA,CA3015,NA,NA,M,NA,no,F,NA,no,NA,NA
2009,S,-13,CA3026,NA,CA3027,CA3028,NA,M,NA,yes,F,NA,no,NA,NA
2009,S,-14,CA3034,NA,CA3035,NA,NA,M,NA,yes,F,NA,no,NA,NA
2009,S,-15,NA,CA1627,CA2746,CA2747,CA2748,M,NA,no,F,F,yes,NA,NA
2009,S,-16,NA,NA,CA3038,NA,NA,M,NA,no,F,NA,no,NA,NA
2009,S,-17,NA,NA,CA3043,CA3044,CA3045,M,NA,no,F,NA,no,NA,NA
2009,S,-2,CA1142,CA2705,CA2706,CA2707,NA,M,M,yes,F,F,yes,NA,NA
2009,S,-3,NA,CA2709,CA2710,NA,NA,M,NA,no,F,NA,yes,NA,NA
2009,S,-4,NA,NA,CA1656,CA3004,NA,M,NA,no,F,NA,no,NA,NA
2009,S,-5,NA,NA,CA1661,NA,NA,M,NA,no,F,NA,no,NA,NA
2009,S,-501,NA,CA2685,CA2686,CA2687,CA2688,M,NA,no,F,NA,yes,Brood was originally named S-1 by Elvio,NA
2009,S,-6,NA,NA,CA1672,NA,NA,M,NA,no,F,NA,no,NA,NA
2009,S,-7,CA1675,CA1604,CA2724,CA2725,CA2726,M,M,yes,F,F,yes,NA,NA
2009,S,-8,CA1119,CA1063,CA1686,NA,NA,M,NA,yes,F,F,yes,NA,NA
2009,S,-9,CA1037,NA,CA2731,NA,NA,M,M,yes,F,NA,no,NA,NA
2009,S,10,CA1638,CA1629,CA2718,NA,NA,M,M,yes,F,F,yes,NA,NA
2009,S,101,CA1619,CA1620,CA1648,CA1650,NA,M,M,yes,F,F,yes,NA,NA
2009,S,102,CA1622,CA1618,CA1652,NA,NA,M,M,yes,F,F,yes,NA,NA
2009,S,103,NA,CA1627,NA,NA,NA,M,NA,no,F,F,yes,NA,NA
2009,S,104,NA,NA,NA,NA,NA,M,NA,no,F,NA,no,NA,NA
2009,S,105,NA,NA,NA,NA,NA,M,NA,no,F,NA,no,NA,NA
2009,S,106,CA1626,CA2692,NA,NA,NA,M,M,yes,F,F,yes,NA,NA
2009,S,107,CA1639,CA2629,CA1653,CA2708,NA,M,M,yes,F,F,yes,NA,NA
2009,S,108,CA1152,CA2691,CA1679,NA,NA,M,M,yes,F,F,yes,NA,NA
2009,S,109,CA1633,CA1153,CA1694,CA2730,CA3002,M,M,yes,F,F,yes,NA,NA
2009,S,11,CA1047,CA1097,CA3001,NA,NA,M,M,yes,F,F,yes,NA,NA
2009,S,110,CA1059,CA1058,CA1671,CA2721,CA1676,M,M,yes,F,F,yes,NA,NA
2009,S,111,CA1630,CA1636,CA1699,CA2728,NA,M,M,yes,F,F,yes,NA,NA
2009,S,112,NA,NA,NA,NA,NA,M,NA,no,F,NA,no,NA,NA
2009,S,113,CA2693,CA1616,NA,NA,NA,M,M,yes,F,F,yes,NA,NA
2009,S,114,CA2702,CA1637,CA1684,CA1689,NA,M,M,yes,F,F,yes,NA,NA
2009,S,115,CA2695,NA,NA,NA,NA,M,M,yes,F,NA,no,NA,NA
2009,S,116,CA1147,CA1080,CA1691,NA,NA,M,M,yes,F,F,yes,NA,NA
2009,S,117,CA1107,CA1104,NA,NA,NA,M,M,no,F,F,no,"Not in captures, info of colour rings in Tamas's file",NA
2009,S,118,CA2642,CA2614,CA1698,CA2727,CA3008,M,M,yes,F,F,yes,NA,NA
2009,S,119,CA2666,CA2667,CA1685,CA1695,NA,M,M,yes,F,F,yes,NA,NA
2009,S,12,CA1635,CA1136,CA1658,NA,NA,M,M,yes,F,F,yes,NA,NA
2009,S,120,CA2697,CA2696,NA,NA,NA,M,M,yes,F,F,yes,NA,NA
2009,S,121,CA2694,CA2703,NA,NA,NA,M,M,yes,F,F,yes,NA,NA
2009,S,122,CA1037,CA2652,NA,NA,NA,M,M,yes,F,F,yes,NA,NA
2009,S,123,CA1654,CA1655,CA3014,CA3017,NA,M,NA,yes,F,NA,yes,NA,NA
2009,S,124,NA,CA1651,NA,NA,NA,M,NA,no,F,F,yes,NA,NA
2009,S,125,NA,NA,NA,NA,NA,M,NA,no,F,NA,no,NA,NA
2009,S,126,NA,NA,NA,NA,NA,M,NA,no,F,NA,no,NA,NA
2009,S,127,NA,NA,NA,NA,NA,M,NA,no,F,NA,no,NA,NA
2009,S,128,CA1159,NA,NA,NA,NA,M,M,yes,F,NA,no,NA,NA
2009,S,129,CA1121,NA,CA1640,CA1641,CA1642,M,M,yes,F,NA,no,NA,NA
2009,S,13,CA1069,CA1644,CA3003,NA,NA,M,M,yes,F,F,yes,NA,NA
2009,S,131,NA,CA3016,NA,NA,NA,M,NA,no,F,NA,yes,"Not in captures, info on BirdRef_Maio_ALL Andras sent",NA
2009,S,14,NA,NA,NA,NA,NA,M,NA,no,F,NA,no,NA,NA
2009,S,15,CA1631,CA1067,CA1677,CA1678,CA1680,M,M,yes,F,F,yes,NA,NA
2009,S,16,CA1628,CA1634,CA1662,CA1663,NA,M,M,yes,F,F,yes,NA,NA
2009,S,17,NA,CA1148,CA3006,NA,NA,M,NA,no,F,NA,yes,NA,NA
2009,S,18,CA1682,CA1649,CA3007,CA3011,NA,M,M,yes,F,F,yes,NA,NA
2009,S,19,CA1176,NA,NA,NA,NA,M,M,yes,F,NA,no,NA,NA
2009,S,20,NA,NA,NA,NA,NA,M,NA,no,F,NA,no,NA,NA
2009,S,201,CA1664,CA1089,CA2733,CA2734,NA,M,M,yes,F,F,yes,NA,NA
2009,S,202,CA2729,NA,CA2741,NA,NA,M,NA,yes,F,NA,no,NA,NA
2009,S,203,CA1149,NA,NA,NA,NA,M,M,yes,F,NA,no,NA,NA
2009,S,204,NA,CA3049,NA,NA,NA,M,NA,no,F,NA,yes,NA,NA
2009,S,21,CA1643,CA1073,CA1693,NA,NA,M,M,yes,F,F,yes,NA,NA
2009,S,22,NA,CA2650,NA,NA,NA,M,NA,no,F,F,yes,NA,NA
2009,S,23,NA,NA,NA,NA,NA,M,NA,no,F,NA,no,NA,NA
2009,S,24,CA1645,NA,CA1690,CA1692,NA,M,M,yes,F,NA,no,NA,NA
2009,S,25,CA1696,NA,CA3005,NA,NA,M,M,yes,F,NA,no,NA,NA
2009,S,26,NA,NA,NA,NA,NA,M,NA,no,F,NA,no,NA,NA
2009,S,27,CA1659,CA1670,CA3012,CA3013,CA2736,M,M,yes,F,F,yes,NA,NA
2009,S,28,NA,NA,NA,NA,NA,M,NA,no,F,NA,no,NA,NA
2009,S,29,CA1688,CA1673,CA3024,NA,NA,M,M,yes,F,F,yes,NA,NA
2009,S,30,CA1143,CA1681,CA3030,CA3031,CA3032,M,M,yes,F,NA,yes,NA,NA
2009,S,301,NA,CA2690,CA2752,CA2753,NA,M,NA,no,F,F,yes,NA,NA
2009,S,302,CA2739,CA2742,NA,NA,NA,M,M,yes,F,NA,yes,NA,NA
2009,S,303,CA2743,CA2744,NA,NA,NA,M,NA,yes,F,F,yes,NA,NA
2009,S,304,CA2737,CA2738,CA2750,CA2751,NA,M,M,yes,F,NA,yes,NA,NA
2009,S,308,NA,CA1618,CA3046,CA3047,NA,M,NA,no,F,F,yes,NA,NA
2009,S,31,CA3019,CA3020,CA3021,CA2745,CA3039,M,M,yes,F,NA,yes,NA,NA
2009,S,32,CA1687,CA1674,CA2740,CA3029,NA,M,M,yes,F,F,yes,NA,NA
2009,S,33,CA1096,CA1044,CA2722,CA2723,NA,M,M,yes,F,F,yes,NA,NA
2009,S,34,NA,CA1697,NA,NA,NA,M,NA,no,F,NA,yes,NA,NA
2009,S,36,NA,CA2732,CA3009,CA3036,NA,M,NA,no,F,NA,yes,NA,NA
2009,S,37,CA3037,CA3040,NA,NA,NA,M,M,yes,F,NA,yes,NA,NA
2009,S,38,NA,CA3018,NA,NA,NA,M,NA,no,F,NA,yes,NA,NA
2009,S,39,CA3022,CA3023,NA,NA,NA,M,M,yes,F,F,yes,NA,NA
2009,S,40,CA3033,CA2645,NA,NA,NA,M,NA,yes,F,F,yes,NA,NA
2009,S,41,CA1096,CA1044,NA,NA,NA,M,M,yes,F,F,yes,NA,NA
2009,S,42,CA1178,CA3025,NA,NA,NA,M,M,yes,F,NA,yes,NA,NA
2009,S,43,NA,CA1137,NA,NA,NA,M,NA,no,F,F,yes,NA,NA
2009,S,44,NA,CA3041,NA,NA,NA,M,NA,no,F,NA,yes,NA,NA
2009,S,45,CA1639,CA2629,CA3048,NA,NA,M,M,yes,F,F,yes,NA,NA
2009,S,5,CA1624,CA1092,CA2704,CA1646,NA,M,M,yes,F,F,yes,NA,NA
2009,S,6,CA1625,CA1623,CA1647,NA,NA,M,M,yes,F,F,yes,NA,NA
2009,S,7,CA1621,CA1064,CA1657,CA1660,CA2719,M,M,yes,F,F,yes,NA,NA
2009,S,8,CA1017,CA2690,CA2720,NA,NA,M,M,yes,F,F,yes,NA,NA
2009,S,9,CA1114,CA1110,NA,NA,NA,M,M,yes,F,F,yes,NA,NA
2010,M,-15,NA,NA,NA,NA,NA,M,NA,no,F,NA,no,NA,NA
2010,M,1,NA,CA3418,NA,NA,NA,M,NA,no,F,F,yes,NA,NA
2010,PP,1,NA,NA,NA,NA,NA,M,NA,no,F,NA,no,NA,NA
2010,PP,2,NA,CA3068,NA,NA,NA,M,NA,no,F,F,yes,NA,NA
2010,PP,3,NA,CA3067,NA,NA,NA,M,NA,no,F,F,yes,NA,NA
2010,PP,4,NA,NA,NA,NA,NA,M,NA,no,F,NA,no,NA,NA
2010,PP,5,NA,NA,NA,NA,NA,M,NA,no,F,NA,no,NA,NA
2010,PP,6,NA,NA,NA,NA,NA,M,NA,no,F,NA,no,NA,NA
2010,PP,7,CA3423,CA3069,NA,NA,NA,M,M,no,F,F,yes,NA,NA
2010,S,-1,CA3407,CA2725,CA3408,CA3409,CA3410,M,M,yes,F,F,yes,NA,NA
2010,S,-10,NA,CA1677,NA,NA,NA,M,NA,no,F,M,no,NA,NA
2010,S,-101,CA1631,CA2683,CA3051,NA,NA,M,M,yes,F,F,yes,same as -101?,NA
2010,S,-102,NA,NA,CA3052,CA3079,NA,M,NA,no,F,NA,no,NA,NA
2010,S,-103,NA,NA,CA3053,NA,NA,M,NA,no,F,NA,no,NA,NA
2010,S,-104,CA3056,CA3054,CA3055,NA,NA,M,F,no,F,F,yes,NA,sex needs to be checked (CCI 2015)
2010,S,-105,NA,NA,NA,NA,NA,M,NA,no,F,NA,no,NA,NA
2010,S,-106,CA1152,CA1067,CA3650,NA,NA,M,M,no,F,F,no,NA,NA
2010,S,-107,NA,CA2629,NA,NA,NA,M,NA,no,F,F,no,NA,NA
2010,S,-108,CA2714,NA,CA3112,CA3113,NA,M,M,yes,F,NA,no,NA,NA
2010,S,-109,CA3033,CA2645,CA3114,NA,NA,M,NA,no,F,F,no,NA,NA
2010,S,-11,CA1119,CA1063,CA3712,CA3713,NA,M,NA,no,F,F,no,NA,NA
2010,S,-110,NA,NA,CA3115,NA,NA,M,NA,no,F,NA,no,NA,NA
2010,S,-111,OX.MX|GX.BX,NA,NA,NA,NA,M,NA,no,F,NA,no,Combination not in file,NA
2010,S,-112,NA,CA2705,NA,NA,NA,M,NA,no,F,F,no,NA,NA
2010,S,-113,NA,CA2710,NA,NA,NA,M,NA,no,F,F,no,Sames as Tamas brood -212,NA
2010,S,-114,NA,CA3465,CA3143,NA,NA,M,NA,no,F,F,no,Same as Iwan's nest 84 ,NA
2010,S,-115,CA3145,CA1693,CA3144,NA,NA,M,NA,yes,F,NA,yes,NA,NA
2010,S,-116,CA1630,CA3424,CA3149,CA3150,CA3151,M,M,no,F,F,no,Same female from Iwan's nest 39,NA
2010,S,-117,CA1047,CA3154,CA3153,NA,NA,M,M,no,F,NA,yes,NA,NA
2010,S,-118,NA,NA,NA,NA,NA,M,NA,no,F,NA,no,NA,NA
2010,S,-119,NA,CA3655,NA,NA,NA,M,NA,no,F,NA,no,Same as Tamas brood -230,NA
2010,S,-12,CA1159,NA,CA3715,NA,NA,M,M,no,F,NA,no,NA,NA
2010,S,-120,NA,CA3412,NA,NA,NA,M,NA,no,F,F,no,Same as Iwan's nest 20,NA
2010,S,-13,NA,NA,CA3147,CA3148,NA,M,NA,no,F,NA,no,NA,NA
2010,S,-14,XX.XX|MX.XX,MX.BX|YX.BX,NA,NA,NA,M,NA,no,F,NA,no,NA,NA
2010,S,-16,NA,NA,NA,NA,NA,M,NA,no,F,NA,no,NA,NA
2010,S,-17,CA3074,CA3070,CA3724,CA3725,NA,M,M,no,F,F,no,NA,NA
2010,S,-18,MX.OX|BX.LX,XX.MX|XX.OX,NA,NA,NA,M,NA,no,F,NA,no,NA,NA
2010,S,-19,MX.LX|BX.GX,OX.MX|BX.RX,CA3716,CA3717,NA,M,NA,no,F,NA,no,Combination not in file,NA
2010,S,-2,NA,NA,CA3421,NA,NA,M,NA,no,F,NA,no,NA,NA
2010,S,-20,CA1631,CA2696,NA,NA,NA,M,M,no,F,F,no,NA,NA
2010,S,-201,NA,CA3427,CA3428,CA3601,NA,M,NA,no,F,F,yes,NA,NA
2010,S,-202,BX.MX|LX.YX,BX.MX|LX.WX,CA3602,NA,NA,M,NA,no,F,NA,no,NA,NA
2010,S,-203,NA,NA,CA3436,CA3437,NA,M,NA,no,F,NA,no,NA,NA
2010,S,-204,NA,CA3607,CA3075,CA3076,NA,M,NA,no,F,F,yes,NA,NA
2010,S,-205,BX.MX|WX.YX,CA1073,CA3077,NA,NA,M,NA,no,F,F,yes,NA,NA
2010,S,-206,MX.OX|RX.LX,MX.LX|YX.YX,CA3404,CA3608,NA,M,NA,no,F,NA,no,NA,NA
2010,S,-207,NA,NA,CA3078,NA,NA,M,NA,no,F,NA,no,NA,NA
2010,S,-208,NA,NA,CA3079,NA,NA,M,NA,no,F,NA,no,NA,NA
2010,S,-209,CA3438,NA,CA3609,CA3610,NA,M,M,yes,F,NA,no,NA,NA
2010,S,-21,NA,NA,CA3732,CA3736,NA,M,NA,no,F,NA,no,NA,NA
2010,S,-210,NA,NA,CA3611,NA,NA,M,NA,no,F,NA,no,NA,NA
2010,S,-211,CA3612,CA2691,CA3441,CA3442,NA,M,M,yes,F,F,yes,NA,NA
2010,S,-212,CA3616,CA2710,CA3102,CA3454,NA,M,NA,yes,F,F,yes,NA,NA
2010,S,-213,CA3617,CA1627,CA3618,CA3619,CA3620,M,M,yes,F,F,yes,NA,NA
2010,S,-214,CA3622,CA1139,CA3092,CA3093,NA,M,M,yes,F,F,yes,NA,NA
2010,S,-215,CA1142,CA2705,CA3623,NA,NA,M,M,no,F,F,no,M vs F might be reversed,NA
2010,S,-216,NA,NA,CA3624,CA3714,NA,M,NA,no,F,NA,no,NA,NA
2010,S,-217,MX.OX|GX.WX,MX.OX|YX.RX,NA,NA,NA,M,NA,no,F,NA,no,NA,NA
2010,S,-218,CA1180,NA,CA3462,CA3627,NA,M,M,no,F,NA,no,NA,NA
2010,S,-219,MX.RX|YX.BX,BX.MX|YX.OX,CA3628,NA,NA,M,NA,no,F,NA,no,NA,NA
2010,S,-22,CA2697,MX.YX|RX.BX,CA3721,CA3722,NA,M,M,no,F,NA,no,Combination not in file,NA
2010,S,-220,MX.RX|RX.RX,NA,CA3631,CA3632,NA,M,NA,no,F,NA,no,NA,NA
2010,S,-221,MX.BX|BX.OX,NA,CA3111,CA3633,CA3651,M,NA,no,F,NA,no,NA,NA
2010,S,-222,NA,MX.YX|OX.GX,CA3636,NA,NA,M,NA,no,F,NA,no,NA,NA
2010,S,-223,NA,BX.MX|OX.WX,CA3477,CA3637,NA,M,NA,no,F,NA,no,NA,NA
2010,S,-224,CA3638,CA3639,CA3484,NA,NA,M,M,yes,F,F,yes,Combination not in file,NA
2010,S,-225,CA3640,MX.BX|OX.LX,CA3641,CA3642,NA,M,M,yes,F,NA,no,NA,NA
2010,S,-226,CA2666,CA2610,CA3644,CA3645,NA,M,M,yes,F,F,yes,NA,NA
2010,S,-227,NA,NA,NA,NA,NA,M,NA,no,F,NA,no,NA,NA
2010,S,-228,NA,NA,CA3047,CA3646,CA3648,M,NA,no,F,NA,no,NA,NA
2010,S,-229,NA,NA,CA3649,NA,NA,M,NA,no,F,NA,no,NA,NA
2010,S,-23,NA,NA,CA3727,CA3728,CA3729,M,NA,no,F,NA,no,NA,NA
2010,S,-230,CA3658,CA3655,CA3656,CA3657,NA,M,F,no,F,NA,yes,NA,NA
2010,S,-231,NA,NA,CA3659,CA3705,NA,M,NA,no,F,NA,no,NA,NA
2010,S,-24,NA,CA1073,CA3730,CA3731,NA,M,NA,no,F,F,no,NA,NA
2010,S,-25,NA,NA,CA3730,CA3731,NA,M,NA,no,F,NA,no,NA,NA
2010,S,-26,NA,MX.LX|YX.YX,CA3734,CA3735,NA,M,NA,no,F,NA,no,Combination not in file,NA
2010,S,-27,XX.XX|BX.WX,CA1136,NA,NA,NA,M,NA,no,F,F,no,NA,NA
2010,S,-28,CA1017,CA2690,CA3741,CA3742,NA,M,M,no,F,F,no,NA,NA
2010,S,-29,NA,NA,CA3733,NA,NA,M,NA,no,F,NA,no,NA,NA
2010,S,-3,NA,NA,CA3422,NA,NA,M,NA,no,F,NA,no,NA,NA
2010,S,-30,CA2702,CA2724,NA,NA,NA,M,M,no,F,F,no,NA,NA
2010,S,-300,NA,NA,CA3485,CA3486,NA,M,NA,no,F,NA,no,NA,NA
2010,S,-301,CA1052,MX.GX|BX.WX,NA,NA,NA,M,M,no,F,NA,no,adopted 2 chicks on 8 Nov; one of them CA3443,NA
2010,S,-31,CA1037,CA2652,CA3738,CA3739,NA,M,M,no,F,F,no,NA,NA
2010,S,-32,NA,CA3405,NA,NA,NA,M,NA,no,F,F,no,NA,NA
2010,S,-33,NA,NA,CA3740,NA,NA,M,NA,no,F,NA,no,NA,NA
2010,S,-34,NA,CA2697,NA,NA,NA,M,NA,no,F,M,no,NA,NA
2010,S,-35,NA,NA,NA,NA,NA,M,NA,no,F,NA,no,on island,NA
2010,S,-4,BX.MX|RX.YX,MX.OX|LX.RX,CA3426,CA3615,NA,M,NA,no,F,NA,no,NA,NA
2010,S,-5,NA,NA,CA3429,CA3430,NA,M,NA,no,F,NA,no,NA,NA
2010,S,-6,NA,NA,CA3496,CA3497,NA,M,NA,no,F,NA,no,NA,NA
2010,S,-7,CA3660,CA3706,CA3661,CA3707,NA,M,M,yes,F,F,yes,NA,NA
2010,S,-9,NA,NA,CA3720,NA,NA,M,NA,no,F,NA,no,NA,NA
2010,S,1,NA,NA,NA,NA,NA,M,NA,no,F,NA,no,NA,NA
2010,S,10,CA1052,CA3018,NA,NA,NA,M,M,yes,F,NA,yes,NA,NA
2010,S,101,CA1181,CA3403,NA,NA,NA,M,F,yes,F,M,no,M vs F might be reversed,NA
2010,S,102,CA1096,CA1044,CA3080,CA3081,CA3613,M,M,no,F,F,yes,NA,NA
2010,S,103,CA2692,CA1064,NA,NA,NA,M,F,no,F,F,yes,M vs F might be reversed,NA
2010,S,104,NA,CA3062,NA,NA,NA,M,NA,no,F,F,yes,NA,NA
2010,S,105,CA2656,NA,NA,NA,NA,M,M,no,F,NA,no,IWAN'S,NA
2010,S,106,CA1017,CA2690,CA3414,CA3415,CA3416,M,M,no,F,F,no,NA,NA
2010,S,107,CA1136,CA3003,CA3095,CA3096,NA,M,F,no,F,F,yes,NA,NA
2010,S,108,CA1663,CA2721,CA3100,NA,NA,M,M,yes,F,F,yes,NA,NA
2010,S,109,CA1621,CA3401,NA,NA,NA,M,M,no,F,F,yes,NA,NA
2010,S,11,CA1114,CA1110,CA3443,CA3451,CA3625,M,M,yes,F,F,yes,the parents adopted CA3483 on 19 October,NA
2010,S,110,MX.RX|YX.LX,CA2614,CA3603,NA,NA,M,NA,no,F,F,no,NEEDS CHECKING MALE COLOR COMBINATION,NA
2010,S,111,XX.WX|XX.XX,CA3057,CA3107,NA,NA,M,NA,no,F,F,yes,NA,NA
2010,S,112,CA3058,CA3064,CA3104,CA3105,CA3108,M,M,yes,F,F,yes,NA,NA
2010,S,113,CA1104,CA3065,CA3120,NA,NA,M,F,yes,F,M,yes,M vs F might be reversed,NA
2010,S,114,NA,CA2715,NA,NA,NA,M,NA,no,F,F,yes,NA,NA
2010,S,115,CA3073,CA3059,NA,NA,NA,M,M,yes,F,F,yes,NA,NA
2010,S,116,MX.XX|XX.XX,CA3060,NA,NA,NA,M,NA,no,F,F,yes,NA,NA
2010,S,117,MX.OX|OX.RX,CA3061,NA,NA,NA,M,NA,no,F,F,yes,"REPEATED COMBINATION FOR MALE, NOT SURE WHICH IS MALE AND WHICH FEMALE",NA
2010,S,118,NA,NA,NA,NA,NA,M,NA,no,F,NA,no,IWAN'S,NA
2010,S,119,NA,CA3063,NA,NA,NA,M,NA,no,F,F,yes,NA,NA
2010,S,12,NA,NA,NA,NA,NA,M,NA,no,F,NA,no,NA,NA
2010,S,120,CA3074,CA3070,NA,NA,NA,M,M,yes,F,F,yes,NA,NA
2010,S,121,CA1619,CA1620,CA3086,CA3087,CA3091,M,M,no,F,F,yes,NA,NA
2010,S,122,MX.OX|WX.YX,NA,NA,NA,NA,M,NA,no,F,NA,no,Combination not in file,"Male's code not in file according to field notes, MO|WY first appears in captures until 2013 (CCI 2016)"
2010,S,123,CA3037,CA2692,NA,NA,NA,M,M,yes,F,F,yes,NA,"This nest's male was captured in BirdRef as CA3083 (that is a female) and is inconsistent with the male captured from this nest, changed ring to CA3037 (which appears in the capture file) (CCI 2015)"
2010,S,124,CA2706,CA2718,CA3118,CA3119,NA,M,M,yes,F,F,yes,NA,NA
2010,S,125,CA1176,CA2753,CA3125,CA3128,NA,M,M,yes,F,F,yes,NA,NA
2010,S,126,CA2737,CA1631,CA3127,NA,NA,M,M,yes,F,M,no,M vs F might be reversed,NA
2010,S,127,CA3084,CA1622,CA3097,CA3098,NA,M,M,yes,F,M,no,M vs F might be reversed,NA
2010,S,128,NA,NA,NA,NA,NA,M,NA,no,F,NA,no,NA,NA
2010,S,129,CA3106,CA3094,NA,NA,NA,M,NA,yes,F,NA,yes,NA,NA
2010,S,13,NA,CA3041,NA,NA,NA,M,NA,no,F,NA,yes,NA,NA
2010,S,130,CA3046,CA3085,CA3116,CA3117,NA,M,NA,yes,F,F,yes,NA,NA
2010,S,131,CA3101,CA3103,CA3109,NA,NA,M,NA,yes,F,NA,yes,NA,NA
2010,S,132,CA1639,CA3621,CA3088,CA3089,CA3090,M,M,yes,F,F,yes,NA,NA
2010,S,133,NA,NA,NA,NA,NA,M,NA,no,F,NA,no,NA,NA
2010,S,134,CA3129,NA,NA,NA,NA,M,NA,yes,F,NA,no,NA,NA
2010,S,135,CA1052,CA1058,CA3152,NA,NA,M,M,no,F,F,no,NA,NA
2010,S,136,NA,NA,NA,NA,NA,M,NA,no,F,NA,no,NA,NA
2010,S,137,CA3141,NA,NA,NA,NA,M,NA,yes,F,NA,no,NA,NA
2010,S,138,CA3140,CA2746,CA3155,CA3156,NA,M,NA,yes,F,M,no,NA,NA
2010,S,139,NA,CA3142,NA,NA,NA,M,NA,no,F,NA,yes,NA,NA
2010,S,14,NA,NA,NA,NA,NA,M,NA,no,F,NA,no,NA,NA
2010,S,140,CA1104,CA3065,NA,NA,NA,M,F,no,F,M,no,M vs F might be reversed,NA
2010,S,141,CA3034,CA3020,CA3159,NA,NA,M,NA,no,F,NA,no,NA,NA
2010,S,142,MX.OX|WX.YX,CA3146,CA3157,CA3158,NA,M,NA,no,F,NA,yes,Combination not in file,"Male's code not in file according to field notes, MO|WY first appears in captures until 2013 (CCI 2016)"
2010,S,143,CA2695,CA3124,CA3160,CA3161,NA,M,M,no,F,NA,yes,NA,NA
2010,S,15,CA3082,CA3066,CA3099,CA3643,NA,M,F,yes,F,M,yes,M vs F might be reversed,sex needs to be checked (CCI 2015)
2010,S,16,NA,NA,NA,NA,NA,M,NA,no,F,NA,no,NA,NA
2010,S,17,NA,MX.OX|OX.OX,NA,NA,NA,M,NA,no,F,NA,no,NA,NA
2010,S,18,NA,NA,NA,NA,NA,M,NA,no,F,NA,no,NA,NA
2010,S,19,NA,NA,NA,NA,NA,M,NA,no,F,NA,no,NA,NA
2010,S,2,NA,NA,NA,NA,NA,M,NA,no,F,NA,no,NA,NA
2010,S,20,NA,CA3412,NA,NA,NA,M,NA,no,F,F,yes,NA,NA
2010,S,201,CA2741,CA2712,NA,NA,NA,M,M,yes,F,F,yes,NA,NA
2010,S,202,CA3604,CA3614,NA,NA,NA,M,M,yes,F,F,yes,NA,NA
2010,S,203,CA3605,CA3606,NA,NA,NA,M,M,yes,F,F,yes,NA,NA
2010,S,204,NA,CA3044,NA,NA,NA,M,NA,no,F,F,no,NA,NA
2010,S,205,NA,CA3044,NA,NA,NA,M,NA,no,F,F,yes,NA,NA
2010,S,206,NA,CA2740,NA,NA,NA,M,NA,no,F,F,yes,NA,NA
2010,S,207,NA,NA,NA,NA,NA,M,NA,no,F,NA,no,NA,NA
2010,S,208,NA,NA,NA,NA,NA,M,NA,no,F,NA,no,NA,NA
2010,S,209,NA,CA3629,CA3630,NA,NA,M,NA,no,F,F,yes,NA,NA
2010,S,21,NA,NA,NA,NA,NA,M,NA,no,F,NA,no,NA,NA
2010,S,210,WX.MX|WX.BX,NA,NA,NA,NA,M,NA,no,F,NA,no,NA,NA
2010,S,211,NA,NA,NA,NA,NA,M,NA,no,F,NA,no,NA,NA
2010,S,22,CA3466,CA3431,CA3467,CA3634,CA3635,M,M,yes,F,F,yes,NA,NA
2010,S,23,NA,NA,NA,NA,NA,M,NA,no,F,NA,no,NA,NA
2010,S,24,NA,NA,NA,NA,NA,M,NA,no,F,NA,no,NA,NA
2010,S,25,NA,NA,NA,NA,NA,M,NA,no,F,NA,no,NA,NA
2010,S,26,NA,NA,NA,NA,NA,M,NA,no,F,NA,no,NA,NA
2010,S,27,NA,MX.OX|OX.WX,NA,NA,NA,M,NA,no,F,NA,no,NA,NA
2010,S,28,NA,NA,NA,NA,NA,M,NA,no,F,NA,no,NA,NA
2010,S,29,CA3468,CA3406,CA3469,CA3473,NA,M,M,yes,F,F,yes,NA,NA
2010,S,3,NA,NA,NA,NA,NA,M,NA,no,F,NA,no,NA,NA
2010,S,30,MX.OX|RX.WX,CA2724,NA,NA,NA,M,NA,no,F,F,yes,NA,NA
2010,S,300,NA,CA3704,NA,NA,NA,M,NA,no,F,F,yes,NA,NA
2010,S,301,NA,CA3709,NA,NA,NA,M,NA,no,F,NA,yes,NA,NA
2010,S,302,NA,CA3061,NA,NA,NA,M,NA,no,F,F,yes,NA,NA
2010,S,303,CA3136,CA3708,NA,NA,NA,M,NA,yes,F,M,no,NA,NA
2010,S,304,NA,CA3703,CA3710,CA3711,NA,M,NA,no,F,NA,yes,NA,NA
2010,S,305,CA1114,CA1110,CA3719,NA,NA,M,M,no,F,F,no,NA,NA
2010,S,306,NA,NA,CA3719,NA,NA,M,NA,no,F,NA,no,NA,NA
2010,S,307,NA,CA2657,CA3732,CA3736,NA,M,NA,no,F,F,no,NA,NA
2010,S,31,NA,CA3411,CA3446,NA,NA,M,NA,no,F,F,yes,NA,NA
2010,S,312,NA,NA,CA3740,NA,NA,M,NA,no,F,NA,no,NA,NA
2010,S,32,CA2697,CA3448,CA3461,CA3626,NA,M,M,yes,F,F,yes,NA,NA
2010,S,326,NA,NA,CA3737,CA3743,NA,M,NA,no,F,NA,no,NA,NA
2010,S,33,NA,CA3402,NA,NA,NA,M,NA,no,F,NA,yes,NA,NA
2010,S,335,NA,NA,CA3718,NA,NA,M,NA,no,F,NA,no,NA,NA
2010,S,34,NA,NA,NA,NA,NA,M,NA,no,F,NA,no,NA,NA
2010,S,35,CA3478,CA3071,CA3492,CA3493,NA,M,M,yes,F,F,yes,NA,NA
2010,S,36,NA,CA3405,NA,NA,NA,M,NA,no,F,F,yes,NA,NA
2010,S,37,CA1069,NA,NA,NA,NA,M,M,yes,F,NA,no,NA,NA
2010,S,38,CA3500,CA3450,CA3449,CA3455,CA3456,M,M,yes,F,F,yes,M vs F might be reversed,NA
2010,S,39,CA1630,CA3424,CA3149,CA3150,CA3151,M,M,no,F,F,yes,NA,NA
2010,S,4,NA,NA,NA,NA,NA,M,NA,no,F,NA,no,NA,NA
2010,S,40,CA3440,CA3425,CA3475,NA,NA,M,M,yes,F,F,yes,NA,NA
2010,S,41,CA3413,CA3072,NA,NA,NA,M,NA,yes,F,M,no,M vs F might be reversed,NA
2010,S,42,NA,NA,NA,NA,NA,M,NA,no,F,NA,no,NA,NA
2010,S,43,NA,NA,NA,NA,NA,M,NA,no,F,NA,no,NA,NA
2010,S,44,CA3445,CA3420,CA3472,CA3476,NA,M,M,yes,F,F,yes,NEED TO CONFIRM SEXES FROM BLOOD - MY|OY believed to be male; MY|GR believed to be female,NA
2010,S,45,NA,CA3419,CA3652,CA3702,NA,M,NA,no,F,F,yes,NA,NA
2010,S,46,NA,CA3008,NA,NA,NA,M,NA,no,F,F,yes,NA,NA
2010,S,47,NA,CA1627,NA,NA,NA,M,NA,no,F,F,yes,NA,NA
2010,S,48,NA,CA1058,NA,NA,NA,M,NA,no,F,F,yes,NA,NA
2010,S,49,NA,CA2727,NA,NA,NA,M,NA,no,F,F,yes,NA,NA
2010,S,5,CA3460,CA3417,CA3459,NA,NA,M,M,yes,F,F,yes,NA,NA
2010,S,50,NA,CA1671,CA3487,CA3489,NA,M,NA,no,F,F,yes,NA,NA
2010,S,51,NA,NA,NA,NA,NA,M,NA,no,F,NA,no,NA,NA
2010,S,52,CA3433,CA3432,NA,NA,NA,M,M,yes,F,F,yes,NA,NA
2010,S,53,CA3457,CA3435,CA3471,NA,NA,M,M,yes,F,F,yes,NA,NA
2010,S,54,NA,CA3439,NA,NA,NA,M,NA,no,F,F,yes,NA,NA
2010,S,55,CA3434,CA3434,CA3453,NA,NA,M,F,no,F,F,yes,M vs F might be reversed,NA
2010,S,56,CA1638,CA1080,CA3131,NA,NA,M,M,yes,F,F,yes,NA,NA
2010,S,57,NA,NA,NA,NA,NA,M,NA,no,F,NA,no,NA,NA
2010,S,58,NA,NA,NA,NA,NA,M,NA,no,F,NA,no,NA,NA
2010,S,59,CA3470,CA2696,CA3723,NA,NA,M,M,yes,F,F,yes,NA,NA
2010,S,6,NA,NA,NA,NA,NA,M,NA,no,F,NA,no,NA,NA
2010,S,60,CA2619,CA3444,CA3474,NA,NA,M,NA,yes,F,F,yes,NA,NA
2010,S,61,NA,CA3463,NA,NA,NA,M,NA,no,F,F,yes,NA,NA
2010,S,62,NA,CA3464,NA,NA,NA,M,NA,no,F,F,yes,NA,NA
2010,S,63,NA,NA,NA,NA,NA,M,NA,no,F,NA,no,NA,NA
2010,S,64,NA,CA3494,NA,NA,NA,M,NA,no,F,NA,yes,NA,NA
2010,S,65,NA,NA,NA,NA,NA,M,NA,no,F,NA,no,NA,NA
2010,S,66,CA3701,CA3701,NA,NA,NA,M,NA,yes,F,NA,no,NA,NA
2010,S,67,NA,NA,NA,NA,NA,M,NA,no,F,NA,no,NA,NA
2010,S,68,NA,NA,NA,NA,NA,M,NA,no,F,NA,no,NA,NA
2010,S,69,NA,NA,NA,NA,NA,M,NA,no,F,NA,no,NA,NA
2010,S,7,CA3423,NA,NA,NA,NA,M,M,yes,F,NA,no,NA,NA
2010,S,70,NA,NA,CA3498,CA3499,NA,M,NA,no,F,NA,no,NA,NA
2010,S,71,NA,CA1100,NA,NA,NA,M,NA,no,F,F,yes,NA,NA
2010,S,72,NA,NA,NA,NA,NA,M,NA,no,F,NA,no,NA,NA
2010,S,73,NA,NA,NA,NA,NA,M,NA,no,F,NA,no,NA,NA
2010,S,74,CA1688,CA3447,CA3488,NA,NA,M,M,yes,F,F,yes,NA,NA
2010,S,75,NA,CA3452,NA,NA,NA,M,NA,no,F,F,yes,NA,NA
2010,S,76,NA,CA3023,NA,NA,NA,M,NA,no,F,F,yes,NA,NA
2010,S,77,CA3135,CA3458,CA3132,CA3133,NA,M,NA,yes,F,F,yes,NA,NA
2010,S,78,NA,CA3490,NA,NA,NA,M,NA,no,F,F,yes,NA,NA
2010,S,79,CA3130,CA3491,CA3134,NA,NA,M,NA,yes,F,F,yes,NA,NA
2010,S,8,NA,NA,NA,NA,NA,M,NA,no,F,NA,no,NA,NA
2010,S,80,NA,NA,NA,NA,NA,M,NA,no,F,NA,no,NA,NA
2010,S,81,NA,NA,NA,NA,NA,M,NA,no,F,NA,no,NA,NA
2010,S,82,NA,NA,NA,NA,NA,M,NA,no,F,NA,no,NA,NA
2010,S,83,NA,NA,NA,NA,NA,M,NA,no,F,NA,no,NA,NA
2010,S,84,NA,CA3465,CA3143,NA,NA,M,NA,no,F,F,yes,"MY|YL ringed as female, but could be male - need to check blood sample. Other bird is unringed. ",NA
2010,S,85,NA,CA1099,NA,NA,NA,M,NA,no,F,F,yes,NA,NA
2010,S,86,NA,NA,NA,NA,NA,M,NA,no,F,NA,no,NA,NA
2010,S,87,NA,NA,NA,NA,NA,M,NA,no,F,NA,no,NA,NA
2010,S,88,NA,NA,NA,NA,NA,M,NA,no,F,NA,no,NA,NA
2010,S,89,NA,NA,CA3726,NA,NA,M,NA,no,F,NA,no,NA,NA
2010,S,9,CA1047,CA1047,NA,NA,NA,M,M,yes,F,M,no,NA,NA
2010,S,90,CA3479,CA3480,CA3481,CA3482,NA,M,M,yes,F,F,yes,NA,NA
2010,S,91,CA2695,CA3124,NA,NA,NA,M,M,yes,F,NA,yes,NA,NA
2010,S,92,CA3123,CA3121,CA3137,CA3138,CA3139,M,NA,yes,F,NA,yes,NA,NA
2010,S,93,CA3122,CA3126,NA,NA,NA,M,NA,yes,F,NA,yes,NA,NA
2010,S,94,NA,CA1040,NA,NA,NA,M,NA,no,F,NA,yes,NA,NA
2010,S,95,NA,NA,NA,NA,NA,M,NA,no,F,NA,no,NA,NA
2010,S,96,NA,NA,CA3495,NA,NA,M,NA,no,F,NA,no,NA,NA
2010,S,97,NA,NA,NA,NA,NA,M,NA,no,F,NA,no,NA,NA
2010,S,98,NA,NA,NA,NA,NA,M,NA,no,F,NA,no,NA,NA
2010,S,99,NA,NA,NA,NA,NA,M,NA,no,F,NA,no,NA,NA
2011,M,-101,NA,NA,CA3746,NA,NA,M,NA,no,F,NA,no,NA,NA
2011,S,-1,CA2686,CA3427,CA3747,CA3748,CA3749,M,NA,yes,F,F,yes,NA,NA
2011,S,-101,NA,CA1169,CA3744,NA,NA,M,NA,no,F,F,no,male needs to be checked,NA
2011,S,1,NA,CA2755,CA3745,NA,NA,M,NA,no,F,NA,yes,NA,NA
2011,S,101,NA,CA3491,NA,NA,NA,M,NA,no,F,F,no,NA,NA
2011,S,102,CA1099,CA1697,NA,NA,NA,M,F,no,F,NA,yes,NA,NA
2011,S,103,CA2603,CA1174,NA,NA,NA,M,NA,yes,F,F,yes,NA,NA
2011,S,104,NA,CA3606,NA,NA,NA,M,NA,no,F,F,no,NA,NA
2011,S,2,CA1639,CA3621,NA,NA,NA,M,M,yes,F,F,yes,NA,NA
2011,S,3,CA2754,NA,NA,NA,NA,M,NA,yes,F,NA,no,NA,NA
2011,S,4,NA,CA3606,NA,NA,NA,M,NA,NA,F,F,yes,NA,NA
2011,S,5,NA,CA2756,NA,NA,NA,M,NA,no,F,NA,yes,NA,NA
2011,S,6,CA1037,NA,NA,NA,NA,M,M,yes,F,NA,NA,NA,NA
2012,M,-301,NA,NA,CA3162,CA3163,NA,M,NA,no,F,NA,no,NA,NA
2012,M,-302,NA,CA3164,CA3165,CA3166,NA,M,NA,no,F,NA,yes,NA,NA
2012,M,-303,NA,NA,CA3167,NA,NA,M,NA,no,F,NA,no,NA,NA
2012,M,-304,CA3168,NA,CA3169,CA3170,NA,M,NA,no,F,NA,no,NA,NA
2012,S,-1,CA3662,CA3663,CA2760,CA2761,NA,M,NA,yes,F,NA,yes,NA,NA
2012,S,-10,RX.MX|BX.RX,CA3793,CA3196,NA,NA,M,NA,no,F,NA,yes,NA,NA
2012,S,-101,WX.MX|WX.BX,MX.OX|LX.RX,CA2763,NA,NA,M,NA,no,F,NA,no,NA,NA
2012,S,-11,NA,CA3032,CA3795,CA3796,CA3794,M,NA,no,F,F,yes,NA,NA
2012,S,-12,MX.WX|WX.WX,MX.WX|BX.LX,NA,NA,NA,M,NA,no,F,NA,no,"1 chick, unringed",NA
2012,S,-13,OX.MX|OX.WX,OX.MX|OX.GX,RX.XX|BX.XX,NA,NA,M,NA,no,F,NA,no,NA,NA
2012,S,-14,NA,OX.MX|YX.WX,CA3172,NA,NA,M,NA,no,F,NA,no,NA,NA
2012,S,-15,BX.MX|BX.WX,MX.OX|LX.WX,WX.XX|BX.XX,NA,NA,M,NA,no,F,NA,no,NA,NA
2012,S,-16,NA,CA2727,CA3685,NA,NA,M,NA,no,F,F,yes,NA,NA
2012,S,-17,CA3036,WX.MX|BX.GX,BX.XX|BX.XX,LX.XX|BX.XX,NA,M,M,yes,F,NA,no,NA,NA
2012,S,-18,NA,MX.XX|WX.XX,CA3693,CA3694,YX.XX|BX.XX,M,NA,no,F,NA,no,NA,NA
2012,S,-19,CA3682,CA3680,CA3681,CA3683,NA,M,NA,yes,F,NA,yes,NA,NA
2012,S,-2,CA1187,NA,CA3750,NA,NA,M,M,yes,F,NA,no,NA,NA
2012,S,-20,NA,NA,CA3684,NA,NA,M,NA,no,F,NA,no,NA,NA
2012,S,-21,MX.OX|RX.BX,RX.MX|RX.BX,CA3692,NA,NA,M,NA,no,F,NA,no,NA,NA
2012,S,-22,CA3038,CA3695,BX.XX|GX.XX,GX.XX|GX.XX,NA,M,M,yes,F,NA,yes,NA,NA
2012,S,-23,CA3696,CA3447,LX.XX|GX.XX,NA,NA,M,NA,yes,F,F,yes,NA,NA
2012,S,-24,CA2754,CA3141,CA3690,NA,NA,M,NA,yes,F,NA,yes,NA,NA
2012,S,-25,OX.MX|OX.RX,WX.MX|OX.RX,CA3687,NA,NA,M,NA,no,F,NA,no,NA,NA
2012,S,-26,MX.WX|BX.WX,CA3458,YX.XX|GX.XX,OX.XX|GX.XX,RX.XX|GX.XX,M,NA,no,F,F,yes,NA,NA
2012,S,-27,BX.MX|BX.RX,MX.YX|LX.GX,CA3691,NA,NA,M,NA,no,F,NA,no,NA,NA
2012,S,-28,CA3027,MX.RX|YX.RX,CA3698,NA,NA,M,M,yes,F,NA,no,NA,NA
2012,S,-29,BX.MX|YX.RX,MX.OX|RX.WX,YX.XX|LX.XX,NA,NA,M,NA,no,F,NA,no,NA,NA
2012,S,-3,MX.YX|YX.OX,MX.YX|LX.RX,CA3756,NA,NA,M,NA,no,F,NA,no,NA,NA
2012,S,-30,CA2773,CA2770,CA2771,CA2772,NA,M,NA,no,F,NA,no,NA,NA
2012,S,-31,CA2773,CA2770,CA2771,CA2772,NA,M,NA,yes,F,NA,yes,NA,NA
2012,S,-4,YX.MX|OX.WX,MX.YX|LX.OX,CA2766,NA,NA,M,NA,no,F,NA,no,NA,NA
2012,S,-5,BX.YX|MX.XX,CA3448,CA3177,NA,NA,M,NA,no,F,F,yes,NA,NA
2012,S,-6,CA3612,NA,CA3187,CA3790,NA,M,M,yes,F,NA,no,NA,NA
2012,S,-7,MX.RX|WX.YX,CA3190,CA3191,CA3192,NA,M,NA,no,F,NA,yes,NA,NA
2012,S,-8,NA,CA3194,CA3193,NA,NA,M,NA,no,F,NA,yes,NA,NA
2012,S,-9,NA,OX.RX|WX.WX,CA3188,CA3189,NA,M,NA,no,F,NA,no,NA,NA
2012,S,1,NA,MX.XX|BX.GX,NA,NA,NA,M,NA,no,F,NA,no,NA,NA
2012,S,10,MX.OX|YX.WX,NA,NA,NA,NA,M,NA,no,F,NA,no,NA,NA
2012,S,101,NA,CA2757,NA,NA,NA,M,NA,no,F,NA,yes,NA,NA
2012,S,102,CA2758,CA2759,NA,NA,NA,M,NA,yes,F,NA,yes,NA,NA
2012,S,103,NA,MX.BX|LX.RX,NA,NA,NA,M,NA,no,F,NA,no,NA,NA
2012,S,104,CA3755,CA3044,NA,NA,NA,M,NA,yes,F,F,yes,NA,NA
2012,S,105,CA3667,CA1073,CA3780,CA3781,CA3782,M,NA,yes,F,F,yes,NA,NA
2012,S,106,CA1136,CA2721,NA,NA,NA,M,F,yes,F,F,yes,NA,sex needs to be checked (CCI 2015)
2012,S,107,CA3616,CA3083,NA,NA,NA,M,NA,yes,F,F,yes,NA,NA
2012,S,108,NA,CA3011,NA,NA,NA,M,NA,no,F,F,yes,NA,NA
2012,S,109,CA3666,CA3668,CA3785,CA3175,CA3176,M,NA,yes,F,NA,yes,NA,NA
2012,S,11,NA,NA,NA,NA,NA,M,NA,no,F,NA,no,NA,NA
2012,S,110,CA2767,CA2765,LX.XX|GX.XX,NA,NA,M,NA,yes,F,NA,yes,NA,NA
2012,S,111,NA,MX.RX|OX.WX,CA3200,OX.XX|BX.XX,NA,M,NA,no,F,NA,no,NA,NA
2012,S,112,NA,CA3139,NA,NA,NA,M,NA,no,F,NA,yes,NA,NA
2012,S,113,NA,CA3775,NA,NA,NA,M,NA,no,F,NA,yes,NA,NA
2012,S,114,CA3183,CA3765,CA3686,NA,NA,M,NA,yes,F,NA,yes,NA,NA
2012,S,115,MX.WX|RX.BX,NA,NA,NA,NA,M,NA,no,F,NA,no,NA,NA
2012,S,12,NA,NA,NA,NA,NA,M,NA,no,F,NA,no,NA,NA
2012,S,13,NA,NA,NA,NA,NA,M,NA,no,F,NA,no,NA,NA
2012,S,14,CA3753,CA3665,CA3783,CA3784,NA,M,NA,yes,F,NA,yes,NA,NA
2012,S,15,CA1630,CA3424,NA,NA,NA,M,M,yes,F,F,yes,NA,NA
2012,S,16,NA,NA,NA,NA,NA,M,NA,no,F,NA,no,NA,NA
2012,S,17,CA1638,CA1080,NA,NA,NA,M,M,yes,F,F,yes,NA,NA
2012,S,18,NA,MX.RX|OX.BX,NA,NA,NA,M,NA,no,F,NA,no,NA,NA
2012,S,19,MX.WX|RX.BX,CA2751,NA,NA,NA,M,NA,no,F,NA,yes,NA,NA
2012,S,2,BX.MX|RX.YX,BX.MX|OX.OX,CA3762,CA3763,NA,M,NA,no,F,NA,no,NA,NA
2012,S,20,CA1169,CA1121,CA3181,CA3182,NA,M,F,yes,F,M,yes,"ringed on nest, no resightings after",NA
2012,S,201,MX.WX|OX.OX,CA2718,NA,NA,NA,M,NA,no,F,F,yes,NA,NA
2012,S,202,NA,NA,NA,NA,NA,M,NA,no,F,NA,no,NA,NA
2012,S,203,NA,NA,NA,NA,NA,M,NA,no,F,NA,no,NA,NA
2012,S,204,NA,NA,NA,NA,NA,M,NA,no,F,NA,no,NA,NA
2012,S,205,NA,NA,NA,NA,NA,M,NA,no,F,NA,no,NA,NA
2012,S,206,NA,NA,NA,NA,NA,M,NA,no,F,NA,no,NA,NA
2012,S,207,NA,NA,NA,NA,NA,M,NA,no,F,NA,no,NA,NA
2012,S,208,NA,NA,NA,NA,NA,M,NA,no,F,NA,no,NA,NA
2012,S,209,NA,CA3464,NA,NA,NA,M,NA,no,F,F,yes,NA,NA
2012,S,21,MX.BX|GX.RX,NA,NA,NA,NA,M,NA,no,F,NA,no,NA,NA
2012,S,210,CA3759,CA3669,CA3788,NA,NA,M,NA,yes,F,NA,yes,"ringed on nest, no resightings after",NA
2012,S,211,BX.MX|GX.WX,MX.OX|OX.XX,CA3766,CA3767,CA3768,M,NA,no,F,NA,no,NA,NA
2012,S,212,CA1126,CA3772,NA,NA,NA,M,NA,yes,F,NA,yes,NA,NA
2012,S,213,CA1647,CA3063,CA3197,CA3791,NA,M,M,yes,F,F,yes,"ringed on nest, no resightings after",NA
2012,S,214,MX.YX|RX.WX,BX.MX|YX.OX,CA3178,NA,NA,M,NA,no,F,NA,no,"ringed on nest, no resightings after",NA
2012,S,215,CA3769,CA3059,NA,NA,NA,M,NA,yes,F,F,yes,NA,NA
2012,S,216,NA,NA,NA,NA,NA,M,NA,no,F,NA,no,NA,NA
2012,S,217,NA,NA,NA,NA,NA,M,NA,no,F,NA,no,NA,NA
2012,S,22,CA3758,CA3664,CA3786,CA3171,NA,M,NA,yes,F,NA,yes,NA,NA
2012,S,221,NA,NA,CA3766,CA3767,NA,M,NA,no,F,NA,no,NA,NA
2012,S,23,NA,NA,NA,NA,NA,M,NA,no,F,NA,no,NA,NA
2012,S,24,NA,NA,NA,NA,NA,M,NA,no,F,NA,no,NA,NA
2012,S,25,MX.YX|RX.WX,CA3417,NA,NA,NA,M,NA,no,F,F,yes,NA,NA
2012,S,26,CA2745,CA2768,NA,NA,NA,M,M,yes,F,NA,yes,NA,NA
2012,S,27,MX.RX|LX.XX,CA2753,NA,NA,NA,M,NA,no,F,F,yes,NA,NA
2012,S,28,NA,NA,NA,NA,NA,M,NA,no,F,NA,no,NA,NA
2012,S,29,CA3757,CA2764,NA,NA,NA,M,NA,yes,F,NA,yes,NA,NA
2012,S,3,CA3065,CA1104,CA3773,NA,NA,M,M,yes,F,F,yes,NA,NA
2012,S,30,CA3761,MX.YX|WX.OX,NA,NA,NA,M,NA,yes,F,NA,no,NA,NA
2012,S,301,CA3757,NA,NA,NA,NA,M,NA,yes,F,NA,NA,NA,NA
2012,S,31,CA3145,CA1693,CA3198,CA3199,CA3800,M,NA,yes,F,NA,yes,NA,NA
2012,S,32,CA3760,NA,NA,NA,NA,M,NA,yes,F,NA,no,NA,NA
2012,S,33,NA,NA,NA,NA,NA,M,NA,no,F,NA,no,NA,NA
2012,S,34,CA2769,CA3770,NA,NA,NA,M,NA,yes,F,NA,yes,NA,NA
2012,S,35,CA3771,CA2657,NA,NA,NA,M,NA,yes,F,F,yes,NA,NA
2012,S,36,CA3774,CA3764,CA3179,CA3186,CA3180,M,NA,yes,F,NA,yes,NA,NA
2012,S,37,CA2749,CA1657,NA,NA,NA,M,NA,yes,F,NA,yes,NA,NA
2012,S,38,MX.RX|OX.BX,CA1067,NA,NA,NA,M,NA,no,F,F,yes,NA,NA
2012,S,39,CA1676,NA,NA,NA,NA,M,M,yes,F,NA,no,NA,NA
2012,S,4,CA1093,CA2762,NA,NA,NA,M,M,yes,F,NA,yes,NA,NA
2012,S,40,NA,CA3044,NA,NA,NA,M,NA,no,F,F,yes,NA,NA
2012,S,41,NA,NA,NA,NA,NA,M,NA,no,F,NA,no,NA,NA
2012,S,42,MX.XX|RX.XX,CA1683,CA3184,CA3185,NA,M,NA,no,F,NA,yes,"ringed on nest, no resightings after",NA
2012,S,43,NA,CA3776,NA,NA,NA,M,NA,no,F,NA,yes,NA,NA
2012,S,44,CA3101,CA3103,CA3797,CA3798,CA3799,M,NA,yes,F,NA,yes,NA,NA
2012,S,45,CA3789,CA3787,NA,NA,NA,M,NA,yes,F,NA,yes,NA,NA
2012,S,46,NA,NA,NA,NA,NA,M,NA,no,F,NA,no,NA,NA
2012,S,47,NA,NA,NA,NA,NA,M,NA,no,F,NA,no,NA,NA
2012,S,48,NA,CA3080,NA,NA,NA,M,NA,no,F,F,yes,NA,NA
2012,S,49,CA3792,CA2755,NA,NA,NA,M,NA,yes,F,NA,yes,NA,NA
2012,S,5,NA,NA,NA,NA,NA,M,NA,no,F,NA,no,NA,NA
2012,S,50,CA3195,CA3697,CA3689,CA3688,NA,M,NA,yes,F,NA,yes,NA,NA
2012,S,51,CA3403,CA3061,NA,NA,NA,M,M,yes,F,F,yes,NA,NA
2012,S,52,NA,NA,NA,NA,NA,M,NA,no,F,NA,no,NA,NA
2012,S,53,NA,NA,NA,NA,NA,M,NA,no,F,NA,no,NA,NA
2012,S,6,MX.XX|GX.YX,BX.MX|OX.GX,NA,NA,NA,M,NA,no,F,NA,no,NA,NA
2012,S,7,CA3423,CA3752,CA3777,CA3778,CA3779,M,M,yes,F,NA,yes,NA,NA
2012,S,8,CA3751,CA1637,NA,NA,NA,M,NA,yes,F,F,yes,NA,NA
2012,S,9,CA3174,CA3754,CA3173,NA,NA,M,NA,yes,F,NA,yes,"ringed on nest, no resightings after",NA
2012,TS,-304,CA3168,NA,CA3169,CA3170,NA,M,NA,yes,F,NA,NA,NA,NA
2013,M,-1,CA4095,WX.XX|GX.XX,CA4096,NA,NA,M,NA,yes,F,NA,no,"Female, no metal ring",NA
2013,M,-2,CA3811,CA3810,CA3875,CA3876,CA4075,M,NA,no,F,NA,no,NA,NA
2013,M,-3,XX.XX|XX.XX,CA3709,CA4074,NA,NA,M,NA,no,F,NA,no,NA,NA
2013,M,1,CA2776,CA2777,CA3802,CA3803,NA,M,NA,yes,F,NA,yes,NA,NA
2013,M,2,CA3811,CA3810,NA,NA,NA,M,NA,yes,F,NA,yes,NA,NA
2013,R,-201,CA2758,CA2753,CA2778,CA2779,NA,M,NA,no,F,F,no,NA,NA
2013,R,-202,NA,CA1089,CA3913,NA,NA,M,NA,no,F,F,no,NA,NA
2013,R,-203,NA,MX.XX|RX.XX,CA3914,XX.XX|XX.XX,NA,M,NA,no,F,NA,no,There was another chick that couldn't be captured,NA
2013,R,-204,NA,XX.XX|XX.XX,CA3925,XX.XX|XX.XX,NA,M,NA,no,F,NA,no,There was another chick that couldn't be captured,NA
2013,R,1,CA3815,CA3119,CA3824,CA3825,NA,M,NA,yes,F,NA,yes,NA,NA
2013,R,2,CA3130,CA4100,CA3836,CA3837,NA,M,NA,no,F,NA,yes,NA,NA
2013,R,201,NA,CA1637,NA,NA,NA,M,NA,no,F,F,yes,NA,NA
2013,R,202,CA3761,CA3770,NA,NA,NA,M,NA,no,F,NA,no,NA,NA
2013,R,203,XX.XX|XX.XX,CA2756,NA,NA,NA,M,NA,no,F,NA,yes,NA,NA
2013,R,204,CA2746,NA,NA,NA,NA,M,M,yes,F,NA,no,Colour codes read for this nest: MY|WG and MW|YR,NA
2013,R,205,NA,XX.XX|XX.XX,NA,NA,NA,M,NA,no,F,NA,no,NA,NA
2013,R,206,NA,CA3425,NA,NA,NA,M,NA,no,F,F,no,NA,NA
2013,R,207,CA1043,NA,NA,NA,NA,M,NA,yes,F,NA,no,"Female MO|WW was seen with male, but never sat on the nest",NA
2013,R,208,CA3757,CA2764,NA,NA,NA,M,NA,no,F,NA,no,NA,NA
2013,R,209,CA3440,CA3057,CA3832,CA3834,CA3835,M,M,no,F,F,no,NA,NA
2013,R,210,CA1699,CA3011,CA3820,NA,NA,M,M,yes,F,F,yes,NA,NA
2013,R,211,NA,CA2740,NA,NA,NA,M,NA,no,F,F,yes,NA,NA
2013,R,212,NA,CA2780,CA3905,CA3907,NA,M,NA,no,F,NA,yes,NA,NA
2013,R,213,CA3413,CA3072,CA3846,CA3906,CA3912,M,NA,no,F,M,no,NA,NA
2013,R,214,NA,CA3664,NA,NA,NA,M,NA,no,F,NA,yes,NA,NA
2013,R,215,NA,CA2781,NA,NA,NA,M,NA,no,F,NA,yes,NA,NA
2013,R,216,NA,NA,NA,NA,NA,M,NA,no,F,NA,no,NA,NA
2013,R,217,CA3922,CA3901,CA3923,CA3920,NA,M,NA,yes,F,NA,yes,male is uncertain,NA
2013,R,218,CA3904,CA3029,CA3915,CA3844,CA3845,M,NA,yes,F,F,yes,NA,NA
2013,R,219,CA3902,CA3775,NA,NA,NA,M,NA,yes,F,NA,no,NA,NA
2013,R,220,CA3910,CA3725,NA,NA,NA,M,NA,yes,F,NA,yes,NA,NA
2013,R,221,NA,NA,NA,NA,NA,M,NA,no,F,NA,no,NA,NA
2013,R,222,NA,CA3063,CA3926,CA3927,CA3928,M,NA,no,F,F,no,"Colour of male belongs to CA3063 which is female, probably code is wrong",NA
2013,R,223,NA,CA3903,NA,NA,NA,M,NA,no,F,NA,yes,NA,NA
2013,R,224,CA3143,CA3909,CA3924,NA,NA,M,NA,yes,F,NA,yes,NA,NA
2013,R,225,CA3012,CA3911,CA3929,NA,NA,M,M,yes,F,NA,yes,NA,NA
2013,R,226,CA1176,CA1073,CA3916,CA3917,CA3862,M,M,yes,F,F,no,NA,NA
2013,R,227,NA,CA3613,CA3930,CA3931,NA,M,NA,no,F,NA,yes,NA,NA
2013,R,228,CA3751,CA1637,CA3918,CA3919,CA3921,M,NA,no,F,F,no,NA,NA
2013,R,3,XX.XX|XX.XX,CA3070,NA,NA,NA,M,NA,no,F,F,no,NA,NA
2013,R,4,CA3466,CA3431,CA3908,NA,NA,M,M,no,F,F,no,NA,NA
2013,R,5,CA2783,CA3041,NA,NA,NA,M,NA,yes,F,NA,no,NA,NA
2013,S,-1,CA1052,CA2756,CA3700,CA3699,NA,M,M,no,F,NA,no,NA,NA
2013,S,-10,CA3761,CA3061,CA3839,NA,NA,M,NA,yes,F,F,no,NA,NA
2013,S,-103,CA3701,CA2614,CA3855,CA4091,NA,M,NA,no,F,F,yes,"Numeration starts in -103, broods -101 and -102 don't exist",NA
2013,S,-104,CA3017,CA1644,CA4082,CA4081,NA,M,M,yes,F,F,no,NA,NA
2013,S,-11,CA3848,CA3016,CA3840,CA4093,NA,M,NA,yes,F,NA,no,NA,NA
2013,S,-12,CA3755,CA1067,CA3833,NA,NA,M,NA,yes,F,F,no,NA,NA
2013,S,-13,CA3854,CA1662,CA3852,CA3853,NA,M,NA,yes,F,NA,yes,NA,NA
2013,S,-14,CA3065,CA1104,CA3858,NA,NA,M,M,no,F,F,no,NA,NA
2013,S,-15,XX.XX|XX.XX,CA1182,CA3859,CA3860,NA,M,NA,no,F,F,no,NA,NA
2013,S,-16,CA3869,CA2727,CA3868,NA,NA,M,NA,yes,F,F,no,NA,NA
2013,S,-17,CA3036,CA3146,CA3870,NA,NA,M,M,no,F,NA,no,NA,NA
2013,S,-18,CA3605,CA1068,CA3872,CA3873,CA3874,M,M,no,F,F,yes,NA,NA
2013,S,-19,CA3879,CA3877,CA3878,NA,NA,M,NA,yes,F,NA,yes,NA,NA
2013,S,-2,CA3666,CA3668,CA3801,NA,NA,M,NA,no,F,NA,no,NA,NA
2013,S,-20,XX.XX|XX.XX,MX.OX|OX.WX,CA3932,CA4070,NA,M,NA,no,F,NA,no,"MO|OW is a triplicate of three Females, chicks were older than 2 weeks so Male and Female couldn't be captured",NA
2013,S,-3,CA1136,CA2721,CA2774,CA2775,NA,M,F,no,F,F,yes,"two females caring for chick, MO|BB and MW|BG. Both adults were captured on 2013, molecular sex of metal rings is F for both. Both females were seen together with chicks on most observations",sex needs to be checked (CCI 2015)
2013,S,-4,CA1037,CA1137,CA3806,CA3808,NA,M,M,no,F,F,yes,NA,NA
2013,S,-5,CA1630,XX.XX|XX.XX,CA2800,NA,NA,M,M,no,F,NA,no,NA,NA
2013,S,-6,CA3818,NA,CA3817,NA,NA,M,NA,yes,F,NA,no,NA,NA
2013,S,-7,XX.XX|XX.XX,CA2757,CA3827,CA4097,NA,M,NA,no,F,NA,no,NA,NA
2013,S,-8,CA3027,CA2645,CA3828,NA,NA,M,M,no,F,F,no,one chick was not captured,NA
2013,S,-9,CA4099,CA2725,CA4098,NA,NA,M,NA,yes,F,F,no,NA,NA
2013,S,1,NA,NA,NA,NA,NA,M,NA,no,F,NA,no,NA,NA
2013,S,10,NA,NA,NA,NA,NA,M,NA,no,F,NA,no,NA,NA
2013,S,101,NA,NA,NA,NA,NA,M,NA,no,F,NA,no,NA,NA
2013,S,102,CA3753,CA3665,CA3830,NA,NA,M,NA,no,F,NA,no,NA,NA
2013,S,103,CA3174,CA3754,CA3804,CA3805,NA,M,NA,yes,F,NA,yes,NA,NA
2013,S,104,CA3658,NA,NA,NA,NA,M,F,no,F,NA,no,NA,NA
2013,S,105,CA3760,CA3793,CA3831,NA,NA,M,NA,no,F,NA,no,NA,NA
2013,S,106,NA,CA2727,NA,NA,NA,M,NA,no,F,F,no,NA,NA
2013,S,107,CA3500,CA3450,NA,NA,NA,M,M,no,F,F,no,NA,NA
2013,S,108,NA,CA1644,NA,NA,NA,M,NA,no,F,F,yes,NA,NA
2013,S,109,XX.XX|XX.XX,NA,NA,NA,NA,M,NA,no,F,NA,no,NA,NA
2013,S,11,XX.XX|XX.XX,NA,NA,NA,NA,M,NA,no,F,NA,no,NA,NA
2013,S,110,CA3084,NA,NA,NA,NA,M,M,no,F,NA,no,NA,NA
2013,S,111,CA3445,CA2762,NA,NA,NA,M,M,no,F,NA,no,NA,NA
2013,S,112,NA,CA3607,NA,NA,NA,M,NA,no,F,F,yes,NA,NA
2013,S,113,NA,CA1058,NA,NA,NA,M,NA,no,F,F,no,NA,NA
2013,S,114,CA3145,NA,NA,NA,NA,M,NA,no,F,NA,no,NA,NA
2013,S,115,CA1187,CA3816,CA3843,NA,NA,M,M,no,F,NA,yes,NA,NA
2013,S,116,CA3826,CA3428,CA4094,CA4092,CA4089,M,NA,yes,F,F,yes,NA,NA
2013,S,117,CA4088,CA2727,CA4080,CA4079,CA3871,M,NA,yes,F,F,no,NA,NA
2013,S,118,CA3612,CA3023,CA4090,CA4071,NA,M,M,no,F,F,no,NA,NA
2013,S,119,CA3662,MX.XX|BX.XX,NA,NA,NA,M,NA,no,F,NA,no,Couldn't capture  this female,NA
2013,S,12,CA3010,OX.MX|BX.OX,NA,NA,NA,M,M,yes,F,NA,no,"male's code belongs to a female, but female was captured so male's CR is wrong","Sexes inverted in the field, only one CA3010 was captured, sexes corrected with molsex (only male CA3010 sex available) (CCI 2015), Code observed in field OX.MX|BX.OX, sexes inverted in the field, only one CA3010 was captured, sexes corrected with molsex (only male CA3010 sex available) (CCI 2015)"
2013,S,120,CA4083,CA4087,CA4086,CA4085,CA4084,M,NA,yes,F,NA,yes,NA,NA
2013,S,121,CA4077,CA2715,CA4076,NA,NA,M,NA,yes,F,F,yes,NA,NA
2013,S,13,CA3036,CA3146,NA,NA,NA,M,M,no,F,NA,no,NA,NA
2013,S,14,XX.XX|XX.XX,CA3807,NA,NA,NA,M,NA,no,F,NA,yes,NA,NA
2013,S,15,CA3423,CA2738,CA3819,NA,NA,M,M,no,F,NA,no,NA,NA
2013,S,16,CA1624,CA1092,CA3821,CA3823,NA,M,M,no,F,F,no,NA,NA
2013,S,17,CA3065,XX.XX|XX.XX,NA,NA,NA,M,M,no,F,NA,no,NA,NA
2013,S,18,NA,CA3793,NA,NA,NA,M,NA,no,F,NA,no,NA,NA
2013,S,19,NA,NA,NA,NA,NA,M,NA,no,F,NA,no,NA,NA
2013,S,2,NA,CA3450,NA,NA,NA,M,NA,no,F,F,no,NA,NA
2013,S,20,CA3058,NA,NA,NA,NA,M,M,no,F,NA,no,NA,NA
2013,S,201,CA3616,CA3772,NA,NA,NA,M,NA,no,F,NA,no,NA,NA
2013,S,202,CA1096,NA,NA,NA,NA,M,M,no,F,NA,no,NA,NA
2013,S,203,NA,NA,NA,NA,NA,M,NA,no,F,NA,no,NA,NA
2013,S,204,CA3058,CA3458,CA3856,NA,NA,M,M,no,F,F,no,NA,NA
2013,S,205,CA1096,CA1044,NA,NA,NA,M,M,no,F,F,no,NA,NA
2013,S,206,CA3077,CA3697,CA3863,CA3864,NA,M,M,yes,F,NA,no,NA,NA
2013,S,207,NA,NA,NA,NA,NA,M,NA,no,F,NA,no,"Check Edinhos notes, nest not captured in files and numbered as S203",NA
2013,S,21,NA,CA3621,NA,NA,NA,M,NA,no,F,F,no,NA,NA
2013,S,22,CA3809,CA3095,CA3829,NA,NA,M,NA,yes,F,NA,yes,NA,NA
2013,S,23,NA,CA3697,NA,NA,NA,M,NA,no,F,NA,no,NA,NA
2013,S,24,CA3183,CA3659,NA,NA,NA,M,NA,no,F,F,yes,NA,NA
2013,S,25,NA,CA3435,NA,NA,NA,M,NA,no,F,F,no,NA,NA
2013,S,26,CA2749,CA1657,CA3847,NA,NA,M,NA,no,F,NA,no,NA,NA
2013,S,27,CA3789,CA3787,CA3857,NA,NA,M,NA,no,F,NA,no,NA,NA
2013,S,28,CA2782,CA3814,CA3841,CA3842,NA,M,NA,yes,F,NA,yes,NA,NA
2013,S,29,NA,CA3427,NA,NA,NA,M,NA,no,F,F,no,NA,NA
2013,S,3,CA1119,CA2629,CA3812,CA3813,NA,M,NA,no,F,F,yes,NA,NA
2013,S,30,XX.XX|XX.XX,CA3822,NA,NA,NA,M,NA,no,F,NA,yes,NA,NA
2013,S,31,CA3861,CA2712,NA,NA,NA,M,NA,yes,F,F,no,NA,NA
2013,S,32,CA3460,OX.MX|RX.??,NA,NA,NA,M,M,no,F,NA,no,NA,NA
2013,S,33,XX.XX|XX.XX,XX.XX|XX.XX,NA,NA,NA,M,NA,no,F,NA,no,NA,NA
2013,S,34,CA1639,CA3621,NA,NA,NA,M,M,no,F,F,no,NA,NA
2013,S,35,CA3838,CA3807,NA,NA,NA,M,NA,yes,F,NA,yes,NA,NA
2013,S,36,CA1052,CA2756,NA,NA,NA,M,M,no,F,NA,no,NA,NA
2013,S,37,CA1663,CA3003,CA3865,CA3867,NA,M,M,no,F,F,no,NA,NA
2013,S,38,CA2745,MX.OX|OX.GX,CA4073,NA,NA,M,M,yes,F,NA,no,MO|OG is a triplicated code with two different females,NA
2013,S,39,CA1052,CA2756,NA,NA,NA,M,M,no,F,NA,no,NA,NA
2013,S,4,CA3666,CA3668,NA,NA,NA,M,NA,no,F,NA,no,NA,NA
2013,S,40,CA4078,CA3849,NA,NA,NA,M,NA,yes,F,NA,yes,NA,NA
2013,S,41,CA3619,CA3850,NA,NA,NA,M,NA,yes,F,NA,yes,NA,NA
2013,S,42,CA3866,CA3623,CA4072,NA,NA,M,NA,yes,F,F,yes,NA,NA
2013,S,5,NA,CA1174,NA,NA,NA,M,NA,no,F,F,no,NA,NA
2013,S,6,CA3183,NA,NA,NA,NA,M,NA,no,F,NA,no,NA,NA
2013,S,7,NA,NA,NA,NA,NA,M,NA,no,F,NA,no,NA,NA
2013,S,8,NA,CA3071,NA,NA,NA,M,NA,no,F,F,no,NA,NA
2013,S,9,NA,CA3083,NA,NA,NA,M,NA,no,F,F,no,NA,NA
2014,C,-1,NA,NA,CA3881,NA,NA,M,NA,no,F,NA,no,NA,NA
2014,C,-301,XX.XX|XX.XX,XX.XX|XX.XX,CA4206,CA4207,CA4208,M,NA,no,F,NA,no,NA,NA
2014,C,-302,CA4215,CA4214,CA4211,CA4212,CA4213,M,NA,yes,F,NA,yes,NA,NA
2014,C,301,CA4205,CA4204,NA,NA,NA,M,NA,yes,F,NA,yes,NA,NA
2014,C,302,NA,CA3412,NA,NA,NA,M,NA,no,F,F,yes,NA,NA
2014,CV,-301,XX.XX|XX.XX,MX.XX|LX.XX,CA4217,CA4218,NA,M,NA,no,F,NA,no,NA,NA
2014,M,-1,CA3650,CA1673,CA2791,CA2790,CA2788,M,M,yes,F,F,yes,NA,NA
2014,M,-301,CA2776,CA2777,CA4201,NA,NA,M,NA,no,F,NA,no,NA,NA
2014,M,-302,XX.XX|XX.XX,CA2796,CA4202,CA4203,NA,M,NA,no,F,NA,no,"*Female was a duplicate, but AT had caught earlier the other Female with the ML|YY code and changed it.",NA
2014,M,-303,XX.XX|XX.XX,XX.XX|XX.XX,CA4210,XX.XX|XX.XX,NA,M,NA,no,F,NA,no,could only capture and mark one chick,NA
2014,M,-304,XX.XX|XX.XX,XX.XX|XX.XX,CA4216,NA,NA,M,NA,no,F,NA,no,NA,NA
2014,M,1,CA2795,CA2796,CA2794,CA2793,CA2792,M,NA,yes,F,NA,yes,On the nest,NA
2014,M,301,NA,NA,NA,NA,NA,M,NA,no,F,NA,no,NA,NA
2014,R,-1,NA,NA,CA4162,NA,NA,M,NA,no,F,NA,no,NA,NA
2014,R,-101,XX.XX|XX.XX,XX.XX|XX.XX,CA3886,CA3887,CA3888,M,NA,no,F,NA,no,"Alex didn't note coordinates of where this family was found, no record in Brood_fates",NA
2014,R,-102,CA3892,NA,CA3893,NA,NA,M,NA,yes,F,NA,no,"Alex didn't note coordinates of where this family was found, no record in Brood_fates",NA
2014,R,-201,CA3466,CA3494,CA4027,CA4028,CA4195,M,M,no,F,NA,no,NA,NA
2014,R,1,XX.XX|XX.XX,XX.XX|XX.XX,NA,NA,NA,M,NA,no,F,NA,no,NA,NA
2014,R,101,CA2619,CA4200,CA4197,CA4198,CA4199,M,NA,yes,F,NA,yes,NA,NA
2014,R,102,NA,CA2740,NA,NA,NA,M,NA,no,F,F,yes,NA,NA
2014,R,103,NA,NA,NA,NA,NA,M,NA,no,F,NA,no,NA,NA
2014,R,104,NA,NA,NA,NA,NA,M,NA,no,F,NA,no,NA,NA
2014,R,105,CA1043,CA1137,CA4146,CA4147,NA,M,NA,yes,F,F,no,NA,NA
2014,R,106,CA4136,CA3664,CA4152,CA4154,CA4161,M,NA,yes,F,NA,no,NA,NA
2014,R,2,CA3012,CA3911,CA4119,NA,NA,M,M,no,F,NA,yes,NA,NA
2014,R,201,CA3815,CA3119,CA3890,NA,NA,M,NA,no,F,NA,yes,NA,NA
2014,R,202,CA4137,CA1121,CA4148,CA4149,NA,M,NA,yes,F,M,no,"CA4137 ringed in 2014; according to plumage coloration and incubation behaviour it was sexed as male. CA1121 was sexed molecularly as male, but also as female based on plumage coloration and incubating behaviour in 2014 and 2012. ",NA
2014,R,203,XX.XX|XX.XX,NA,NA,NA,NA,M,NA,no,F,NA,no,Female color rings were not accurately read because they were covered in dust. Nest disappeared before adults were captured. Female's code was thought to be OM|LR or RM|LR,NA
2014,R,206,CA1126,CA3772,CA3891,NA,NA,M,NA,yes,F,NA,yes,Nests R204 and R205 did not exist in 2014.,NA
2014,R,3,CA2758,CA2753,NA,NA,NA,M,NA,no,F,F,no,NA,NA
2014,R,301,NA,CA3057,NA,NA,NA,M,NA,no,F,F,no,NA,NA
2014,R,302,CA4194,CA4193,NA,NA,NA,M,NA,yes,F,NA,yes,NA,NA
2014,R,303,CA4025,CA4209,NA,NA,NA,M,NA,yes,F,NA,yes,NA,NA
2014,R,304,NA,XX.XX|XX.XX,CA4032,CA4033,NA,M,NA,no,F,NA,no,1124 - CA4032 was found dead on nest,NA
2014,R,305,CA2693,CA1080,XX.XX|XX.XX,CA4029,CA4030,M,M,no,F,F,no,Unringed chick was found dead on nest,NA
2014,R,4,CA3761,CA1637,CA4108,CA4109,NA,M,NA,no,F,F,yes,NA,NA
2014,R,5,CA2746,CA3909,CA3897,NA,NA,M,M,no,F,NA,no,NA,NA
2014,R,6,CA4142,MX.XX|WX.XX,NA,NA,NA,M,NA,yes,F,NA,no,NA,NA
2014,R,7,CA1699,CA3011,NA,NA,NA,M,M,no,F,F,yes,NA,NA
2014,R,8,CA1676,CA3082,CA4191,CA4192,CA4196,M,M,no,F,F,no,"CA3082 marked as male in captures, molecularly sexed as F",NA
2014,S,-1,CA2773,CA4102,CA4103,CA4104,NA,M,NA,yes,F,NA,yes,See comments in S3. CA4104 died after manipulation,NA
2014,S,-10,XX.XX|XX.XX,CA1662,CA4189,CA4026,NA,M,NA,no,F,NA,no,NA,NA
2014,S,-11,XX.XX|XX.XX,CA3411,CA3894,NA,NA,M,NA,no,F,F,no,NA,NA
2014,S,-12,CA3861,CA2712,CA3899,CA4301,NA,M,NA,no,F,F,no,NA,NA
2014,S,-13,CA1687,XX.XX|XX.XX,CA3900,NA,NA,M,M,no,F,NA,no,NA,NA
2014,S,-2,CA3015,CA4126,CA4127,CA4128,NA,M,M,yes,F,NA,yes,NA,NA
2014,S,-201,CA2626,CA3190,CA4009,CA4125,NA,M,M,no,F,NA,no,NA,NA
2014,S,-202,CA2704,CA3016,CA4139,CA4140,NA,M,M,yes,F,NA,yes,NA,NA
2014,S,-203,CA4019,CA4022,CA4020,CA4021,NA,M,NA,yes,F,NA,yes,NA,NA
2014,S,-204,CA4175,CA4190,CA4176,NA,NA,M,NA,yes,F,NA,yes,NA,NA
2014,S,-205,CA4077,CA2783,CA3895,CA3896,NA,M,NA,no,F,NA,no,"CA2783 looked as female, but on the only previous capture in 2013 it was sexed as male. Adults never got into the trap. ",NA
2014,S,-3,CA3753,CA3665,CA4011,NA,NA,M,NA,yes,F,NA,yes,NA,NA
2014,S,-4,CA3616,CA3083,CA4016,CA4135,NA,M,NA,no,F,F,no,NA,NA
2014,S,-5,CA3774,CA3764,CA4144,CA4145,NA,M,NA,no,F,NA,no,Now S219.,NA
2014,S,-6,CA3838,CA3807,CA4155,CA4156,CA4163,M,NA,no,F,NA,no,NA,NA
2014,S,-7,XX.XX|XX.XX,CA4157,CA4158,CA4159,NA,M,NA,no,F,NA,yes,NA,NA
2014,S,-8,CA4166,CA4167,CA4168,NA,NA,M,NA,yes,F,NA,yes,NA,NA
2014,S,-9,XX.XX|XX.XX,XX.XX|XX.XX,CA4179,CA4180,CA4181,M,NA,no,F,NA,no,NA,NA
2014,S,1,NA,NA,NA,NA,NA,M,NA,no,F,NA,no,NA,NA
2014,S,10,CA3065,CA1104,CA4143,NA,NA,M,M,no,F,F,no,NA,NA
2014,S,101,CA3500,CA3450,NA,NA,NA,M,M,yes,F,F,yes,NA,NA
2014,S,102,CA1136,CA2721,NA,NA,NA,M,F,no,F,F,yes,"CA1136 was molecularly sexed as Female however in the field it was always sexed as Male, CA2721 molecularly sexed as female",sex needs to be checked (CCI 2015)
2014,S,103,CA3445,CA2762,CA4131,NA,NA,M,M,yes,F,NA,no,NA,NA
2014,S,104,CA3034,CA3889,CA4115,CA4116,CA4117,M,NA,yes,F,NA,yes,NA,NA
2014,S,105,CA4088,CA3434,CA4172,CA4173,CA4174,M,NA,yes,F,F,no,NA,NA
2014,S,11,CA3058,CA3458,CA4123,NA,NA,M,M,no,F,F,no,NA,NA
2014,S,12,CA3145,CA1693,CA4024,CA4160,NA,M,NA,no,F,NA,no,NA,NA
2014,S,13,CA1624,CA1092,CA4153,NA,NA,M,M,no,F,F,no,NA,NA
2014,S,14,CA3757,CA2764,CA4031,CA3898,NA,M,NA,no,F,NA,no,NA,NA
2014,S,15,NA,CA2629,NA,NA,NA,M,NA,no,F,F,no,NA,NA
2014,S,16,CA3440,CA3425,CA4185,CA4188,NA,M,M,no,F,F,no,NA,NA
2014,S,17,NA,CA4100,CA4165,NA,NA,M,NA,no,F,NA,yes,NA,NA
2014,S,18,NA,CA1058,NA,NA,NA,M,NA,no,F,F,no,Male MR|BR seen close to female and nest but never seen incubating nest,NA
2014,S,19,CA3760,CA3793,NA,NA,NA,M,NA,no,F,NA,no,NA,NA
2014,S,2,NA,XX.XX|XX.XX,NA,NA,NA,M,NA,no,F,NA,no,NA,NA
2014,S,20,CA3433,CA3041,NA,NA,NA,M,M,no,F,NA,no,NA,NA
2014,S,201,CA2711,CA4006,CA4007,CA4124,NA,M,M,yes,F,NA,yes,NA,NA
2014,S,202,CA3809,CA1644,CA4001,CA4110,NA,M,NA,no,F,F,yes,NA,NA
2014,S,203,CA1694,CA3154,CA4132,NA,NA,M,M,yes,F,NA,yes,NA,NA
2014,S,204,CA3861,CA2712,CA4120,CA4121,NA,M,NA,no,F,F,no,NA,NA
2014,S,205,CA4101,CA3076,CA4111,CA4112,CA4113,M,NA,yes,F,F,yes,NA,NA
2014,S,206,CA3869,CA2727,CA4013,CA4014,CA4134,M,NA,no,F,F,no,NA,NA
2014,S,207,CA3075,CA3663,CA4012,NA,NA,M,M,yes,F,NA,no,NA,NA
2014,S,208,CA3010,CA3607,CA4023,CA4164,NA,M,M,no,F,F,no,"CA3010 molecularly sexed as Male, previous captures as Female",NA
2014,S,209,CA4008,CA3623,CA4015,CA4017,CA4138,M,NA,yes,F,F,no,NA,NA
2014,S,210,CA1047,CA4122,CA4133,NA,NA,M,M,yes,F,NA,yes,NA,NA
2014,S,211,CA3077,CA3697,NA,NA,NA,M,M,no,F,NA,no,NA,NA
2014,S,212,CA2714,CA1089,NA,NA,NA,M,M,no,F,F,no,NA,NA
2014,S,213,XX.XX|XX.XX,CA3071,NA,NA,NA,M,NA,no,F,F,no,Nest disappeared before male was captured. ,NA
2014,S,214,CA3617,CA2683,CA4018,CA4141,NA,M,M,no,F,F,yes,NA,NA
2014,S,215,XX.XX|XX.XX,CA3708,NA,NA,NA,M,NA,no,F,M,no,"Nest was predated before unringed adult was captured. CA3708 was sexed molecularly as male in 2010, but also as female during field observations (based on plumage coloration and incubating behaviour) in 2014 and previous years.  ",NA
2014,S,216,CA4010,CA2657,CA4177,CA4178,NA,M,NA,yes,F,F,no,NA,NA
2014,S,217,CA3500,CA3450,CA4186,CA4187,NA,M,M,no,F,F,no,NA,NA
2014,S,218,CA3792,XX.XX|XX.XX,NA,NA,NA,M,NA,no,F,NA,no,Nest disappeared before female was captured. ,NA
2014,S,219,CA3774,CA3764,CA4144,CA4145,NA,M,NA,no,F,NA,no,It was family S-5.,NA
2014,S,220,CA3666,CA3668,CA4169,CA4170,CA4171,M,NA,no,F,NA,no,NA,NA
2014,S,221,CA3460,CA1067,NA,NA,NA,M,M,no,F,F,no,NA,NA
2014,S,222,NA,CA3816,NA,NA,NA,M,NA,no,F,NA,no,"Male never got into the trap, male MO|OB seen close to nest several times",NA
2014,S,223,WX.MX|LX.BX,CA2688,CA4182,CA4183,CA4184,M,NA,no,F,NA,yes,Male is a duplicate but was not captured. ,NA
2014,S,224,CA3077,CA3697,CA4302,XX.XX|XX.XX,NA,M,M,yes,F,NA,no,one unringed chick found dead on nest on the hatching day (1205),NA
2014,S,225,CA1630,CA3424,NA,NA,NA,M,M,no,F,F,no,NA,NA
2014,S,226,NA,CA3754,NA,NA,NA,M,NA,no,F,NA,no,NA,NA
2014,S,227,CA1047,CA4122,NA,NA,NA,M,M,no,F,NA,no,NA,NA
2014,S,3,NA,XX.XX|XX.XX,NA,NA,NA,M,NA,no,F,NA,no,"These could have been the ones from S-1, on the 22nd day of incubation an unringed female was found with two chicks close to where nest S3 was.",NA
2014,S,301,CA2782,CA3814,CA4129,CA4130,NA,M,NA,no,F,NA,no,NA,NA
2014,S,4,CA3460,CA1067,CA4118,CA4002,CA4005,M,M,no,F,F,yes,NA,NA
2014,S,5,CA3809,CA3095,CA4105,CA4106,CA4107,M,NA,no,F,NA,yes,NA,NA
2014,S,6,CA4114,CA2757,CA4003,CA4004,NA,M,NA,yes,F,NA,yes,NA,NA
2014,S,7,CA3183,CA3765,CA4150,CA4151,NA,M,NA,no,F,NA,no,NA,NA
2014,S,8,CA3658,NA,NA,NA,NA,M,F,no,F,NA,no,NA,NA
2014,S,9,CA1687,CA1139,NA,NA,NA,M,M,no,F,F,no,NA,NA
2014,S,bs--1,NA,CA3016,CA3933,CA2784,NA,M,NA,no,F,NA,no,"No measurments and no Blood samples. Negative families found in Salina before September 2014 are labelled as bs-1, bs-2, etc.",NA
2014,S,bs--2,CA1119,CA2929,CA3880,NA,NA,M,NA,no,F,NA,no,NA,CA2929 is not in captures but appears as a female in BirdRef nest 2014-bs--2. Alex didn't record this capture in the captures file nor in the ringing sheet (found 04/08/2015 CCI). No ring from series CA2900 appears in captures
2014,S,bs--3,CA3440,CA3424,CA2799,NA,NA,M,M,no,F,F,no,NA,NA
2014,S,bs--4,NA,CA2757,CA2798,NA,NA,M,NA,no,F,NA,no,NA,NA
2014,S,bs--5,NA,NA,CA2797,NA,NA,M,NA,no,F,NA,no,NA,NA
2014,S,bs--6,NA,CA3095,CA2787,NA,NA,M,NA,no,F,NA,no,NA,NA
2014,S,bs--7,CA2619,CA3431,CA2786,NA,NA,M,NA,yes,F,F,no,NA,NA
2014,S,bs--8,CA4094,CA3405,CA2785,XX.XX|XX.XX,NA,M,NA,no,F,F,no,One chick was missed,NA
2015,C,-1,CA4373,NA,CA4372,NA,NA,M,NA,captured,F,NA,NA,NA,NA
2015,CV,-1,NA,NA,CA4394,NA,NA,M,NA,NA,F,NA,NA,NA,NA
2015,CV,-2,NA,NA,CA3970,NA,NA,M,NA,NA,F,NA,NA,NA,NA
2015,CV,-3,NA,NA,CA3980,CA3999,NA,M,NA,NA,F,NA,NA,NA,NA
2015,CV,1,NA,CA3971,NA,NA,NA,M,NA,NA,F,NA,captured,NA,NA
2015,M,-1,XX.XX|XX.XX,MX.XX|LX.XX,CA4357,NA,NA,M,NA,Confirmed,F,NA,Confirmed,NA,NA
2015,M,-2,XX.XX|XX.XX,XX.XX|XX.XX,CA4358,NA,NA,M,NA,Unconfirmed,F,NA,Unconfirmed,NA,NA
2015,R,-1,NA,NA,CA4351,CA4352,NA,M,NA,NA,F,NA,NA,NA,NA
2015,R,-101,XX.XX|XX.XX,XX.XX|XX.XX,CA4314,NA,NA,M,NA,Unconfirmed,F,NA,Unconfirmed,NA,NA
2015,R,-102,CA4317,CA3049,CA4315,CA4316,NA,M,NA,captured,F,NA,captured,NA,NA
2015,R,-104,CA3058,XX.XX|XX.XX,CA4359,NA,NA,M,M,captured,F,NA,Unconfirmed,NA,NA
2015,R,-105,CA1699,CA3011,CA4363,CA4364,NA,M,M,captured,F,F,captured,NA,NA
2015,R,-106,CA3130,CA4102,CA4365,CA4366,NA,M,NA,captured,F,NA,captured,NA,NA
2015,R,-107,NA,NA,CA4367,CA4368,NA,M,NA,NA,F,NA,NA,NA,NA
2015,R,-108,NA,NA,CA4374,CA4375,NA,M,NA,NA,F,NA,NA,NA,NA
2015,R,-109,CA1047,CA4122,CA4378,NA,NA,M,M,Confirmed,F,NA,Unconfirmed,NA,NA
2015,R,-2,NA,NA,CA4318,CA4353,NA,M,NA,NA,F,NA,NA,NA,NA
2015,R,-3,CA3707,NA,CA4319,NA,NA,M,M,captured,F,NA,NA,NA,NA
2015,R,-4,CA3058,MX.YX|XX.YX,CA4356,NA,NA,M,M,Unconfirmed,F,NA,Unconfirmed,NA,NA
2015,R,1,XX.XX|XX.XX,CA3937,NA,NA,NA,M,NA,Confirmed,F,NA,captured,NA,NA
2015,R,101,CA1043,CA1683,CA4360,CA4361,CA4362,M,NA,captured,F,NA,captured,NA,NA
2015,R,102,NA,CA4355,NA,NA,NA,M,NA,NA,F,NA,captured,NA,NA
2015,R,103,CA4376,CA3937,NA,NA,NA,M,NA,captured,F,NA,Confirmed,NA,NA
2015,R,105,CA3012,CA3850,NA,NA,NA,M,M,Unconfirmed,F,NA,captured,NA,NA
2015,R,106,CA3183,CA4382,NA,NA,NA,M,NA,captured,F,NA,captured,NA,NA
2015,R,107,CA2746,NA,NA,NA,NA,M,M,captured,F,NA,NA,NA,NA
2015,R,108,CA2702,NA,NA,NA,NA,M,M,captured,F,NA,NA,NA,NA
2015,R,11,NA,CA4200,CA4369,CA4370,CA4371,M,NA,NA,F,NA,captured,NA,NA
2015,R,12,CA4377,CA3937,CA4379,CA4380,CA4381,M,NA,captured,F,NA,captured,NA,NA
2015,R,2,CA3761,CA1637,CA3943,CA4306,CA4307,M,NA,captured,F,F,captured,NA,NA
2015,R,3,CA3466,CA3431,CA3935,CA3936,CA3938,M,M,captured,F,F,captured,NA,NA
2015,R,4,CA3815,CA3119,CA3941,CA3942,NA,M,NA,captured,F,NA,captured,NA,NA
2015,R,5,CA1126,CA3003,CA3946,CA3947,NA,M,NA,captured,F,F,Confirmed,NA,NA
2015,R,6,CA4309,CA1646,NA,NA,NA,M,NA,captured,F,F,captured,NA,NA
2015,R,7,CA4354,CA4310,NA,NA,NA,M,NA,captured,F,NA,captured,NA,NA
2015,R,8,CA4099,CA3911,NA,NA,NA,M,NA,Unconfirmed,F,NA,Unconfirmed,NA,NA
2015,R,9,XX.XX|XX.XX,NA,NA,NA,NA,M,NA,Unconfirmed,F,NA,NA,NA,NA
2015,S,-1,NA,NA,CA4303,CA4400,NA,M,NA,NA,F,NA,NA,NA,NA
2015,S,-10,CA3075,CA3663,CA3972,CA4042,NA,M,M,confirmed,F,NA,confirmed,NA,NA
2015,S,-11,CA4043,CA3613,CA3973,NA,NA,M,NA,captured,F,NA,captured,NA,NA
2015,S,-12,CA3696,CA3194,CA3978,NA,NA,M,NA,confirmed,F,NA,confirmed,NA,NA
2015,S,-13,NA,CA1673,CA3983,CA3984,NA,M,NA,NA,F,F,captured,NA,NA
2015,S,-14,CA2782,XX.XX|XX.XX,CA3986,CA3987,NA,M,NA,confirmed,F,NA,confirmed,NA,NA
2015,S,-15,CA2745,MX.OX|OX.GX,CA3992,CA3993,CA4051,M,M,confirmed,F,NA,duplicated code,NA,NA
2015,S,-16,CA1052,CA2683,CA3997,CA4221,NA,M,M,confirmed,F,F,captured,NA,NA
2015,S,-17,CA3036,NA,CA3995,CA3996,CA4219,M,M,captured,F,NA,NA,NA,NA
2015,S,-18,CA4095,CA3725,CA4228,NA,NA,M,NA,confirmed,F,NA,confirmed,NA,NA
2015,S,-19,CA3838,CA3807,CA4234,CA4235,CA4236,M,NA,unconfirmed,F,NA,unconfirmed,NA,NA
2015,S,-2,NA,NA,CA4397,CA4398,CA4399,M,NA,NA,F,NA,NA,NA,NA
2015,S,-201,XX.XX|XX.XX,CA1044,CA4223,CA4320,CA4321,M,NA,Unconfirmed,F,F,captured,NA,NA
2015,S,-3,CA1630,CA3424,CA3951,CA3952,CA3953,M,M,confirmed,F,F,confirmed,NA,NA
2015,S,-301,CA2686,CA3427,CA3944,CA3945,NA,M,NA,confirmed,F,F,confirmed,NA,NA
2015,S,-302,CA3949,CA2691,CA4034,CA4035,NA,M,NA,captured,F,F,captured,NA,NA
2015,S,-303,XX.XX|XX.XX,CA4100,CA4041,NA,NA,M,NA,confirmed,F,NA,captured,NA,NA
2015,S,-304,NA,XX.XX|XX.XX,CA4044,NA,NA,M,NA,NA,F,NA,confirmed,NA,NA
2015,S,-305,CA3015,CA3772,CA4053,NA,NA,M,M,unconfirmed,F,NA,confirmed,NA,NA
2015,S,-306,CA3658,CA3655,CA4229,NA,NA,M,F,"confirmed, but recorded as female",F,NA,"confirmed, but recorded as female",NA,NA
2015,S,-307,CA3140,MX.OX|BX.WX,CA4232,CA4233,NA,M,NA,captured,F,NA,confirmed but duplicated,NA,NA
2015,S,-4,CA3065,CA3695,CA3954,CA3955,CA3957,M,M,confirmed,F,NA,confirmed,NA,NA
2015,S,-5,CA3956,XX.XX|XX.XX,CA3958,CA3959,CA3960,M,NA,captured,F,NA,unconfirmed,NA,NA
2015,S,-6,CA3753,CA3665,CA3962,CA3963,NA,M,NA,confirmed,F,NA,confirmed,NA,NA
2015,S,-7,CA3910,CA3725,CA3964,NA,NA,M,NA,confirmed,F,NA,confirmed,NA,NA
2015,S,-8,CA3027,XX.XX|XX.XX,CA3967,NA,NA,M,M,confirmed,F,NA,confirmed,NA,NA
2015,S,-9,CA4088,CA3434,CA3968,CA3969,CA4040,M,NA,confirmed,F,F,captured,NA,NA
2015,S,1,CA1121,NA,NA,NA,NA,M,M,unconfirmed,F,NA,NA,NA,NA
2015,S,10,NA,XX.XX|XX.XX,NA,NA,NA,M,NA,NA,F,NA,unconfirmed,NA,NA
2015,S,11,CA3757,CA2764, CA3948,CA4308,NA,M,NA,captured,F,NA,confirmed,NA,NA
2015,S,12,NA,CA2683,NA,NA,NA,M,NA,NA,F,F,unconfirmed,NA,NA
2015,S,13,CA3036,CA3146,NA,NA,NA,M,M,unconfirmed,F,NA,unconfirmed,NA,NA
2015,S,14,NA,CA3754,NA,NA,NA,M,NA,NA,F,NA,unconfirmed,NA,NA
2015,S,15,NA,CA1644,NA,NA,NA,M,NA,NA,F,F,unconfirmed,NA,NA
2015,S,16,NA,CA1067,NA,NA,NA,M,NA,NA,F,F,unconfirmed,NA,NA
2015,S,17,CA3789,CA3787,NA,NA,NA,M,NA,captured,F,NA,captured,NA,NA
2015,S,18,NA,CA2762,NA,NA,NA,M,NA,NA,F,NA,unconfirmed,NA,NA
2015,S,19,CA1641,CA3868,CA3961,NA,NA,M,M,captured,F,NA,captured,NA,NA
2015,S,2,CA3084,CA2753,CA3950,CA4000,CA4393,M,M,confirmed,F,F,confirmed,NA,NA
2015,S,20,CA1694,CA3621,CA3979,CA3998,NA,M,M,confirmed,F,F,captured,NA,NA
2015,S,202,CA3438,NA,NA,NA,NA,M,M,Unconfirmed,F,NA,NA,NA,NA
2015,S,21,NA,CA3658,NA,NA,NA,M,NA,NA,F,F,unconfirmed,NA,NA
2015,S,22,CA3145,CA1693,NA,NA,NA,M,NA,captured,F,NA,captured,NA,NA
2015,S,23,NA,CA1092,NA,NA,NA,M,NA,NA,F,F,unconfirmed,NA,NA
2015,S,24,CA3616,NA,NA,NA,NA,M,NA,unconfirmed,F,NA,NA,NA,NA
2015,S,25,CA3838,CA3807,NA,NA,NA,M,NA,confirmed,F,NA,confirmed,NA,NA
2015,S,26,CA3065,NA,NA,NA,NA,M,M,unconfirmed,F,NA,NA,NA,NA
2015,S,28,NA,CA3965,NA,NA,NA,M,NA,NA,F,NA,captured,NA,NA
2015,S,29,CA3077,CA3697,NA,NA,NA,M,M,unconfirmed,F,NA,confirmed,NA,NA
2015,S,3,NA,XX.XX|XX.XX,NA,NA,NA,M,NA,NA,F,NA,unconfirmed,NA,NA
2015,S,30,CA1119,CA2629,CA3975,CA3976,CA3977,M,NA,captured,F,F,captured,NA,NA
2015,S,301,CA1624,CA4036,NA,NA,NA,M,M,unconfirmed,F,NA,captured,NA,NA
2015,S,302,CA3617,CA1080,NA,NA,NA,M,M,unconfirmed,F,F,captured,NA,NA
2015,S,303,CA3017,CA1644,NA,NA,NA,M,M,captured,F,F,captured,NA,NA
2015,S,304,CA4039,CA3071,CA3988,NA,NA,M,NA,captured,F,F,captured,NA,NA
2015,S,305,CA3792,CA2780,NA,NA,NA,M,NA,unconfirmed,F,NA,unconfirmed,NA,NA
2015,S,306,CA4077,CA2715,CA3966,CA4037,CA4038,M,NA,captured,F,F,confirmed,NA,NA
2015,S,307,CA3500,CA2762,NA,NA,NA,M,M,captured,F,NA,captured,NA,NA
2015,S,308,NA,CA3663,NA,NA,NA,M,NA,NA,F,NA,captured,NA,NA
2015,S,309,CA3066,CA3801,CA3981,CA3982,CA4220,M,M,captured,F,NA,captured,NA,NA
2015,S,31,NA,CA3041,NA,NA,NA,M,NA,NA,F,NA,captured,NA,NA
2015,S,310,CA3974,CA3708,NA,NA,NA,M,NA,captured,F,M,captured,NA,NA
2015,S,311,CA2749,CA1092,CA4052,CA4224,NA,M,NA,captured,F,F,captured,NA,NA
2015,S,312,CA3838,CA3807,NA,NA,NA,M,NA,unconfirmed,F,NA,unconfirmed,NA,NA
2015,S,313,CA3460,CA1067,CA3990,CA4048,CA4049,M,M,confirmed,F,F,captured,NA,NA
2015,S,314,CA3809,CA3095,CA4045,CA4046,CA4047,M,NA,confirmed,F,NA,confirmed,NA,NA
2015,S,315,CA1093,CA3085,NA,NA,NA,M,M,unconfirmed,F,F,captured,NA,NA
2015,S,316,CA3612,CA3023,CA3985,NA,NA,M,M,confirmed,F,F,captured,NA,NA
2015,S,317,CA4050,NA,NA,NA,NA,M,NA,captured,F,NA,NA,NA,NA
2015,S,318,NA,CA3787,NA,NA,NA,M,NA,NA,F,NA,unconfirmed,NA,NA
2015,S,319,NA,CA3076,NA,NA,NA,M,NA,NA,F,F,unconfirmed,NA,NA
2015,S,32,CA3666,CA3668,CA3989,CA3991,CA3994,M,NA,captured,F,NA,captured,NA,NA
2015,S,320,NA,CA3658,NA,NA,NA,M,NA,NA,F,F,captured,NA,NA
2015,S,321,CA3017,NA,CA4054,CA4055,NA,M,M,unconfirmed,F,NA,NA,NA,NA
2015,S,322,CA2711,CA4006,NA,NA,NA,M,M,captured,F,NA,captured,NA,NA
2015,S,323,NA,CA1136,NA,NA,NA,M,NA,NA,F,F,captured,NA,NA
2015,S,324,NA,CA1693,NA,NA,NA,M,NA,NA,F,NA,unconfirmed,NA,NA
2015,S,325,GX.MX|OX.RX,CA2757,CA4056,CA4230,CA4231,M,NA,"confirmed, but duplicated",F,NA,confirmed,NA,NA
2015,S,326,NA,CA2780,NA,NA,NA,M,NA,NA,F,NA,confirmed,NA,NA
2015,S,327,CA3789,CA3787,NA,NA,NA,M,NA,confirmed,F,NA,unconfirmed,NA,NA
2015,S,33,NA,CA1693,NA,NA,NA,M,NA,NA,F,NA,confirmed,NA,NA
2015,S,34,NA,XX.XX|XX.XX,NA,NA,NA,M,NA,NA,F,NA,unconfirmed,NA,NA
2015,S,35,CA3065,CA1104,NA,NA,NA,M,M,captured,F,F,captured,NA,NA
2015,S,36,CA3500,CA2762,NA,NA,NA,M,M,confirmed,F,NA,confirmed,NA,NA
2015,S,37,CA3774,CA3764,NA,NA,NA,M,NA,unconfirmed,F,NA,unconfirmed,NA,NA
2015,S,38,NA,CA1080,NA,NA,NA,M,NA,NA,F,F,unconfirmed,NA,NA
2015,S,39,NA,CA3697,NA,NA,NA,M,NA,NA,F,NA,unconfirmed,NA,NA
2015,S,4,CA3940,CA4157,CA3939,CA4305,NA,M,NA,captured,F,NA,captured,NA,NA
2015,S,40,CA3826,NA,NA,NA,NA,M,NA,confirmed,F,NA,NA,NA,NA
2015,S,41,CA4222,CA3427,CA4225,CA4226,CA4227,M,NA,captured,F,F,captured,NA,NA
2015,S,42,CA3774,CA3154,NA,NA,NA,M,NA,confirmed,F,NA,unconfirmed,NA,NA
2015,S,5,CA3934,CA3607,NA,NA,NA,M,NA,captured,F,F,captured,NA,NA
2015,S,6,CA4019,CA4022,NA,NA,NA,M,NA,unconfirmed,F,NA,unconfirmed,NA,NA
2015,S,7,NA,CA2780,NA,NA,NA,M,NA,NA,F,NA,confirmed,NA,NA
2015,S,8,CA3666,CA3668,NA,NA,NA,M,NA,confirmed,F,NA,confirmed,NA,NA
2015,S,9,NA,CA1080,NA,NA,NA,M,NA,NA,F,F,unconfirmed,NA,NA
2015,T,-1,XX.XX|XX.XX,XX.XX|XX.XX,CA4311,CA4312,CA4313,M,NA,Confirmed,F,NA,Confirmed,NA,NA
