year,site,nest,easting,northing,found_date,laying_date,end_date,fate,no_chicks,clutch_size,length1,width1,float1,length2,width2,float2,length3,width3,float3,observer,comments,,,,,north-west,north-east
2006,A,1,54.501,57.478,502,427,512,ABAN,,2,30.1,22.6,C,29.5,21.4,B,,,,CK,abandoned nest is smashed on 516 by car,,,,north,57.499,57.499
2006,A,2,54.258,57.181,505,427,601,UNHATCH,0,3,30.7,22.6,C,30.7,22.4,D,31,21.9,D,CK,,,,,west,,54.07
2006,A,3,54.34,57.201,505,506,519,PRED,,3,31,22.3,B,31.3,22.7,AB,31.2,22.6,,CK,,,,,,,
2006,A,4,54.851,57.499,507,504,607,UNHATCH,0,3,29.3,21.3,AB,31.5,21.9,B,30.9,21.7,AB,CK,all unhatched eggs contained yellow yolk,,,,,,
2006,A,5,54.642,57.481,508,504,529,HATCH,2,3,30.2,22,C,30.5,21.8,AB,31,21.5,B,CK,unhatched egg(s) with yolk only,,,,,,
2006,A,6,54.61,57.41,508,505,509,PRED,,2,,,B,,,B,,,,CK,,,,,,,
2006,A,7,54.548,57.364,508,506,531,HATCH,3,3,29.8,22.5,B,29.5,22.5,C,30.7,22.4,AB,CK,,,,,,,
2006,A,8,54.391,57.375,516,505,521,PRED,,2,31,21.8,F,30.6,22.1,F,,,,CK,,,,,,,
2006,A,101,54.07,57.099,512,512,606,HATCH,2+,3,31.8,22.8,A,32.4,22.4,A,32.5,22.2,A,SQ,"1 egg/chick disappeared at hatching, after the first two chicks had hatched",,,,,,
2006,A,102,54.144,57.054,512,507,519,PRED,,2,33.4,22.8,C,32.9,22.9,B,,,,SQ,,,,,,,
2006,A,103,54.313,57.153,513,511,605,HATCH,3,3,32.6,23.1,B,31.8,22.9,A,31.1,23.2,A,SQ,one egg disappeared about 10 days before hatching,,,,,,
2006,A,104,54.279,57.19,513,516,610,HATCH,2,3,31.7,23,A,31.1,23.1,A,31.3,23.2,B,SQ,?unhatched egg(s) with yolk only,,,,,,
2006,A,105,54.087,57.013,513,503,523,PRED,,3,29.7,22.2,D,31.2,22.2,D,30.7,22.2,E,SQ,,,,,,,
2006,A,106,,,513,510,523,PRED,,3,32.2,22.6,A,31.9,22.8,B,33.3,22.5,A,SQ,,,,,,,
2006,B,1,54.729,57.824,502,501,526,HATCH,1,3,30.7,22.9,C,32.9,22,C,32.6,22.5,C,CK,"518 male found dead 2 m next to nest, on egg broken; 525 both remaining eggs pecking; 526 one egg hatched but chick found dead in nest, last egg unhatched ",,,,,,
2006,B,2,54.717,57.827,502,504,529,HATCH,1,2,31.5,22.8,AB,30.8,22.3,B,,,,CK,503 one egg disappeared,,,,,,
2006,B,3,54.827,57.832,503,425,513,ABAN,,3,32.2,21.7,D,31.2,22.2,D,31.3,22,C,CK,,,,,,,
2006,B,4,54.705,57.76,507,508,602,HATCH,3,3,29.7,21,AB,29.8,22,A ,29.4,21.6,,CK,,,,,,,
2006,B,5,54.772,57.754,508,511,605,HATCH,3,3,31.3,22.9,B,30.9,23,B,31.1,22.8,AB,CK,,,,,,,
2006,B,6,54.852,57.806,514,511,605,HATCH,2,3,32.6,23,B,31.3,22.8,AB,31.1,22.7,AB,CK,unhatched egg(s) with yolk only,,,,,,
2006,B,7,54.713,57.737,517,514,608,HATCH,1,3,31.8,22.3,C,31.2,22.8,C,31.6,23,B,CK,unhatched egg(s) with yolk only,,,,,,
2006,B,8,54.797,57.87,527,517,611,HATCH,2,3,30.9,23.1,D,30.5,22.5,F,31.1,23.5,D,CK,,,,,,,
2006,B,9,54.808,57.815,601,521,607,ABAN,,3,30.9,22.7,F,30.8,22.8,E,30,23,F,CK,,,,,,,
2006,B,101,54.817,57.917,504,501,509,PRED,,3,30,22.8,B,30.3,22.8,A,30.1,23.1,A,SQ,,,,,,,
2006,B,102,54.883,58.028,512,507,519,PRED,,3,34.1,21.6,C,31.9,21.8,A,30,22.5,B,SQ,,,,,,,
2006,B,207,54.863,57.792,606,524,618,HATCH,2+,3,30.7,23.2,E,30.8,23.5,D,30.6,22.9,D,EG,"1 egg/chick disappeared at hatching, after the first two chicks had hatched",,,,,,
2006,B,208,54.837,57.791,607,513,607,HATCH,3,3,31.1,23.3,F,,,,,,,EG,nest with 2 chicks hatched already,,,,,,
2006,B,209,54.757,57.74,607,513,607,HATCH,3,3,31,22.9,F,32.1,22.2,F,,,,EG,nest with 1 chicks hatched already,,,,,,
2006,C,1,55.033,57.598,503,424,519,HATCH,3,3,29.9,22.3,F,30.4,22.6,F,29.7,22,E,CK,,,,,,,
2006,C,2,54.856,57.548,507,506,510,PRED,,1,28.8,22.1,AB,,,,,,,CK,,,,,,,
2006,C,3,54.918,57.624,507,429,520,PRED,,3,30.8,21.8,C,30.8,22.1,D,30.8,22.1,D,CK,,,,,,,
2006,C,4,54.883,57.734,508,503,508,ABAN,,1,,,C,,,,,,,CK,nest probably abandoned before,,,,,,
2006,C,5,55.14,57.586,512,509,603,HATCH,1,3,30.2,22.2,C,29.6,21.6,D,30.5,21.7,E,CK,unhatched egg(s) with yolk only,,,,,,
2006,C,6,55.041,57.611,512,507,610,UNHATCH,0,3,30.3,23.6,C,30.5,23.4,C,30.9,23.4,C,CK,"1 dead embryo < 15 days old, 2 eggs with yolk only",,,,,,
2006,C,7,55.072,57.612,512,508,602,HATCH,1,3,31.4,22.2,D,31.3,22,C,31.7,22.2,B,CK,,,,,,,
2006,C,8,55.014,57.593,513,507,608,HATCH,1,3,30.3,22.4,B,30.6,22.9,B,31.2,22.7,A,CK,"526 one egg missing, 609 broke last egg: red yolk inside",,,,,,
2006,C,9,55.006,57.529,513,510,613,UNHATCH,0,3,31.8,22.5,B,30.9,22.6,B,32.2,21.7,AB,CK,unhatched egg(s) with yolk only,,,,,,
2006,C,10,54.949,57.554,513,518,612,HATCH,1,3,32.2,22.7,A ,31.8,22.7,A,31.5,22,,CK,,,,,,,
2006,C,11,54.826,57.679,514,513,527,PRED,,2,30.2,22.8,AB,30,22.6,A,,,,CK,,,,,,,
2006,C,12,55.133,57.67,516,514,608,HATCH,1,3,33.2,22.5,C,34.9,22.4,C,33.5,22.7,B,CK,"606 one egg missing, 609 broke last egg with yolk only inside",,,,,,
2006,C,13,55.017,57.41,520,522,616,HATCH,3,3,29.3,22.8,A,29.9,22.4,B,31,22.5,,CK,,,,,,,
2006,C,14,54.962,57.571,520,517,526,PRED,,3,30.8,21.2,B,29.9,22,B,29.5,21.9,B,CK,,,,,,,
2006,C,15,54.885,57.665,523,515,618,UNHATCH,0,2,31.2,22.6,D,31,22,C,,,,CK,?unhatched egg(s) with yolk only,,,,,,
2006,C,16,54.876,57.721,523,521,615,HATCH,3,3,30.8,22.5,B,30.5,22.2,AB,30.7,22,C,CK,,,,,,,
2006,C,17,54.876,57.743,602,603,622,PRED,,3,31.6,23.5,B,31.1,23.5,AB,,,,CK,,,,,,,
2006,C,18,54.893,57.598,608,609,622,PRED,,3,31.3,23,A,32,23.4,AB,31.9,23.1,,CK,,,,,,,
2006,C,19,55.012,57.609,610,607,620,PRED,,3,30.9,23.2,A,31.1,23.5,B,31.7,23.2,B,CK,,,,,,,
2006,C,20,55.003,57.671,611,608,703,HATCH,2,3,30.8,23.6,C,30.1,23.2,B,29.9,22.7,C,CK,?unhatched egg(s) with yolk only,,,,,,
2006,C,21,54.92,57.585,614,618,630,ABAN,,3,31.8,22.4,A,31,21.8,,31.3,22.2,,CK,,,,,,,
2006,C,22,54.993,57.435,616,620,710,UNKNOWN,,3,31.2,22.2,A,31.5,22,,30.9,22.3,,CK,,,,,,,
2006,C,23,54.933,57.59,622,622,,UNKNOWN,,2,31,23.5,B,29.6,23,,,,,CK,,,,,,,
2006,C,24,54.911,57.574,622,621,,UNKNOWN,,3,29.9,22.5,D,29.6,22.1,AB,30.5,22.5,AB,CK,,,,,,,
2006,C,25,54.906,57.572,622,619,703,ABAN,,3,30.4,23.2,B,30.7,23,A,30.4,23.1,AB,CK,,,,,,,
2006,C,26,54.834,57.562,623,626,,UNKNOWN,,3,31.8,22.7,AB,,,,,,,CK,,,,,,,
2006,C,27,54.871,57.606,623,615,,UNKNOWN,,3,30.2,23.5,D,31.3,23.1,C,30.9,23.2,D,CK,,,,,,,
2006,C,28,54.98,57.587,623,620,,UNKNOWN,,3,30.3,23.1,B,30.4,22.8,A,31.3,22.7,,CK,,,,,,,
2006,C,29,55.007,57.613,623,620,,UNKNOWN,,2,31.5,23.6,A,31.4,23.5,B,,,,CK,,,,,,,
2006,C,30,55.056,57.561,623,612,707,HATCH,3,3,31.7,22.6,D,31.5,22.4,D,30.5,22.8,D,CK,,,,,,,
2006,C,31,55.086,57.545,623,613,,UNKNOWN,,3,29.2,22.6,C,30.2,23,E,30,23.2,D,CK,,,,,,,
2006,C,32,55.013,57.503,623,620,,UNKNOWN,,2,31.1,22,B,30.5,22.2,AB,,,,CK,,,,,,,
2006,C,33,54.821,57.625,626,618,,UNKNOWN,,3,29.8,22.9,C,30.9,22.8,C,30.1,22.8,D,CK,,,,,,,
2006,C,34,54.86,57.661,629,626,,UNKNOWN,,2,29.7,21.8,B,30.3,22.2,AB,,,,CK,,,,,,,
2006,C,35,54.944,57.626,709,628,,UNKNOWN,,3,31.2,22.1,F,31.3,22.1,D,31.3,21.4,F,CK,,,,,,,
2006,C,36,54.904,57.597,709,701,,UNKNOWN,,3,30.5,22.4,D,31.2,22.1,C,31.6,21.9,C,CK,,,,,,,
2006,C,37,54.947,57.606,709,701,,UNKNOWN,,3,32.2,22.2,C,32.4,22.3,D,31.2,22.5,D,CK,,,,,,,
2006,C,38,54.956,57.619,709,628,,UNKNOWN,,3,30.7,23.1,F,31,23.1,D,30.4,23.4,D,CK,,,,,,,
2006,C,39,54.972,57.63,709,704,,UNKNOWN,,2,31,23.4,C,30.1,23.5,C,,,,CK,,,,,,,
2006,C,101,54.872,57.723,503,,503,ABAN,,1,31.6,21.5,A,,,,,,,SQ,nest not incubated,,,,,,
2006,C,103,54.933,57.551,503,428,505,PRED,,2,30.6,21.6,C,31,23,B,,,,SQ,,,,,,,
2006,C,104,54.942,57.533,504,429,504,ABAN,,1,32,22.2,C,,,,,,,SQ,nest probably abandoned before,,,,,,
2006,C,105,55.031,57.648,505,502,527,HATCH,3,3,32.5,23.1,C,31.4,23,B,32,22.9,A,SQ,,,,,,,
2006,C,106,54.864,57.714,512,512,527,PRED,,3,31.2,22.1,A,31.2,22.7,A,30.6,22,A,SQ,,,,,,,
2006,C,107,54.81,57.737,514,506,601,HATCH,2,3,29.8,22.5,D,31.1,22.1,D,30.6,22.6,D,SQ,?unhatched egg(s) with yolk only,,,,,,
2006,C,108,54.847,57.797,520,517,610,UNKNOWN,,3,31.1,23.1,B,30.5,22.7,B,32.4,23.1,A,SQ,,,,,,,
2006,C,109,54.833,57.734,520,517,602,PRED,,3,32.1,23.8,A,32.4,23.5,B,31.6,23,B,SQ,,,,,,,
2006,C,110,54.98,57.676,521,513,607,PRED,,3,32.5,22.8,D,31.5,23.1,D,32.2,22.8,C,SQ,,,,,,,
2006,C,111,55.017,57.642,524,516,604,HATCH,1,3,31,22.7,D,31.9,22.7,D,31.2,22.7,C,SQ,"caught one chick close to nest scrape in a 2nd attempt on 605, broke the two remaining eggs two days later, yolk inside",,,,,,
2006,C,112,54.806,57.606,524,520,614,HATCH,3,3,30.8,22.3,B,31.1,21.9,B,30.9,22.3,C,SQ,,,,,,,
2006,C,113,54.971,57.561,606,605,630,HATCH,2,3,29.8,22,A,30.2,22.2,C,29.5,21.8,AB,SQ,dead embryo in unhatched egg,,,,,,
2006,C,201,55.074,57.988,606,608,710,UNHATCH,0,3,,,A,,,AB,,,,EG,,,,,,,
2006,C,205,54.847,57.739,606,601,614,ABAN,,3,30.3,23.7,C,31.9,23.5,AB,31.1,23.2,C,EG,,,,,,,
2006,C,206,54.864,57.765,606,520,614,HATCH,3,3,32.3,23.2,D,31.2,22.6,E,33.2,22.5,F,EG,,,,,,,
2006,C,210,54.798,57.653,607,601,626,HATCH,3,3,31.3,22.7,E,30.5,22.7,D,30.4,22.8,D,EG,,,,,,,
2006,C,211,54.858,57.71,607,531,625,HATCH,1,3,31.1,22.3,D,30.4,22.2,D,31.9,22,C,EG,unhatched egg(s) with yolk only,,,,,,
2006,C,212,54.9,57.735,607,606,616,PRED,,3,31.1,22.8,A,31.5,22.2,A,31.7,22.5,AB,EG,,,,,,,
2006,C,213,54.797,57.581,607,525,619,HATCH,3,3,30,22.7,E,30.3,22.5,D,30.4,22.6,D,EG,"chicks ringed a few days after hatching, risk of brood mixing",,,,,,
2006,C,214,54.917,57.648,607,530,619,UNKNOWN,,3,31.4,21.9,D,31.9,21.6,C,32.7,21.6,C,EG,,,,,,,
2006,D,1,55.311,57.822,503,424,519,HATCH,3,3,30.9,22.5,D,31,22.7,D,30.3,21.8,D,CK,,,,,,,
2006,D,2,55.323,57.877,503,502,527,HATCH,3,3,31.6,22.7,AB,30.8,22.2,B,31.3,22.7,B,CK,,,,,,,
2006,D,3,55.257,57.836,512,507,531,PRED,,3,32.6,22.9,B,32.4,23,C,33.1,22.7,B,CK,,,,,,,
2006,D,4,54.864,57.94,514,515,609,HATCH,3,3,33.2,22.5,B,31.3,23,AB,32.7,22.9,,CK,,,,,,,
2006,D,5,55.312,57.915,516,515,610,PRED,,3,32,22.3,A,32.8,22.8,AB,31,22.9,B,CK,,,,,,,
2006,D,6,55.289,57.772,516,430,525,HATCH,3,3,33.2,22.5,F,31.3,22.8,F,30.7,21.3,E,CK,,,,,,,
2006,D,7,55.213,57.791,521,524,618,HATCH,2,3,30.2,22.6,AB,30.3,22.8,A,,,,CK,,,,,,,
2006,D,8,54.881,57.824,523,514,608,HATCH,3,3,32.2,23,D,30.8,23,D,31.1,22.6,D,CK,,,,,,,
2006,D,9,54.845,57.913,523,515,607,UNKNOWN,,3,29.6,22.6,D,30.6,22.5,D,31.9,22.3,C,CK,,,,,,,
2006,D,10,54.877,57.986,523,520,610,PRED,,3,32.5,22.9,A,30.4,22.4,B,31,23.4,B,CK,,,,,,,
2006,D,11,54.914,57.935,523,517,611,HATCH,2,3,30.5,22.5,B,31,22.6,D,30.6,22.7,C,CK,,,,,,,
2006,D,12,54.915,57.927,523,518,604,PRED,,3,31.7,22.8,C,32.9,23,B,32,23.3,C,CK,,,,,,,
2006,D,13,55.006,57.842,601,522,616,HATCH,1,2,31,22.1,C,31,23,B,,,,CK,unhatched egg(s) with yolk only,,,,,,
2006,D,14,55.167,57.882,528,526,620,HATCH,1+,3,31.1,22.8,B,31.6,22.7,B,31.4,22,B,CK,"615 one egg missing, unhatched egg with yolk only, chick not ringed",,,,,,
2006,D,15,55.132,57.848,523,518,611,PRED,,3,30.5,22.3,B,31.2,22.6,B,31.3,22.5,C,CK,,,,,,,
2006,D,16,55.068,57.78,611,603,618,PRED,,3,31.2,22.2,D,30.4,22.4,D,32.6,22.3,D,CK,,,,,,,
2006,D,17,55.157,57.816,612,530,624,HATCH,3,3,32,21.9,F,32.5,22.6,E,30.8,22.5,E,CK,,,,,,,
2006,D,18,55.277,57.864,612,611,706,HATCH,1,3,30.1,22.6,B,31.4,22.8,AB,31.1,22.7,A,CK,"one unhatched egg with yolk, the other with dead embryo inside",,,,,,
2006,D,19,55.245,57.917,612,604,615,PRED,,3,32.5,22.5,C,31.7,22.7,D,30.9,22.2,C,CK,,,,,,,
2006,D,20,55.103,57.829,612,531,621,PRED,,3,30.8,23,F,30.3,23,F,30.5,22,F,CK,,,,,,,
2006,D,21,55.04,57.833,612,529,623,HATCH,2,3,32.3,22.5,D,32.1,22.9,E,31.8,22.9,F,CK,?unhatched egg(s) with yolk only,,,,,,
2006,D,22,55.094,57.795,613,605,630,HATCH,2,3,31.7,22.8,C,32.8,23.5,C,31.1,23.5,C,CK,,,,,,,
2006,D,23,55.014,57.983,613,602,627,HATCH,3,3,31.4,23.3,D,30.8,23.5,D,29,22,D,CK,"chick ringed a few days after hatching, risk of brood mixing",,,,,,
2006,D,24,55.032,57.997,613,612,707,HATCH,2,3,32.7,22.5,B,31.5,22.5,AB,30,22.6,B,CK,unhatched egg(s) with yolk only,,,,,,
2006,D,25,55.057,57.967,615,612,707,HATCH,3,3,29.8,22.8,C,29.9,22.2,B,30,21.9,AB,CK,,,,,,,
2006,D,26,54.95,57.883,616,620,,UNKNOWN,,3,31.3,22.7,A,32.1,23.2,,31.8,23,,CK,,,,,,,
2006,D,27,54.924,57.924,616,620,,UNKNOWN,,3,31.8,22.4,A,31.2,23,,34,22.6,,CK,,,,,,,
2006,D,28,54.92,57.942,616,605,630,HATCH,3,3,31.1,22.8,D,31.3,22.5,D,30.7,22.7,D,CK,,,,,,,
2006,D,29,54.911,57.971,616,604,617,PRED,,3,31.3,22.3,F,30.8,22.2,F,32.6,22,F,CK,,,,,,,
2006,D,30,54.873,57.987,616,619,704,ABAN,,3,32,23.3,AB,33.1,23.1,,32.7,22.9,,CK,,,,,,,
2006,D,31,54.898,58.013,616,525,619,HATCH,2,3,32.7,23.2,F,32.2,23.5,F,32.7,23,F,CK,unhatched egg(s) with yolk only,,,,,,
2006,D,32,54.934,58.031,616,613,708,HATCH,2,3,30.8,22.7,C,31,23.1,AB,30.1,23.3,C,CK,,,,,,,
2006,D,33,54.915,58.017,616,605,630,HATCH,2+,3,31.3,22,D,29.8,22.1,D,31.7,22.7,E,CK,,,,,,,
2006,D,34,54.969,57.999,616,524,618,HATCH,2,3,32.3,23,F,31.1,23,F,31,23,F,CK,,,,,,,
2006,D,35,55.238,57.824,617,609,704,HATCH,3,3,34.6,22.7,C,31.6,23.1,D,31.8,23,D,CK,,,,,,,
2006,D,36,55.282,57.883,617,603,628,HATCH,2,3,,,F,,,D,,,F,CK,unhatched egg(s) with yolk only,,,,,,
2006,D,37,55.229,57.806,619,613,708,HATCH,2,3,32,22.6,B,31.2,22.5,C,31.2,22.2,D,CK,,,,,,,
2006,D,38,55.159,57.931,621,611,703,UNKNOWN,,3,34,23.2,E,31.6,23.1,D,33.6,23.3,D,CK,"two eggs abandoned, other egg unclear whether hatched or destroyed",,,,,,
2006,D,39,55.181,57.94,621,613,708,HATCH,2,3,30.7,22.2,D,31,22,C,30,22.3,,CK,703 one egg missing,,,,,,
2006,D,40,55.295,57.889,621,608,703,HATCH,1,2,30.9,22.8,D,31.7,23,D,,,,CK,unhatched egg(s) with yolk only,,,,,,
2006,D,41,55.311,57.897,703,628,,UNKNOWN,,3,30.7,22.3,C,30.5,22.9,C,31.1,22.2,C,CK,,,,,,,
2006,D,42,55.105,57.746,704,626,,UNKNOWN,,3,30.8,22.6,D,30.3,22.3,D,29.5,22.2,D,CK,,,,,,,
2006,D,43,54.924,57.713,704,609,704,HATCH,1+,2+,32.4,22.8,F,,,,,,,CK,"found freshly hatched chick in the nest scrape, unhatched egg with yolk only, not clear whether there was a second chick",,,,,,
2006,D,44,55.072,57.963,706,625,,UNKNOWN,,3,30.5,23.2,D,30.4,23,F,29.8,23.1,F,CK,,,,,,,
2006,D,45,54.899,57.969,706,701,,UNKNOWN,,3,31.1,22.9,C,31.1,23.5,B,30.7,23.6,C,CK,,,,,,,
2006,D,46,54.862,57.963,706,628,,UNKNOWN,,2,31.4,22.4,D,31.6,23.2,D,,,,CK,,,,,,,
2006,D,47,55.118,57.696,706,703,,UNKNOWN,,3,30.8,22,AB,30.8,22.8,B,31.9,22.8,B,CK,,,,,,,
2006,D,101,55.287,57.85,504,506,531,UNKNOWN,,3,30,22,B,29.9,22.1,A,,,,SQ,,,,,,,
2006,D,102,55.308,57.844,507,504,529,HATCH,1+,3,30.2,22.4,A,31.4,22.1,C,29.7,22.4,B,SQ,"2 eggs/chicks disappeared at hatching, after the first chick had hatched",,,,,,
2006,D,103,55.323,57.865,507,502,527,PRED,,3,30.6,22.8,C,30.7,22.4,B,31.9,23,A,SQ,,,,,,,
2006,D,104,54.877,57.856,514,511,604,UNKNOWN,,3,32.4,22.3,A,31.4,22.2,B,31.3,22.5,A,SQ,,,,,,,
2006,D,105,54.894,57.765,514,511,523,PRED,,3,31,22.4,B,30.1,22.2,A,30.3,22.9,B,SQ,,,,,,,
2006,D,106,54.91,57.729,514,514,531,PRED,,3,31.2,21.8,A,30.7,22.8,A,30.3,22.3,A,SQ,,,,,,,
2006,D,107,54.895,57.829,520,520,609,UNKNOWN,,3,31.9,22.8,A,30.8,22.8,A,30,23,A,SQ,,,,,,,
2006,D,108,54.919,57.795,520,515,609,UNKNOWN,,3,29.7,22.5,B,29.7,22.4,A,30.7,22,C,SQ,,,,,,,
2006,D,109,,,520,517,521,PRED,,3,30.2,23.7,A,32.2,23.6,A,30.6,23.5,B,SQ,,,,,,,
2006,D,110,,,520,515,602,PRED,,3,32.6,22.3,A,32.4,22.4,B,32,22.7,C,SQ,,,,,,,
2006,D,111,54.996,57.999,521,518,531,PRED,,3,30,22.9,B,30.4,23,B,30.4,22.7,A,SQ,,,,,,,
2006,D,112,55.013,57.974,521,521,605,PRED,,3,33,22.5,A,33.1,23.4,A,32.8,23.4,A,SQ,,,,,,,
2006,D,113,54.879,57.806,524,512,606,HATCH,3,3,30.8,22.7,D,31.5,22.3,D,31.3,22.4,D,SQ,,,,,,,
2006,D,114,54.861,57.84,524,511,607,HATCH,1+,3,31.3,21.6,B,29.8,21.3,B,30.1,21.5,C,SQ,only one chick ringed a few days after hatching,,,,,,
2006,D,115,54.901,57.902,524,516,604,BROKEN,,3,29.5,22.8,D,30,21.9,C,29.6,23.1,C,SQ,accidentially stepped on nest,,,,,,
2006,D,116,54.99,57.902,524,526,620,HATCH,3,3,33,22.3,A,32.4,22.7,A,,,,SQ,,,,,,,
2006,D,117,54.98,57.689,524,510,604,HATCH,1,3,31.2,22.5,C,31.5,22.4,D,31,22.1,C,SQ,unhatched egg(s) with yolk only,,,,,,
2006,D,118,55.062,57.931,526,520,614,HATCH,3,3,30.2,22.4,B,30.2,22.3,B,30.2,23.3,C,SQ,"chick ringed a few days after hatching, risk of brood mixing",,,,,,
2006,D,119,54.921,57.741,526,526,620,HATCH,3,3,31.2,22.8,A,30.8,22.7,A,,,,SQ,,,,,,,
2006,D,120,54.924,57.774,606,608,616,PRED,,3,29.7,22.5,B,30,22.8,D,,,,SQ,,,,,,,
2006,D,122,54.881,57.911,607,528,609,PRED,,3,30.3,22.5,E,31.3,22.5,E,32.1,21,E,SQ,?2 dead emryos and one egg with yolk only,,,,,,
2006,D,202,55.172,57.726,606,603,628,HATCH,2,3,,,AB,,,A,,,B,EG,unhatched egg(s) with yolk only,,,,,,
2006,D,203,55.191,57.762,606,603,628,HATCH,1,3,,,AB,,,B,,,C,EG,"one unhatched egg with yolk, the other with dead embryo inside",,,,,,
2006,D,204,55.041,57.731,606,601,621,PRED,,3,,,C,,,C,,,AB,EG,,,,,,,
2006,E,1,54.856,57.286,513,508,607,UNHATCH,0,3,30.4,21.9,B,30.4,21.6,B,32.1,21.6,C,CK,"602 found one egg with dead embryo close to nest, 606 broke last eggs: one with dead embryo, one with yolk inside",,,,,,
2006,E,2,54.964,57.388,602,606,625,PRED,,3,31.8,23.3,A,31.5,22.7,,33,22.3,,CK,,,,,,,
2006,F,1,55.336,57.903,615,610,625,ABAN,,1,32.8,21.8,C,,,,,,,CK,,,,,,,
2007,A,1,300561,2645973,429,503,528,HATCH,3,3,31.3,21.9,AB,31.5,22.1,,31.2,22.3,,CK,,,,,,,
2007,A,2,300708,2645920,429,503,531,UNHATCH,0,3,29.9,22.4,B,29.7,22.7,,30,22.6,,CK,,,,,,,
2007,A,3,300561,2645702,429,504,529,HATCH,3,3,31.2,22.9,A,30.7,22.7,,30.1,22.2,,CK,,,,,,,
2007,A,4,300540,2645659,506,507,601,HATCH,3,3,29.7,22.4,B,31.1,22.5,AB,30.4,22.5,AB,CK,,,,,,,
2007,A,5,300678,2645460,506,505,530,HATCH,3,3,31.7,22,B,30.9,22.2,AB,30.6,22.3,B,CK,,,,,,,
2007,A,6,300693,2645355,506,503,528,HATCH,3,3,31.9,21.5,C,31.9,21,B,31.9,22.6,C,CK,,,,,,,
2007,A,7,300824,2645359,516,515,609,HATCH,3,3,32.3,21.7,AB,31,22,B,32.2,21.9,C,CK,,,,,,,
2007,A,8,301009,2645151,516,519,613,HATCH,3,3,31.3,22.5,AB,30.7,22.4,,30.5,22.6,,CK,,,,,,,
2007,A,9,300991,2645044,516,517,611,HATCH,3,3,30.5,23.2,AB,30,22.9,B,30,22.8,,CK,,,,,,,
2007,A,101,301128,2644833,429,428,,ABAN,0,1,30.3,21.7,AB,,,,,,,LL,,,,,,,
2007,A,102,300907,2645485,429,428,523,HATCH,3,3,31,22.4,AB,31,22.1,C,31,22.5,B,LL,,,,,,,
2007,A,103,300730,2645380,430,506,531,HATCH,2,3,30.5,22,AB,30.9,22.6,,31.2,22.4,,LL,,,,,,,
2007,A,104,300597,2645694,515,517,603,PREDATED,0,3,31.6,22.4,B,31.2,,,31.5,22.1,,LL,Broken egg while it was being mesure. Egg 2,,,,,,
2007,A,105,301118,2645004,517,,,ABAN,,1,32.4,23.3,B,,,,,,,LL,Sterna anillarum invaded this nest.,,,,,,
2007,A,106,301352,2644760,518,521,615,HATCH,2,3,32,22.4,AB,30.4,22.5,,31.2,22,,LL,,,,,,,
2007,A,107,301297,2645192,518,520,601,PREDATED,0,2,30.8,22.7,AB,31,22.9,B,,,,LL,,,,,,,
2007,A,108,301139,2645428,518,510,601,ABAN,0,2,32.9,22.5,D,31.9,22.7,B,,,,LL,,,,,,,
2007,A,109,300928,2645638,519,518,606,PREDATED,0,3,31.4,22.5,B,31.4,22.2,C,32.4,22.5,AB,LL,,,,,,,
2007,A,110,300644,2646009,522,512,610,UNHATCH,0,2,31,22.7,E,30.5,22.1,F,,,,LL,,,,,,,
2007,A,111,301098,2645074,523,522,613,ABAN,0,3,31.7,22.9,AB,32.1,22.5,B,31,22.7,B,LL,,,,,,,
2007,A,112,301044,2645127,523,515,609,HATCH,3,3,31.5,22.4,C,32.3,22.6,B,31.8,22.7,C,LL,,,,,,,
2007,A,113,300718,2645605,524,525,619,HATCH,3,3,30.5,22.6,AB,31.2,23.1,A,33,22.8,,LL,,,,,,,
2007,A,114,300854,2645547,524,523,606,PREDATED,0,3,32.3,22.8,AB,31.5,22.7,B,31.5,22.9,AB,LL,,,,,,,
2007,A,115,300929,2645536,524,522,616,HATCH,2,3,31.5,23.2,B,31.4,23,C,32,22.4,AB,LL,,,,,,,
2007,A,116,300939,2645640,525,,602,ABAN,0,1,32.1,22.6,F,,,,,,,LL,,,,,,,
2007,A,117,300848,2645591,525,520,611,PREDATED,0,3,29.7,23.3,B,29.7,22.7,C,30.8,23,C,LL,,,,,,,
2007,A,118,301042,2645236,525,530,624,HATCH,2,3,31.3,23.2,A ,31.6,23.1,,29.8,23.2,,LL,,,,,,,
2007,A,119,301068,2645194,525,523,617,HATCH,3,3,32.4,23.3,AB,33.7,23,B,33.5,23.1,A ,LL,,,,,,,
2007,A,120,300764,2645522,528,523,614,PREDATED,0,3,31.6,23.4,C,30.9,23.6,C,31.6,23.5,C,LL,,,,,,,
2007,A,121,300828,2645376,604,527,621,HATCH,3,3,30.8,23.3,C,31.4,23.2,C,32.6,23.2,B,LL,,,,,,,
2007,A,122,300894,2645447,610,531,625,HATCH,2,3,30.6,23,D,30.7,22.8,D,30.6,22.3,C,LL,ONE BROKEN EGG. WHILE ONE OF THE PARENTS WERE TRAP.,,,,,,
2007,A,123,301107,2645105,610,516,610,HATCH,3,3,32.1,22.9,,32.4,22.7,,32.9,22.5,,LL,About to be born. ,,,,,,
2007,A,124,301311,2644950,611,603,628,HATCH,1,3,30.9,22.5,D,30.4,22.7,D,30.4,22.5,C,LL,2 FLOODED,,,,,,
2007,A,125,301214,2645120,611,603,628,HATCH,2,3,31.9,22.9,D,30,23.6,C,31.7,23,B,LL,ONE FLOODED,,,,,,
2007,A,126,301299,2645120,612,,619,PREDATED,0,3,30.8,22.5,F,29.7,22.3,F,29.8,22.6,F,LL,,,,,,,
2007,A,127,301281,2645172,612,607,702,HATCH,2,3,30.2,22.6,B,31.8,22.4,B,30.2,22.6,C,LL,,,,,,,
2007,A,128,301267,2645294,612,601,626,HATCH,3,3,31.1,22.4,D,31,22.7,D,29.6,22.9,C,LL,,,,,,,
2007,A,129,300972,2645375,612,610,625,PREDATED,0,2,31.2,22.5,B,30.2,22.7,B,,,,LL,,,,,,,
2007,A,130,300826,2645467,612,604,629,HATCH,3,3,32,22,E,30.5,22.8,D,31.2,22.5,D,LL,,,,,,,
2007,A,131,300944,2645174,613,603,628,HATCH,3,3,32.1,22,D,31.3,22.7,E ,31.7,22.3,D,LL,,,,,,,
2007,A,132,300994,2645088,613,602,627,HATCH,3,3,32.4,22.2,C,31.5,22.1,D,30.1,22.6,D,LL,,,,,,,
2007,A,133,301218,2644881,613,523,617,HATCH,3,3,31,23.1,F,30.4,23,F,30.5,23.3,F,LL,,,,,,,
2007,A,134,300698,2645619,624,607,702,HATCH,3,3,32.4,22.7,D,32,22.1,F,31,22.9,E,LL,,,,,,,
2007,A,201,300688,2645516,507,,514,PREDATED,0,1,30.7,21.8,A,,,,,,,MONIF,,,,,,,
2007,A,202,300593,2645747,510,506,601,HATCH,3,3,30,22,A,30.2,22.1,B,29.6,22.4,C,MONIF,,,,,,,
2007,A,203,300619,2645483,510,506,601,HATCH,3,3,29.4,22.2,E,31.2,22.5,C,30.5,22.1,B,MONIF,,,,,,,
2007,A,204,301278,2644797,511,430,525,HATCH,2,3,30.6,21,broken,29.5,21.2,C,29,21.7,E,MONIF,ONE BROKEN EGG,,,,,,
2007,A,205,301306,2644795,511,509,524,PREDATED,0,3,30.1,22.8,D,29.2,22.7,C,29.4,22.4,B,MONIF,,,,,,,
2007,A,206,301400,2644708,511,505,530,HATCH,3,3,29.5,22.5,B,30,22,D,29.8,22,C,MONIF,,,,,,,
2007,A,207,300982,2645652,511,511,605,HATCH,2,3,30.6,22.3,B,30.4,22.1,C,30.2,22.3,A,MONIF,one egg broken,,,,,,
2007,A,301,300780,2645834,623,601,625,HATCH,3,3,30.6,22.5,,30.9,22.9,,30.4,22.9,,MC,,,,,,,
2007,B,1,300016,2645932,428,424,518,HATCH,1,2,31.8,22.2,F,33.8,22.2,C,,,,CK,,,,,,,
2007,B,2,300083,2645887,501,502,512,PREDATED,0,3,31.4,22.3,B,30.8,22.3,AB,31.3,22,,CK,,,,,,,
2007,B,3,300095,2646006,428,418,510,PREDATED,0,2,29.2,22.3,E,29.6,22,F,,,,CK,,,,,,,
2007,B,4,300185,2645810,429,504,529,HATCH,3,3,30.8,22.9,A,30.8,22.8,,,,,CK,,,,,,,
2007,B,5,299182,2646788,603,601,626,HATCH,3,3,32.4,22.5,,32.8,22.3,,32.9,21.7,,CK,,,,,,,
2007,B,6,298965,2646970,610,610,705,HATCH,3,3,30.2,21.8,,30.1,22.2,,30.5,22.1,,CK,,,,,,,
2007,B,7,300181,2646147,610,605,705,UNHATCH,0,3,31,21.7,C,30.8,22.2,F,31,21.6,D,CK,,,,,,,
2007,B,8,299312,2646642,620,618,704,PREDATED,0,3,30.3,23.2,C,30.4,22.8,C,30.5,23,B,CK,,,,,,,
2007,B,9,299040,2646972,623,622,626,PREDATED,0,3,30.2,22.5,B,31,22.3,AB,29.6,22.6,B,CK,,,,,,,
2007,B,10,299277,2647246,705,,712,UNKNOWN,,3,,,,,,,,,,CK,,,,,,,
2007,B,11,299201,2647675,708,,712,UNKNOWN,,3,30,22.1,,31.3,22.6,,30.9,22.6,,CK,,,,,,,
2007,B,12,299221,2647176,710,,712,UNKNOWN,,2,,,,,,,,,,CK,,,,,,,
2007,B,13,299256,2647582,710,,712,UNKNOWN,,1,,,A,,,,,,,CK,,,,,,,
2007,B,101,299972,2646072,506,503,528,HATCH,3,3,31.2,21.8,D,29.6,22.2,C,29.7,22.4,D,LL,,,,,,,
2007,B,102,300366,2645756,516,514,602,PREDATED,0,3,32.7,23.2,B,31.1,23.5,C,30.9,23.5,D,LL,,,,,,,
2007,B,103,300414,2645694,516,422,517,HATCH,2,2,32.2,22.2,,32.6,22.4,,,,,LL,About to be born. Already nocking?.,,,,,,
2007,B,104,300286,2645917,519,517,611,HATCH,3,3,30.3,22.1,C,32.3,22.1,AB,31.7,22.6,B,LL,,,,,,,
2007,B,105,300263,2646033,519,518,612,HATCH,3,3,32.6,22.6,B,31.6,22.6,AB,31.8,22,C,LL,,,,,,,
2007,B,106,300131,2646121,606,531,625,HATCH,3,3,31.7,23,B,32.7,23,B,31.6,22.7,AB,LL,,,,,,,
2007,B,107,300077,2646069,606,604,629,HATCH,3,3,30.1,21.6,B,31.7,21.4,AB,30.1,21.8,B,LL,,,,,,,
2007,B,108,300128,2645948,606,601,626,HATCH,3,3,31.1,22.4,C,30.4,22.8,C,30.6,22.7,D,LL,,,,,,,
2007,B,109,300066,2645989,628,,630,UNHATCH,0,3,,,,,,,,,,LL,replaced eggs with excess eggs from B107 and A130,,,,,,
2007,B,301,299049,2646941,617,615,704,PREDATED,0,3,29.3,22.3,C,29.8,22,C,29.5,22.6,B,MC,,,,,,,
2007,C,1,300474,2645960,428,418,522,UNHATCH,0,3,30.3,22,F,30.6,22.3,F,30.9,22.3,E,CK,,,,,,,
2007,C,2,300581,2646302,428,423,521,UNHATCH,0,1,31.5,21.4,C,,,,,,,CK,,,,,,,
2007,C,3,300492,2646449,428,417,509,PREDATED,0,3,30.4,22,F,30.2,22,F,31.1,22.4,F,CK,,,,,,,
2007,C,4,300453,2646501,428,413,508,HATCH,3,3,30.9,22.7,F,30.8,23.1,F,31.6,23.1,F,CK,,,,,,,
2007,C,5,300480,2646458,429,415,505,PREDATED,0,3,29.5,21.5,F,29.6,21.7,F,30.2,21.7,F,CK,,,,,,,
2007,C,6,300441,2646239,430,420,516,UNHATCH,0,2,30.8,22.2,E,31.1,22.3,F,,,,CK,,,,,,,
2007,C,7,300349,2646366,501,415,510,HATCH,3,3,30.6,23.1,F,30.2,22.7,F,30.5,22.8,F,CK,,,,,,,
2007,C,8,300532,2646336,501,505,530,HATCH,3,3,30.7,22,AB,30.3,22.3,,29.6,22.5,,CK,,,,,,,
2007,C,9,300490,2646196,503,505,515,PREDATED,0,3,30.9,22.8,AB,31.9,22.9,B,,,,CK,,,,,,,
2007,C,10,300404,2646456,503,507,601,HATCH,3,3,31.8,22.3,AB,31.4,22.7,,31.8,22.9,,CK,,,,,,,
2007,C,11,300451,2646408,504,420,515,HATCH,2,3,30.9,22.5,F,31.1,22.7,F,30.3,22.1,F,CK,,,,,,,
2007,C,12,300267,2646172,505,430,525,HATCH,3,3,31.2,23,C,31.5,22.5,C,30.6,22.6,C,CK,,,,,,,
2007,C,13,300423,2646035,505,506,531,HATCH,3,3,31.8,22.7,B,30.2,22.7,AB,30.7,23,,CK,,,,,,,
2007,C,14,300401,2646129,505,425,523,UNHATCH,0,2,30,22,F,29.9,22.3,E,,,,CK,,,,,,,
2007,C,15,300465,2646212,510,504,529,HATCH,3,3,30.9,22,D,30.8,22.4,C,30.3,22.2,C,CK,,,,,,,
2007,C,16,300484,2646486,602,601,616,PREDATED,0,3,31.9,22.8,C,31.3,22.6,AB,30.3,22.7,B,CK,,,,,,,
2007,C,17,300561,2646327,612,610,705,HATCH,3,3,31.8,22.3,AB,31,21.6,B,32.6,22,B,CK,,,,,,,
2007,C,101,300259,2646038,501,421,506,PREDATED,0,1,33.7,21.5,E,,,,,,,LL,,,,,,,
2007,C,102,300474,2645967,505,429,524,HATCH,3,3,30.8,21.8,B,30.3,21.9,D,30,22,C,LL,,,,,,,
2007,C,103,300335,2646223,520,510,624,UNHATCH,0,3,30.4,23,E,30.4,23,F,31,23.3,F,LL,,,,,,,
2007,C,104,300285,2646205,615,615,710,HATCH,2,3,32.9,23,AB,31.4,23,B,32,22.7,,LL,,,,,,,
2007,C,301,300396,2645995,615,,625,UNHATCH,0,3,29,22.3,F,30.2,22.3,F,29.3,22.2,F,MC,,,,,,,
2007,C,305,299884,2646345,707,705,712,UNKNOWN,,3,30.7,23,C,31.6,22.7,B,31,23.2,C,MC,,,,,,,
2007,C,302,300498,2646276,626,628,712,UNKNOWN,,3,30.7,22.9,B,30.4,22.6,AB,30.6,22.7,,MC,,,,,,,
2007,C,303,300597,2646152,630,605,630,HATCH,2,3,,,,,,,,,,MC,,,,,,,
2007,C,304,300347,2646076,702,627,712,UNKNOWN,,2,30.9,22.9,C,30.5,23.6,C,,,,MC,,,,,,,
2007,D,1,299790,2646390,621,613,630,UNKNOWN,,3,29.4,22.7,E,30.2,22.8,F,29.3,23,D,CK,"probably hatched, saw parents tending chicks, male BX.MX|gX.BX = D-3",,,,,,
2007,D,2,300348,2646648,501,429,524,HATCH,2,3,30.1,22.5,A,29.9,22.3,B,30.5,22.1,C,CK,,,,,,,
2007,D,3,300140,2646863,510,505,530,HATCH,3,3,30.5,22.5,C,30,22.6,C,30.1,22.4,C,CK,,,,,,,
2007,D,4,300076,2646938,514,505,530,HATCH,2,3,31.6,22.2,D,29.5,20.9,D,31.7,22.2,C,CK,517 one egg missing,,,,,,
2007,D,5,300058,2646959,514,506,524,PREDATED,0,3,30.4,22.1,E,30.5,22.1,D,31,22,E,CK,,,,,,,
2007,D,6,300374,2646524,611,604,629,HATCH,2,3,30.2,22.8,D,32,22.4,C,31.7,22.3,D,CK,,,,,,,
2007,D,7,300332,2646335,612,611,706,HATCH,1,3,30.7,22.8,B,30.1,22.8,B,29.4,22.9,B,CK,,,,,,,
2007,D,8,299895,2646365,620,612,707,HATCH,2,3,29,22.6,C,29.5,22.7,D,30.4,22.7,D,CK,,,,,,,
2007,D,9,300042,2646410,621,620,712,UNKNOWN,,3,33.8,21.5,B,28.1,20.8,B,30.8,21.7,AB,CK,,,,,,,
2007,D,10,299781,2646411,621,609,704,HATCH,2,3,30.4,22.9,D,29.8,22.7,D,30.6,22.4,D,CK,,,,,,,
2007,D,11,299900,2646597,623,621,712,UNKNOWN,,3,30.7,22.9,C,29.9,23,B,29.7,22.9,B,CK,,,,,,,
2007,D,12,299843,2646303,626,615,710,HATCH,3,3,31.2,23,E,32.6,23.4,D,32.2,23.5,D,CK,,,,,,,
2007,D,13,300175,2646828,626,625,701,ABAN,0,2,33.9,22.4,B,34.9,22.3,AB,,,,CK,,,,,,,
2007,D,101,300318,2646244,608,610,705,HATCH,2,3,29.8,22.7,AB,30.1,22.8,B,30.5,23,,LL,,,,,,,
2007,D,102,300192,2646184,608,531,625,HATCH,3,3,31.3,21.9,B,32,21.9,C,30,21.8,B,LL,,,,,,,
2007,D,103,300092,2646130,608,609,704,HATCH,3,3,30.3,21.7,B,30.4,21.9,AB,30.3,21.9,,LL,,,,,,,
2007,D,104,299996,2646121,609,611,706,HATCH,3,3,29.6,22.4,AB,30.3,22.5,,31.3,22.5,,LL,,,,,,,
2007,D,105,300134,2646408,609,609,704,HATCH,2,3,30.7,22.8,B,30.3,23,AB,31.6,22.8,,LL,,,,,,,
2007,D,106,299864,2646490,617,616,712,UNKNOWN,,2,32,22.1,AB,31.5,22,B,,,,LL,"I just had 2 in my notes, and also in the wall papers says only two.",,,,,,
2007,D,107,299962,2646470,613,615,710,HATCH,2,3,31.8,22.9,B,30.8,22.6,AB,31.4,22.7,,LL,,,,,,,
2007,D,108,300042,2646178,613,609,704,HATCH,3,3,31.1,22.7,C,32.1,22.6,B,31.9,23.5,C,LL,,,,,,,
2007,D,109,300128,2646523,613,612,707,HATCH,2,3,31.8,22.7,D,31.6,22.4,B,31.3,23,B,LL,one egg missing.,,,,,,
2007,D,110,300096,2646663,617,620,624,UNHATCH,0,3,31,23.1,AB,30,23.1,,30.7,23.3,,LL,,,,,,,
2007,D,111,299924,2646134,619,611,706,HATCH,2,3,31.8,22.9,C,30.8,22.9,D,31.5,22.8,C,LL,,,,,,,
2007,D,302,299954,2646100,707,706,712,UNKNOWN,,3,31.6,22.6,B,32.6,22.8,AB,31.1,22.7,C,MC,,,,,,,
2007,E,1,300245,2646867,429,417,512,HATCH,3,3,31.7,22.5,F,31.9,21.5,F,30.7,21.8,F,CK,,,,,,,
2007,E,2,300434,2646720,612,607,702,HATCH,3,3,31.3,22.4,C,32,22.2,C,32.1,22.5,C,CK,,,,,,,
2007,E,3,301205,2646007,614,612,707,HATCH,2,3,30,22.4,B,30.2,22.4,B,28.9,22.4,C,CK,,,,,,,
2007,E,4,300544,2646645,619,611,706,HATCH,2,3,31,23.3,D,30.9,22.8,C,30.6,23,D,CK,,,,,,,
2007,E,5,300333,2646729,624,,701,ABAN,0,2,30.8,22.6,,31,22.1,,,,,CK,,,,,,,
2007,E,101,300312,2646835,527,530,624,HATCH,2,3,30.4,22.9,AB,30.9,23,A,,,,LL,,,,,,,
2007,E,102,301044,2646083,608,602,627,HATCH,3,3,31,23.1,D,31.4,23.1,D,32.4,23.1,C,LL,,,,,,,
2007,E,103,301067,2646079,608,529,611,PREDATED,0,1,30.2,21.7,E,,,,,,,LL,,,,,,,
2007,E,301,300211,2646956,524,524,618,HATCH,3,3,31,23.3,A,29.3,23,AB,30.8,23.5,B,MC,,,,,,,
2007,E,302,301683,2645756,619,,625,UNHATCH,0,2,31,22.5,F,30.3,22.3,F,,,,MC,,,,,,,
2007,E,303,,,619,525,619,HATCH,3,3,,,,,,,,,,MC,the coordinates of E303 estan in the GPS.,,,,,,
2007,E,304,301080,2646059,621,620,712,UNKNOWN,,3,28.2,22.4,B,29.3,22.3,AB,31.7,22.5,B,MC,,,,,,,
2007,E,305,300250,2646930,621,616,712,UNKNOWN,,3,32.2,23.4,D,30.7,23.2,D,31.6,22.9,C,MC,,,,,,,
2007,E,306,300451,2646733,625,626,712,UNKNOWN,,3,29.9,22.1,AB,31.5,22.3,B,30.8,22.3,,MC,,,,,,,
2007,F,101,299981,2647001,617,526,620,HATCH,3,3,31.7,22.2,F,32.1,22.2,F,30.7,22.1,F,LL,,,,,,,
2008,A,1,300537,2645926,421,420,515,HATCH,3,3,29.9,22,B,30.1,21.6,C,30.1,22,AB,LL,,,,,,,
2008,A,2,300842,2645115,422,427,522,HATCH,2,3,30.7,22,AB,31.4,22.1,,31.7,22.3,,LL,"JUST ONE EGG IN THE NEST, WHEN FOUND.",,,,,,
2008,A,3,300654,2645547,426,426,521,HATCH,2,3,30.9,22.4,B,30.6,22.1,AB,26,20.4,AB,LL,WAS ABANDONED THE DAY THAT HATCH. CF A2,,,,,,
2008,A,4,301368,2645022,426,421,516,HATCH,2,3,31.1,22.4,D,29.5,22.4,C,30.5,22,E,LL,ONE CHICK DIED WHILE BEING PROCESS.,,,,,,
2008,A,5,300926,2645456,427,424,519,HATCH,3,3,30,22.6,D,29.5,23,C,29.4,22.8,C,LL,CF A6,,,,,,
2008,A,6,300797,2645834,427,423,518,HATCH,3,3,31.4,22.8,C,31.1,23.1,D,31.5,22.7,E,LL,CF A5,,,,,,
2008,A,7,300930,2645635,429,428,507,FLOODED,0,3,33.7,22.8,AB,33.8,22.9,B,33,22.6,B,LL,"FLOODED WHEN FOUND, BIRD STILL INCUBATING UNTIL 0503",,,,,,
2008,A,8,300997,2645642,430,428,601,UNHATCHED,0,3,32.9,22,C,30.9,22,B,31.3,22.3,B,LL,,,,,,,
2008,A,9,301376,2644789,501,501,526,HATCH,2,3,32.4,22.5,AB,32,22.8,B,30.8,22.2,C,LL,,,,,,,
2008,A,10,300941,2645474,504,511,605,HATCH,3,3,31.3,22.7,AB,31.5,22.9,,31.2,23,,LL,,,,,,,
2008,A,11,300529,2645655,505,503,518,PREDATED,0,3,31.6,21.7,B,31.6,22.1,C,32.1,21.8,D,LL,,,,,,,
2008,A,12,300844,2645562,506,505,512,FLOODED,0,1,32,21.5,AB,,,,,,,LL,FLOODED,,,,,,
2008,A,13,300663,2645382,507,506,520,ABANDONED,0,2,30.5,22.6,AB,,,,,,,LL,,,,,,,
2008,A,14,300660,2645605,510,512,606,HATCH,3,3,31,22,B,31.4,22.6,AB,31,22.4,,LL,,,,,,,
2008,A,15,301240,2644916,517,512,525,ABANDONED,0,2,33,23,C,34.9,22.5,D,,,,LL,,,,,,,
2008,A,16,300627,2645710,512,511,531,PREDATED,0,2,32,22.4,C,31.7,21.5,AB,,,,LL,,,,,,,
2008,A,17,300729,2645302,512,515,609,HATCH,1,2,33.5,22.6,B,34.1,22.6,,,,,LL,,,,,,,
2008,A,18,300944,2645607,520,422,517,HATCH,1,2,32.5,22.5,B,28.5,20.8,,,,,LL,,,,,,,
2008,A,19,301233,2644915,520,519,613,HATCH,2,2,29.2,22.9,B,30.9,22.2,B,,,,LL,,,,,,,
2008,A,20,301303,2644843,522,521,615,HATCH,2,3,31,23,AB,30.1,22.8,B,29.4,22.8,AB,LL,CF B3,,,,,,
2008,A,22,300841,2645398,526,529,623,HATCH,1,3,34.2,21.2,AB,32.9,21,,28.6,21.1,,LL,,,,,,,
2008,A,23,301294,2644947,529,529,623,HATCH,3,3,30.2,23.1,AB,30,22.9,B,29.7,22.8,B,LL,CF B106,,,,,,
2008,A,24,301201,2645155,605,605,630,HATCH,1,3,30.1,23,B,29.9,22.8,C,30.5,22.8,AB,LL,,,,,,,
2008,A,25,300934,2645412,611,609,704,HATCH,2,3,30.1,22.7,B,30.5,22.7,AB,30.4,22.5,C,LL,,,,,,,
2008,A,101,300684,2646013,428,416,511,ABANDONED,0,3,30.4,22,D,31.2,22.6,D,30.6,22.2,C,MC,,,,,,,
2008,A,102,300541,2645668,504,505,530,HATCH,3,3,31.1,22.9,C,31.4,22.9,B,31.4,22.4,AB,MC,,,,,,,
2008,A,103,300601,2645458,506,507,601,HATCH,3,3,29.7,22.4,C,31.8,22.2,D,31,22.4,C,MC,,,,,,,
2008,A,104,300317,2645532,529,529,623,HATCH,2,2,31.6,23.2,B,31.5,23.1,C,,,,MC,,,,,,,
2008,A ,21,300809,2645637,523,525,619,HATCH,3,3,30.6,23,AB,31.1,22.9,B,30.6,22.8,,LL,,,,,,,
2008,B,1,300364,2645756,424,427,428,PREDATED,0,1,30.6,22.9,AB,,,,,,,LL,CRUSHED BY COWS,,,,,,
2008,B,2,300109,2645868,509,513,607,HATCH,2,2,29.7,23.5,AB,31,23.5,,,,,LL,,,,,,,
2008,B,3,300239,2645838,515,520,614,HATCH,3,3,30.6,23,AB,32,22.7,,30.8,23,,LL,CF A20,,,,,,
2008,B,4,300308,2645871,515,510,527,ABANDONED,0,3,32.3,22.6,,31.2,22.5,B,30.4,22.8,C,LL,EGG BROKEN AND ROTTEN BUT MALE STILL INCUBATING. 05/20/08 WAS FOUND WITH 2 MORE EGGS.,,,,,,
2008,B,101,300438,2645669,427,429,524,HATCH,1,3,32.7,22.6,B,31.5,22.7,B,32.1,22.8,C,MC,,,,,,,
2008,B,102,299051,2646900,502,501,504,PREDATED,0,3,31.8,21.9,AB,32.2,21,D,31.2,22,C,MC,,,,,,,
2008,B,103,300168,2645811,502,504,529,HATCH,2,3,29.9,22.4,B,31.5,22.8,C,31.3,22.5,,MC,,,,,,,
2008,B,104,300064,2646024,503,425,520,ABANDONED,0,2,31,22.7,D,,,,,,,MC,2nd egg trampled by cows,,,,,,
2008,B,105,300102,2646003,520,524,618,HATCH,2,3,32,23.2,AB,31.4,23.5,,33.1,23.2,,MC,,,,,,,
2008,B,106,300099,2646030,527,528,622,HATCH,3,3,29.9,22.2,AB,31.1,22.1,B,31,22.1,,MC,,,,,,,
2008,B,107,299171,2646794,614,609,701,PREDATED,0,3,31.5,22.9,D,31.8,22.7,D,32.3,22.6,C,MC,,,,,,,
2008,B,201,299037,2646968,614,609,706,FLOODED,0,3,31.7,22,AB,30.8,22,B,31.8,22.6,C,AAT,,,,,,,
2008,C,1,300235,2646186,527,530,624,HATCH,3,3,30.5,22,AB,32.1,21.6,B,31.9,21.9,,LL,,,,,,,
2008,C,101,300461,2646213,423,422,516,ABANDONED,0,3,30.5,23,AB,32.2,23,B,31.9,22.8,C,MC,2 eggs broken by cows.,,,,,,
2008,C,102,300407,2646282,423,416,511,HATCH,2,3,29.6,22.6,F,29.6,22.6,F,30.7,22.5,E,MC,,,,,,,
2008,C,103,300452,2646374,423,414,509,HATCH,3,3,29.4,21.4,D,31.3,21.9,F,30.3,21.8,E,MC,,,,,,,
2008,C,104,300462,2646486,424,416,511,HATCH,3,3,31.2,22.6,F,30.2,22.3,C,31.4,22.5,E,MC,,,,,,,
2008,C,105,300196,2646121,425,427,512,ABANDONED,0,1,32.9,22.9,B,32.6,22.8,,32.7,22.5,,MC,,,,,,,
2008,C,106,300400,2645983,502,501,519,PREDATED,0,3,31,22.3,AB,30.3,22,C,30.1,22.1,B,MC,,,,,,,
2008,C,107,300329,2646222,504,507,527,PREDATED,0,1,31.4,22.8,AB,32.2,22.5,,32.7,22.6,,MC,,,,,,,
2008,C,108,,,509,508,531,PREDATED,0,3,31.6,22.8,AB,30.5,22.4,C,30.8,22.4,C,MC,missing coordinate,,,,,,
2008,C,109,300484,2646435,525,525,619,HATCH,2,3,31,23.1,C,31,23.2,B,30.5,23.5,C,MC,,,,,,,
2008,C,110,300448,2645986,527,525,619,HATCH,2,3,30,21.8,C,31.7,22.4,B,30.5,22.5,C,MC,,,,,,,
2008,C,111,300375,2646171,528,601,626,HATCH,3,3,30.9,22.6,B,31.5,22.4,C,31.3,22.4,,MC,,,,,,,
2008,C,112,300477,2646486,531,529,623,HATCH,3,3,31.9,22.1,C,31.8,22.5,C,33.2,22.3,B,MC,,,,,,,
2008,C,113,300407,2646434,606,609,704,ABANDONED,0,3,29.8,22.8,D,31.5,22.5,C,31.1,22.7,C,MC,FLLODED,,,,,,
2008,C,114,300452,2646066,608,609,704,HATCH,2,3,32.1,22.7,B,30.7,22.9,C,31.2,22.9,B,MC,One chick dead in the nests.,,,,,,
2008,C,115,300343,2645963,609,610,706,HATCH,3,3,30.4,22.3,B,29.9,22.1,AB,30.5,22.5,,MC,,,,,,,
2008,D,1,299943,2646230,602,603,628,HATCH,3,3,31.7,22.1,AB,32.1,21.6,B,30.7,22.5,AB,LL,,,,,,,
2008,D,2,299988,2646247,610,611,704,FLOODED,0,3,31.9,22.3,B,30.8,22.3,B,31.8,22,,LL,FLOODED,,,,,,
2008,D,3,300051,2646359,610,609,704,HATCH,3,3,31.1,23.2,B,31.2,23,AB,31.5,23,C,LL,,,,,,,
2008,D,4,300103,2646653,610,608,703,HATCH,2,3,31.2,22.9,B,22.2,22.6,AB,33.7,22.4,C,LL,,,,,,,
2008,D,5,299924,2646180,623,624,704,FLOODED,0,3,32.1,22.5,B,31.6,22.8,AB,30.9,22.4,,LL,FLOODED,,,,,,
2008,D,6,300178,2646656,625,623,704,FLOODED,0,3,30.5,22.8,D,30.5,23,B,30.4,22.8,C,LL,FLOODED,,,,,,
2008,D,101,300088,2647001,424,422,428,PREDATED,0,3,31.2,22.5,B,31.2,22.3,B,32.2,22.4,C,MC,,,,,,,
2008,D,102,300148,2646861,426,424,519,HATCH,2,2,30.6,22.1,C,31.5,22.2,B,,,,MC,,,,,,,
2008,D,103,300026,2646701,612,613,630,ABANDONED,0,3,29,22.4,AB,30.4,22.5,B,29.2,22.5,,MC,COVERRED FOR DUST.,,,,,,
2008,D,104,299701,2646406,614,609,704,FLOODED,0,3,30.3,22.6,C,31,23.1,C,31,22.5,B,MC,FLOODED,,,,,,
2008,D,105,299911,2646799,629,624,704,FLOODED,0,3,30.3,22,C,29.8,22.4,D,28.5,22.1,D,MC,FLOODED,,,,,,
2008,D,201,300127,2646862,610,602,627,HATCH,2,3,31,23,D,32,23,D,31,23,C,AAT,,,,,,,
2008,D,202,300357,2646551,611,606,703,FLOODED,0,3,30,23,B,31,23,B,32,22,C,AAT,,,,,,,
2008,D,203,300318,2646289,613,608,705,FLOODED,0,1,30,22,AB,31,22,C,29.6,22,C,AAT,flotation eggs 2 and 3: 621,,,,,,
2008,D,204,299909,2646562,613,612,709,FLOODED,0,1,31,22,A,30,22,C,30,22,B,AAT,flotation eggs 2 and 3: 621,,,,,,
2008,E,101,301080,2646055,505,506,531,HATCH,3,3,31.6,23.1,C,32.1,23.1,D,32.4,23.5,B,MC,,,,,,,
2008,E,102,301259,2645874,505,507,601,HATCH,3,3,30.1,22.6,AB,30.2,22.6,B,30.2,22.5,,MC,,,,,,,
2008,F,101,300459,2646774,507,502,515,PREDATED,0,3,30.6,21.6,C,29.4,21.9,D,29.7,21.9,C,MC,,,,,,,
2008,F,102,300523,2646693,508,507,523,ABANDONED,0,3,32.4,22.4,AB,33.5,22.4,B,32.8,21.7,C,MC,,,,,,,
2009,A,1,300682,2645806,425,420,515,HATCH,2,2,31.1,22.3,C,30.3,22.5,B,,,,MC,,,,,,,
2009,A,2,300977,2645577,429,424,514,ABAN,0,3,31.1,22.2,D,31.1,21.7,C,31.4,22,C,MC,,,,,,,
2009,A,3,301061,2645429,429,422,517,HATCH,1,3,29.4,22.5,C,30.2,22.7,C,29.3,22.6,D,MC,,,,,,,
2009,A,4,301279,2644805,501,501,526,HATCH,3,3,31.3,22.7,AB,31.7,23.2,B,31.3,23.1,C,MC,,,,,,,
2009,A,5,301361,2644865,507,502,527,HATCH,2,3,30.6,22.5,D,30,22.3,C,31,22.3,C,MC,,,,,,,
2009,A,6,301314,2645325,507,502,527,HATCH,1,3,32.2,22.6,C,31,22.7,D,31.8,22.4,C,MC,,,,,,,
2009,A,7,301016,2645392,507,503,528,HATCH,1,2,31.3,22,C,31.4,22.3,C,,,,MC,,,,,,,
2009,A,8,300958,2645451,507,510,604,HATCH,2,3,29.5,22.7,B,28.6,22.9,B,29.7,23,AB,MC,,,,,,,
2009,A,9,300699,2645493,509,510,518,FLOOD,0,3,31.6,22,B,31.1,22.3,AB,32,21.9,,MC,,,,,,,
2009,A,101,301316,2644827,513,510,604,HATCH,3,3,29.8,22.7,AB,30.9,22.6,C,30.3,22.8,B,CK,,,,,,,
2009,A,102,300706,2645674,604,608,607,PRED,0,1,,,A,,,,,,,CK,,,,,,,
2009,A,103,301009,2645492,610,614,624,FLOOD,0,3,30.5,21.9,A,29.6,22.8,,28.9,22.8,,CK,2nd & 3rd egg found on 617,,,,,,
2009,A,201,301457,2644818,513,422,517,HATCH,3,3,30.6,22.5,F,30.6,22.4,F,31.2,21.9,F,KA,,,,,,,
2009,A,202,301457,2644818,516,517,518,FLOOD,0,2,32.3,23.4,AB,31.7,23.4,AB,,,,KA,,,,,,,
2009,A,203,301129,2644839,525,527,621,HATCH,3,3,31.1,22.5,F,30.2,22.4,F,31.4,22.2,D,KA,,,,,,,
2009,A,204,301098,2645510,530,525,621,FLOOD,0,3,30.3,20.9,F,31.1,22.9,D,30.3,22.9,C,KA,,,,,,,
2009,A,205,301171,2645153,614,609,624,FLOOD,0,3,32.5,22.7,D,32.6,22.9,C,33.3,22.5,C,KA,,,,,,,
2009,A,206,300806,2645666,615,612,707,HATCH,2+,3,31,22.6,F,31.3,22.4,B,30.6,22.3,AB,KA,"nest flooded on 708, unclear whether last egg hatched and chick died or egg was flooded",,,,,,
2009,A,207,301243,2645229,625,617,712,UNKNOWN,,3,29.7,22.9,E,29.7,23.1,D,29.6,22.8,F,KA,,,,,,,
2009,B,1,300173,2645830,427,423,518,HATCH,1,2,31,22.1,C,31.4,22.2,D,,,,MC,,,,,,,
2009,B,2,300336,2645751,430,419,514,HATCH,2,2,31.5,23.1,D,31.1,23.3,E,,,,MC,,,,,,,
2009,B,3,300030,2645978,502,430,518,FLOOD,0,3,30.6,22.8,B,30.2,22.7,C,32.4,22.5,B,MC,,,,,,,
2009,B,4,300219,2645835,509,507,514,ABAN,0,3,31.3,22.2,B,30.8,22.4,C,31.1,22,C,MC,,,,,,,
2009,B,5,300131,2646126,513,514,608,HATCH,2,3,32.4,22.6,C,33.5,22.3,B,30.8,22.1,B,MC,,,,,,,
2009,B,6,300233,2645852,621,615,710,HATCH,3,3,30.3,22.7,C,31.8,22.3,C,32.9,22.6,D,MC,,,,,,,
2009,B,101,300184,2645902,516,520,614,HATCH,1,3,31.4,22.7,B,30.9,22.7,C,32.9,22.8,AB,CK,"612 two eggs missing (last seen 610 without pecking), both parents still around and last egg pecking very softly",,,,,,
2009,B,102,300098,2645931,612,604,629,HATCH,1+,3,29.2,21.8,C,30.8,22.4,C,28.4,22.2,C,CK,,,,,,,
2009,C,1,300173,2645830,427,422,517,HATCH,3,3,31,22.1,C,31.4,22.2,D,31.1,23.3,B,MC,,,,,,,
2009,C,2,300462,2645980,427,426,525,UNHATCH,0,3,31.2,21.1,B,30.1,21,AB,29.5,21.8,C,MC,,,,,,,
2009,C,3,300437,2646407,429,418,513,HATCH,3,3,31.5,22.5,E,30.7,22.7,E,32,22.4,D,MC,,,,,,,
2009,C,4,300596,2646157,508,511,605,HATCH,3,3,31.6,22.2,B,32,22.4,B,31.5,22.4,C,MC,,,,,,,
2009,C,5,300495,2646429,517,512,614,UNHATCH,0,3,32.7,23.1,C,31,23,C,33.5,23.2,D,MC,,,,,,,
2009,C,6,300506,2646360,629,627,710,FLOOD,0,3,30.7,23.1,B,30.8,22.5,C,30.9,22.3,B,MC,,,,,,,
2009,C,7,300261,2646157,704,629,709,FLOOD,0,2,30.5,22.4,C,31.8,22.7,C,,,,MC,eggs floated on 708.,,,,,,
2009,C,8,300541,2646309,707,705,724,FLOOD,0,3,31.3,22.2,B,30.3,22.6,C,31.7,22.7,C,MC,,,,,,,
2009,C,101,300258,2646038,515,515,609,HATCH,3,3,32.8,23,,31.7,23.4,,31.5,23,AB,CK,3rd egg floated 519,,,,,,
2009,C,102,300247,2646187,530,530,624,HATCH,2,3,30.7,22.8,AB,28.5,21.7,A,30.2,22.3,B,CK,,,,,,,
2009,C,103,300393,2646039,605,606,701,HATCH,1,2,30.2,21.9,D,30.8,21.3,C,,,,CK,floated on 617,,,,,,
2009,C,104,300373,2646088,619,525,619,HATCH,3,3,31.4,23.2,,,,,,,,CK,two chicks found at hatching,,,,,,
2009,D,1,300304,2646690,520,515,609,HATCH,3,3,30.3,22.1,C,31.4,22.2,B,30.1,22.1,C,MC,,,,,,,
2009,D,2,300125,2646965,521,516,610,HATCH,2,3,31.6,23.2,C,31.5,23.2,B,32.5,23.1,C,MC,,,,,,,
2009,D,3,299877,2646593,522,522,616,HATCH,3,3,30.5,23.1,AB,30.2,23,C,32.2,23.1,B,MC,,,,,,,
2009,D,4,299776,2646480,531,527,621,HATCH,3,3,29.9,22.5,D,30.9,22.8,C,29.9,22.3,B,CK,,,,,,,
2009,D,5,300107,2646885,523,521,525,PRED,0,3,31.7,23.4,D,30.5,22.9,D,31.3,23.1,C,MC,,,,,,,
2009,D,6,300063,2646702,529,530,624,HATCH,3,3,30,23.4,B,29.9,22.6,C,30.8,22.6,AB,MC,eggs floated on 601,,,,,,
2009,D,7,300332,2646612,529,601,626,HATCH,1,3,32,23.4,C,30.5,21.2,B,31.2,22.9,AB,MC,eggs floated on 531,,,,,,
2009,D,8,300046,2646634,611,609,627,FLOOD,0,3,32,23.3,C,31.5,23.3,B,32.3,23,B,MC,,,,,,,
2009,D,9,300060,2646963,615,605,630,HATCH,1,3,31.4,22.1,D,31.7,22.3,C,32,22.2,C,MC,,,,,,,
2009,D,10,300193,2646849,617,617,711,UNKNOWN,,3,30,22.3,C,30.1,22.2,B,31.3,22.5,AB,MC,eggs floated on 618,,,,,,
2009,D,11,299909,2646283,627,,628,FLOOD,0,2,33.9,22.6,,32.3,22.8,,,,,MC,,,,,,,
2009,D,12,300291,2646305,706,704,708,FLOOD,0,3,32.2,22.7,C,30.6,22.9,C,31,23,B,MC,,,,,,,
2009,D,101,299955,2646154,514,518,612,HATCH,1,3,30.9,22.8,AB,30.7,22.8,A,31.5,22.3,,CK,"abandoned during first incubation week by female |YX.MX, 3rd egg found on 520",,,,,,
2009,D,102,299897,2646363,517,512,606,HATCH,2,3,30.4,22.9,B,31.8,22.2,B,29.2,21.9,B,CK,,,,,,,
2009,D,103,299897,2646238,527,527,621,HATCH,3,3,30.6,23.2,B,30.5,23,AB,32.7,23.2,AB,CK,3rd egg floated 530,,,,,,
2009,D,104,300025,2646107,528,525,619,HATCH,3,3,31.5,21.4,A,31.4,22.2,AB,30.9,21.9,B,CK,,,,,,,
2009,D,105,300025,2646163,528,526,620,HATCH,2,2,29.2,21.8,D,29.7,22.2,C,,,,CK,,,,,,,
2009,D,106,299742,2646391,531,526,620,HATCH,2,3,32.3,22.2,C,33.4,21.5,B,30.5,22.4,B,CK,,,,,,,
2009,D,107,300091,2646529,604,602,627,HATCH,2+,3,30.2,22.8,B,30.3,22.5,B,31,22.9,C,CK,,,,,,,
2009,D,108,300066,2646324,605,601,626,HATCH,3,3,31.7,22.7,C,31.3,22.4,D,30.5,22.2,C,CK,,,,,,,
2009,D,109,299905,2646708,608,604,629,HATCH,3,3,31.3,23.2,B,30.2,23,C,30,22.6,C,CK,,,,,,,
2009,D,110,299815,2646431,610,525,619,HATCH,3,3,31.4,23.3,F,32.2,23.4,F,32.2,23.2,F,CK,,,,,,,
2009,D,111,300162,2646402,611,611,627,FLOOD,0,2,30.2,21.9,B,31.3,22,A,,,,CK,,,,,,,
2009,D,112,299946,2646188,611,611,706,HATCH,3,3,31.4,22.3,A,28.9,21.9,B,30.8,22,,CK,3rd egg found on 613,,,,,,
2009,D,113,300190,2646250,612,612,707,HATCH,3,3,30.7,23.1,B,30.7,23.6,B,31.6,22.5,,CK,3rd egg found on 613,,,,,,
2009,E,1,300341,2646853,506,507,601,HATCH,2,3,30.7,22.5,AB,29.9,22.4,C,31,22.5,B,MC,,,,,,,
2009,E,2,300484,2646468,516,508,602,HATCH,3,3,31.2,22,D,31,22.7,D,31.1,22.1,C,MC,,,,,,,
2009,E,3,300179,2646952,521,519,625,PRED,0,3,33.5,22.1,C,31.8,22.1,B,31.1,22.7,C,MC,,,,,,,
2009,E,4,300246,2646904,526,529,614,PRED,0,3,30.8,22.7,C,30.1,23.2,B,31.5,23,B,MC,eggs floated on 531,,,,,,
2009,E,5,300850,2646394,531,508,601,PRED,0,3,30.6,22.4,F,31.8,22.9,F,31.7,22.9,F,MC,eggs (pecking) trampled by cows after cross fostering at E2,,,,,,
2009,E,6,301067,2646146,531,531,625,HATCH,2,3,31,22,C,31.4,22.6,AB,32.1,23,B,MC,,,,,,,
2009,E,7,301024,2646101,604,606,627,PRED,0,3,30.5,21.7,D,31.8,22.5,C,30.6,22.5,C,MC,eggs floated on 611.,,,,,,
2009,E,8,300360,2646719,609,608,709,UNHATCH,0,3,31.1,22.7,AB,30.9,22.8,B,30.4,22.7,C,MC,,,,,,,
2009,E,9,300425,2646558,613,611,706,HATCH,3,3,28.9,22.8,D,29.2,22.7,C,31.8,22.1,C,MC,,,,,,,
2009,G,1,293859,2655068,528,,528,FLOOD,0,2,,,E,,,E,,,,CK,already flooded and abandoned when found,,,,,,
2009,G,2,293864,2655066,528,528,603,PRED,0,2,,,C,,,B,,,,CK,,,,,,,
2009,G,3,293888,2655068,528,527,531,PRED,0,3,,,AB,,,B,,,B,CK,,,,,,,
2009,G,4,293872,2655055,528,526,603,PRED,0,3,,,B,,,B,,,C,CK,,,,,,,
2009,G,5,293922,2655105,528,,604,UNHATCH,0,3,,,F,,,F,,,F,CK,,,,,,,
2009,G,6,293823,2655034,602,531,703,UNKNOWN,,2,30.4,22.3,B,31.6,23.1,B,,,,MC,,,,,,,
2009,G,7,293945,2655005,602,531,703,UNKNOWN,,3,31.7,22,B,31.6,22.4,D,30,22.3,C,MC,,,,,,,
2009,G,8,293933,2654997,602,528,703,UNKNOWN,,3,29.2,21.9,C,29.5,22.4,D,30.5,22.1,D,MC,,,,,,,
2009,G,9,294024,2654940,702,627,702,UNKNOWN,,3,29.9,22.3,C,29.6,22.5,D,29.3,22.2,D,CK,,,,,,,
2010,A,1,300730,2645616,421,420,504,ABAN,0,3,,,B,,,AB,,,A,MC,The eggs were not measured at finding,,,,,,
2010,A,2,300902,2645525,422,407,501,HATCH,2,3,,,F,,,D,,,E,MC,The eggs were not measured at finding,,,,,,
2010,A,3,300818,2645547,422,420,517,HATCH,3,3,29.6,22.3,B,31.2,22.2,AB,30.5,22.9,B,MC,,,,,,,
2010,A,4,300771,2645510,422,420,515,HATCH,3,3,30.8,22.7,C,29.8,22.7,B,30.1,22.9,C,MC,,,,,,,
2010,A,5,300800,2645403,422,408,503,HATCH,2,3,,,E,,,E,,,D,MC,The eggs were not measured at finding,,,,,,
2010,A,6,300817,2645394,422,420,516,HATCH,3,3,,,B,,,C,,,C,MC,The eggs were not measured at finding,,,,,,
2010,A,7,300895,2645298,422,420,516,HATCH,3,3,,,B,,,C,,,C,MC,The eggs were not measured at finding,,,,,,
2010,A,8,300845,2645498,422,420,515,HATCH,3,3,31.2,22.6,B,31.5,22.6,C,31.5,22.6,B,MC,,,,,,,
2010,A,9,301012,2645530,422,426,521,HATCH,2,3,,,,,,,,,,MC,one egg at finding,,,,,,
2010,A,10,300943,2645136,423,421,517,HATCH,2,2,28.9,22.4,B,30.9,21.8,C,,,,MC,,,,,,,
2010,A,11,301004,2645145,423,420,515,HATCH,3,3,31.8,23.1,C,33.1,22.6,C,31.3,22.7,B,MC,,,,,,,
2010,A,12,300946,2645230,423,423,520,HATCH,2,3,30.4,23.3,AB,30.6,22.6,C,30.1,23,B,MC,,,,,,,
2010,A,13,300988,2645248,423,426,521,HATCH,3,3,31.2,22.6,C,31.5,22.6,B,30.7,22.8,B,MC,one egg to the finding; Floated 501,,,,,,
2010,A,14,300974,2645201,423,428,523,HATCH,3,3,31.3,22.5,C,31.6,22.7,B,31.6,22.9,B,MC,one egg to the finding; Floated 501,,,,,,
2010,A,15,300870,2645332,423,420,505,ABAN,0,3,,,C,,,C,,,B,MC,The eggs were not measured at finding,,,,,,
2010,A,16,301043,2645101,423,417,512,HATCH,3,3,31.2,21.2,D,31.4,21.3,C,31.3,21.2,C,MC,,,,,,,
2010,A,17,301081,2645005,423,420,515,HATCH,3,3,31.2,22.8,B,31.3,22.9,D,31.3,22.8,C,MC,,,,,,,
2010,A,18,301112,2644918,423,413,508,HATCH,3,3,,,D,,,D,,,C,MC,The eggs were not measured at finding,,,,,,
2010,A,19,301128,2645003,423,415,510,ABAN,0,3,30.2,22.2,D,30.3,22.7,C,30.1,22.4,C,MC,,,,,,,
2010,A,20,301217,2644912,423,420,515,HATCH,3,3,31.8,22.7,C,32.2,23.3,B,32.1,23.2,C,MC,,,,,,,
2010,A,21,301283,2644925,423,419,514,HATCH,3,3,30.2,22.2,C,30.7,22.6,D,30.3,22.6,C,MC,,,,,,,
2010,A,22,301392,2644992,423,413,508,HATCH,3,3,,,C,,,D,,,D,MC,The eggs were not measured at finding,,,,,,
2010,A,23,301357,2644922,423,410,505,HATCH,2,2,,,F,,,E,,,,MC,The eggs were not measured at finding,,,,,,
2010,A,24,301276,2644805,423,416,511,PRED,0,3,31.2,22.3,C,31.2,21.9,D,30.9,22,D,MC,,,,,,,
2010,A,25,301324,2644808,424,428,523,HATCH,3,3,30.1,22.4,D,30.2,22.5,C,30.6,22.1,C,MC,one egg at finding; Floated 501,,,,,,
2010,A,26,301247,2644810,424,409,504,HATCH,3,3,,,D,,,F,,,E,MC,The eggs were not measured at finding,,,,,,
2010,A,27,301306,2645199,424,408,503,HATCH,3,3,,,F,,,D,,,E,MC,The eggs were not measured at finding,,,,,,
2010,A,28,301350,2645027,424,411,506,HATCH,2,3,29.7,23.1,E,30.2,22.9,D,30.1,22.5,E,MC,,,,,,,
2010,A,29,300832,2645461,424,423,518,HATCH,2,3,30.9,22.5,AB,29.5,22.3,B,29.7,22.2,C,MC,,,,,,,
2010,A,30,300856,2645614,508,505,530,HATCH,3,3,31.6,22.8,B,31.2,23.1,C,31.1,22.8,C,MC,,,,,,,
2010,A,31,301232,2645363,625,616,711,HATCH,2,3,31.5,22.2,D,31.6,22.3,E,30.9,21.8,D,MC,"Hatch two chicks last day of fieldwork, the last egg pecking even",,,,,,
2010,A,101,300798,2645455,501,426,521,HATCH,2,3,30,22.6,,30.5,21.9,,31,22.5,,CK,,,,,,,
2010,A,102,301293,2645043,502,425,520,HATCH,3,3,32.2,22.6,C,31,22.9,C,31.3,22.6,D,CK,,,,,,,
2010,A,103,301271,2645142,502,425,520,HATCH,3,3,31,23,D,30.2,23.3,D,31,23.1,C,CK,,,,,,,
2010,A,104,301260,2645307,502,501,526,HATCH,3,3,34.5,22.5,C,33.1,22.7,C,33,22.6,B,CK,,,,,,,
2010,A,105,300776,2645399,505,413,508,HATCH,2,2,32.1,22.3,F,30.2,22.3,F,,,,CK,,,,,,,
2010,A,106,301352,2644855,507,411,506,HATCH,3,3,,,,,,,,,,CK,found with 3 chicks hatched,,,,,,
2010,A,107,,,507,,507,TRAMPLED,0,2,,,,,,,,,,CK,,,,,,,
2010,A,108,301125,2645400,512,417,512,HATCH,2,3,30,21.9,F,,,,,,,CK,found with 2 chicks hatching,,,,,,
2010,A,109,300972,2645363,519,516,610,HATCH,3,3,31.5,22.4,B,32.7,22.3,B,32,22.3,C,CK,,,,,,,
2010,A,110,301271,2645281,519,521,615,HATCH,3,3,29.7,22.4,A,30.2,22.2,B,32.1,21.8,A,CK,floated on 521,,,,,,
2010,A,111,301288,2645096,519,517,528,PRED,0,3,32.2,22.9,B,30.1,23.2,C,31.1,23,D,CK,Last obs: 521,,,,,,
2010,A,112,300936,2645407,525,526,620,HATCH,1,3,31.2,23.1,D,31.2,22.5,C,32,22.2,B,CK,two eggs disappeared on 529,,,,,,
2010,A,113,301244,2645093,603,601,626,HATCH,3,3,31.3,23,C,32.2,21.9,C,33.3,22.9,AB,CK,,,,,,,
2010,A,114,301070,2644993,607,527,621,HATCH,3,3,30.4,23.7,E,31.2,23.6,E,31.7,23.4,D,CK,,,,,,,
2010,A,115,300928,2645256,610,605,623,ABAN,0,3,30.6,23.3,C,32,23.5,C,30.8,23.6,D,CK,,,,,,,
2010,A,116,301286,2645050,610,613,708,HATCH,3,3,30.5,22.7,C,31.3,22.7,A,30.9,23,B,CK,floated on 615; One chick not was captured,,,,,,
2010,A,117,301259,2644875,622,614,705,PRED,0,3,33.4,23.1,D,31.9,23.1,D,32.6,23,D,CK,,,,,,,
2010,B,101,300041,2646050,519,425,520,HATCH,3,3,29.5,22,F,30.2,22,F,29.2,22.4,F,CK,all eggs pecking,,,,,,
2010,B,102,300169,2646087,604,606,607,PRED,0,2+,32.5,22.7,A,31.7,22.2,B,,,,CK,Last obs: 607,,,,,,
2010,B,103,300312,2645944,617,616,,UNKNOWN,,3,31.4,22.3,B,30.7,23,B,30.2,22.6,AB,CK,Last fieldwork day three eggs pecking,,,,,,
2010,B,201,300294,2645953,530,531,625,HATCH,3,3,30.7,22.7,A,30.5,22.4,B,31,22.4,,OV,,,,,,,
2010,C,1,300400,2645987,421,408,503,HATCH,3,3,,,C,,,D,,,D,MC,The eggs were not measured at finding,,,,,,
2010,C,2,300314,2645960,421,418,513,HATCH,3,3,31.8,22.4,D,30.4,22.9,C,30.7,22.8,C,MC,,,,,,,
2010,C,3,300418,2646041,424,409,504,HATCH,3,3,29.7,21.6,E,29.7,21.8,F,29.3,22.1,E,MC,,,,,,,
2010,C,4,300494,2646442,425,409,504,HATCH,2,3,30.3,22.1,E,29.7,22.2,E,29.9,22.5,F,MC,,,,,,,
2010,C,5,300470,2646464,425,427,522,HATCH,2,3,30.2,22.4,B,30.8,22.3,C,30.4,21.9,AB,MC,,,,,,,
2010,C,6,300484,2646510,425,420,503,PRED,0,3,31.2,23.4,C,31.6,23.2,C,,,,MC,Two eggs at finding,,,,,,
2010,C,7,300597,2646150,425,420,515,PRED,0,3,31.7,22.5,B,31.1,22.5,C,,,,MC,Two eggs at finding,,,,,,
2010,C,8,300578,2646198,425,415,504,ABAN,0,3,30.1,21.6,E,31,21.9,E,29.3,21.2,D,MC,,,,,,,
2010,C,9,300353,2646302,508,415,509,PRED,0,3,31.3,22.9,F,31.6,22.6,E,32.2,23.3,E,MC,,,,,,,
2010,C,101,300279,2646015,508,430,519,PRED,0,3,31.4,23.3,D,30.8,22.9,E,31.8,23,D,CK,,,,,,,
2010,C,102,300371,2646083,508,511,528,PRED,0,3,30.6,22.5,AB,,,,,,,CK,,,,,,,
2010,C,103,300556,2646339,514,517,518,PRED,0,1+,32.4,22.9,B,,,,,,,CK,Last obs: 514,,,,,,
2010,C,104,300362,2646117,515,510,604,HATCH,3,3,29.2,23,C,29.6,22.4,B,31.4,22.4,B,CK,,,,,,,
2010,C,105,300393,2646491,523,518,528,PRED,0,3,31.7,23.2,D,31.4,23,C,32.2,23.5,C,CK,Last obs: 526,,,,,,
2010,C,106,300386,2646418,519,517,603,PRED,0,3,29.6,22.1,B,30.5,22.1,B,29.7,22.6,B,CK,Last obs: 601,,,,,,
2010,C,107,300423,2646080,525,520,526,PRED,0,3,32.2,23.2,C,30.6,23.4,D,31.6,23.5,C,CK,Last obs: 525,,,,,,
2010,C,108,300404,2646278,528,521,615,HATCH,3,3,32.2,22.8,D,31,23.2,CD,31.7,23.2,CD,CK,,,,,,,
2010,C,109,300484,2646145,529,531,603,PRED,0,3,30.4,22.9,A,30.6,22.9,AB,,,,CK,Last obs: 531,,,,,,
2010,C,110,300449,2646111,529,530,603,PRED,0,3,30.4,22.9,AB,29.2,22.7,B,,,,CK,Last obs: 602,,,,,,
2010,C,111,300573,2645097,530,528,623,HATCH,3,3,30.5,23,B,30.8,22.5,AB,31.9,22.5,AB,CK,,,,,,,
2010,C,112,300551,2646289,601,527,603,PRED,0,3,29.5,22.6,CD,29.1,22.6,D,29.2,22.5,C,CK,Last obs: 602,,,,,,
2010,C,113,300404,2646207,603,602,605,PRED,0,3,30.4,22.7,B,31.8,22.6,AB,30.5,22.6,B,CK,Last obs: 603,,,,,,
2010,C,114,300258,2646193,604,520,614,HATCH,2,2,28.9,22.5,F,27.4,21.9,F,,,,CK,,,,,,,
2010,C,115,300417,2646033,604,602,627,HATCH,3,3,30.5,23,C,31.6,23.2,C,30.3,22.6,C,CK,,,,,,,
2010,C,116,300423,2646179,616,615,710,HATCH,3,3,29.7,22.7,AB,29.5,23,AB,30.5,22.5,B,CK,,,,,,,
2010,C,117,300497,2646085,618,615,710,HATCH,2,2,31.4,22.2,C,30.3,22.8,C,,,,CK,Only captured one chick,,,,,,
2010,C,118,300524,2646251,622,615,710,HATCH,3,3,30.2,23.2,D,31.9,22.6,CD,30.6,23.3,CD,CK,Only captured two chicks,,,,,,
2010,C,202,300517,2646259,530,525,603,ABAN,0,3,33.4,22.8,C,33.5,22.6,C,33.1,22.9,D,OV,Last obs: 602,,,,,,
2010,D,1,300365,2646557,424,420,515,HATCH,3,3,30.3,22.1,D,30.3,22.2,C,30.6,22.4,D,MC,,,,,,,
2010,D,2,300357,2646539,711,709,,UNKNOWN,,2+,32.9,22.4,B,31.5,22.8,C,,,,MC,,,,,,,
2010,D,101,300222,2646753,515,510,518,PRED,0,3,31,23.1,C,29.9,22.5,B,29.7,22.8,C,CK,Last obs: 518,,,,,,
2010,D,102,300109,2646513,519,519,527,PRED,0,3,29.5,21.4,B,28.7,21.2,C,29.8,21.5,A,CK,Last obs: 525,,,,,,
2010,D,103,300197,2646601,519,518,527,ABAN,0,3,31.1,23.3,B,30.2,22.7,B,30.7,22.4,AB,CK,Last obs: 525,,,,,,
2010,D,104,300051,2646941,522,520,604,PRED,0,3,30.7,23.3,C,32.3,23,B,31,22.9,B,CK,Last obs: 602,,,,,,
2010,D,105,299902,2646097,621,619,,UNKNOWN,,3,29.8,21.7,B,29.8,22.2,AB,30.1,22,,CK,,,,,,,
2010,E,101,301073,2646154,509,505,530,HATCH,1,2,26.9,20.4,D,31.9,22.8,D,,,,CK,small egg didn't hatch,,,,,,
2010,E,102,300441,2646738,522,517,611,HATCH,3,3,30.8,22.9,C,31.1,22.7,D,31.1,23.1,C,CK,,,,,,,
2010,E,103,300602,2646579,601,522,616,HATCH,2,3,31.2,21.8,E,28.9,21.8,D,30.3,22,C,CK,,,,,,,
2010,E,104,301025,2646213,619,614,,UNKNOWN,,3,29.2,22.5,D,29.5,22.5,C,29,22.2,C,CK,Last fieldwork day three eggs pecking,,,,,,
2010,F,101,299991,2647047,522,,611,PRED,0,2,31.4,21.3,F,31.5,21.3,F,,,,CK,Last obs: 608,,,,,,
2010,G,1,299470,2646808,629,615,630,FLOODED,0,3,30.5,22.4,F,31.3,22.5,E,29.2,22.5,E,MC,Nest flooded one day after being found; parents continued incubating,,,,,,
2010,G,2,299324,2646790,630,625,,UNKNOWN,,3,31.3,22.6,D,29.1,22.1,D,29.8,22.3,C,MC,,,,,,,
2010,G,3,299255,2647038,630,625,,UNKNOWN,,3,30.9,23.1,C,31,23.2,C,32.4,23.2,D,MC,,,,,,,
2010,G,4,299266,2647451,630,622,,UNKNOWN,,3,30.3,22.3,E,30.1,22.4,D,29.3,22.3,E,MC,"Nest flooded at  finding, even so parents incubating",,,,,,
2011,A,4,301380,2644732,425,420,426,FLOODED,0,3,29,22.1,C,29.6,21.9,C,30,22.1,B,MC,Flooded 426 by irrigation water,,,,,,
2011,A,9,301260,2645377,426,421,501,PREDATED,0,3,31.5,22.5,B,31.6,22.6,C,30.4,23,C,MC,,,,,,,
2011,C,2,300385,2646313,430,420,504,TRAMPLED,0,3,30.8,22.7,D,31.2,22.6,C,30.9,23,E,MC,Nest trampled by cattle 504,,,,,,
2011,C,1,300437,2646403,419,415,508,PREDATED,0,3,31.7,22.3,B,31,22.2,B,,,,MC,Two eggs when found;floated 425,,,,,,
2011,C,201,300448,2646501,507,506,512,TRAMPLED,0,1+,,,,,,,,,,OV,One egg when found;trampled by cattle 512,,,,,,
2011,B,2,300166,2645827,429,419,515,HATCH,3,3,32,22.8,D,31,23,C,30.1,22.9,E,MC,,,,,,,
2011,A,1,300656,2645608,423,418,518,HATCH,3,3,30.4,22.3,C,30.6,22.9,B,31,22.7,AB,MC,,,,,,,
2011,A,2,300678,2645614,423,418,519,HATCH,3,3,32.2,22.8,B,31.5,22.5,B,32.4,22.4,C,MC,CF A8,,,,,,
2011,A,11,300825,2645083,501,423,519,ABANDONED,0,3,30.5,22,C,31.4,21.7,D,30.9,22,C,MC,,,,,,,
2011,A,12,301003,2645644,502,424,520,HATCH,3,3,30.6,22.6,D,30.8,22.4,C,30,22.7,C,MC,CF A7,,,,,,
2011,A,5,301412,2644812,426,421,521,HATCH,2,3,31.3,22.1,B,31.5,22.3,B,31.5,22.7,C,MC,CF A3,,,,,,
2011,A,8,300550,2645946,426,421,521,HATCH,3,3,31,22.8,B,32.4,22.8,C,32.5,23.2,C,MC,CF A2,,,,,,
2011,A,102,301322,2645193,506,428,521,HATCH,3,3,31.3,22,D,30.6,22.3,E,29.9,22.5,F,RB,CF B1,,,,,,
2011,A,7,301419,2644962,426,421,522,HATCH,2,2,31.5,22.7,C,32.4,22.5,B,,,,MC,CF A12,,,,,,
2011,B,1,300436,2645653,426,421,522,HATCH,3,3,30.1,23,B,31.7,22.5,B,30.8,22.9,C,MC,CF A102,,,,,,
2011,A,6,301358,2644911,426,418,524,HATCH,2,3,31.9,22.4,D,31.2,22.8,C,30.4,22.4,D,MC,One egg when found;floated 515;CF A14,,,,,,
2011,A,3,300632,2645514,423,418,525,HATCH,3,3,31.9,21.9,C,31,22.1,B,31.1,22.6,B,MC,One egg when found;floated 429;CF A5,,,,,,
2011,A,13,301056,2645546,502,427,525,HATCH,2,3,32.9,22.6,C,32.7,22.5,C,32.4,22.4,B,MC,CF A10,,,,,,
2011,A,14,300965,2645449,502,424,525,HATCH,3,3,30.4,22,C,31.9,22,D,31.6,21.8,C,MC,CF A6,,,,,,
2011,A,10,300623,2645725,501,426,526,HATCH,3,3,29.9,21.7,C,29.9,21.6,B,30.1,22.8,,MC,Two eggs when found;third egg not floated;CF A13,,,,,,
2011,A,104,300973,2645073,509,501,529,HATCH,3,3,31.2,22.5,B,30.8,22.5,C,31.1,22.8,D,RB,,,,,,,
2011,D,1,300135,2646841,529,524,530,PREDATED,0,3,30.7,22.3,C,31,22.3,B,30.9,22,C,MC,Predated by racoon; male BX.MX|GX.BX and Female GX.MX|LX.BX,,,,,,
2011,C,3,300486,2646450,514,504,531,HATCH,3,3,31.5,21.1,E,31,21.4,D,31.4,21.1,E,MC,,,,,,,
2011,A,103,300541,2645816,507,502,601,ABANDONED,0,3,28.7,22.3,C,28.5,22.8,B,28,22.5,AB,RB,,,,,,,
2011,A,101,301330,2644859,506,428,603,HATCH,3,3,30.8,22.3,D,31,22.2,C,29.8,22.2,C,RB,,,,,,,
2011,A,107,300606,2645687,518,510,604,ABANDONED,0,3,30.8,22.3,C,30.5,22.4,C,31,21.9,D,RB,Two eggs broken when the female was captured,,,,,,
2011,E,4,300461,2646516,531,525,604,ABANDONED,0,1,31.8,22.7,,,,,,,,MC,One egg when found; probably abandoned,,,,,,
2011,A,105,300658,2645576,511,506,606,HATCH,2,2,29.5,22.6,C,29.8,22.2,C,,,,RB,3rd egg not measured;CF B201,,,,,,
2011,A,106,300974,2645656,514,506,606,HATCH,3,3,33,22.9,C,32.7,22.4,D,,,,RB,third egg broken ;CF A201,,,,,,
2011,A,201,300544,2645633,509,507,606,HATCH,3,3,31.4,22.7,C,30.8,22.8,C,30.8,22.7,B,OV,Floated 512;CF A106,,,,,,
2011,A,15,300968,2645484,523,513,607,ABANDONED,0,3,30.3,22,E,30.5,22.2,C,31.2,22.3,C,MC,,,,,,,
2011,B,101,300262,2645761,523,513,607,HATCH,3,3,28.5,22,D,29.1,23.7,D,29.5,21.9,E,RB,,,,,,,
2011,B,201,300200,2645820,514,509,608,HATCH,2,3,32.9,21.3,C,32.2,21.5,B,32,21.4,C,OV,Floated one day after 515; CF A105,,,,,,
2011,B,103,300280,2645953,602,531,610,PREDATED,0,3,32.8,22.9,AB,33.5,22.4,AB,33,22,B,RB,,,,,,,
2011,D,3,300313,2646684,605,531,611,PREDATED,0,3,31.5,22.4,B,31,22.8,C,31,22.9,B,MC,,,,,,,
2011,E,7,300279,2646887,603,526,611,PREDATED,0,3,31.6,23.3,C,31.9,23.5,D,33,23.2,C,MC,,,,,,,
2011,E,3,301089,2646132,531,523,612,HATCH,3,3,32.3,22.2,D,33,21.9,E,32.5,22.5,D,MC,One chick trampled accidentially,,,,,,
2011,D,2,300363,2646551,530,522,614,HATCH,2,3,31.4,22.9,D,32.8,22.4,D,30.5,21.8,C,MC,CF A108,,,,,,
2011,E,6,300422,2646762,603,529,614,PREDATED,0,2,30.7,22.8,C,30.4,22.6,C,,,,MC,Least tern incubated the eggs 509;511 Least tern continued incubated the eggs,,,,,,
2011,A,108,301222,2645110,525,520,616,HATCH,2,3,31.2,22.5,C,31,22.4,B,31.8,22.3,AB,RB,CF D2,,,,,,
2011,B,102,300126,2645931,527,524,617,ABANDONED,0,3,31.8,23.2,B,31.5,23.1,B,31.9,22.7,AB,RB,,,,,,,
2011,D,6,300233,2646627,612,607,618,FLOODED,0,3,30.6,22.2,C,30.8,22.3,B,30.9,22.2,B,MC,One egg when  found;eggs floated 616;flooded by high tide,,,,,,
2011,D,101,300046,2646164,604,603,618,PREDATED,0,3,32.4,23,AB,32,23,AB,32.6,22.7,AB,RB,,,,,,,
2011,A,16,301022,2645591,525,520,619,HATCH,3,3,32,23.2,B,31.3,23.3,C,31.4,23.4,C,MC,Two chicks ringed 619 and third chick ringed 621,,,,,,
2011,A,17,301112,2645287,605,528,619,PREDATED,0,3,31.1,22.7,D,30.1,22.9,C,29.6,23.1,C,MC,,,,,,,
2011,D,4,300053,2646961,611,601,620,HATCH,3,3,31.8,22,D,30.1,22,D,30.7,21.4,E,MC,,,,,,,
2011,B,104,300178,2646144,603,601,622,PREDATED,0,3,29.9,22.4,B,29.9,22.5,AB,31.7,22.5,AB,RB,,,,,,,
2011,E,1,300251,2646935,530,522,622,HATCH,3,3,31,22.8,D,31.4,22.6,C,30.8,22.9,C,MC,,,,,,,
2011,B,4,300102,2645930,608,531,626,HATCH,3,3,30.7,23.2,D,31.9,23,C,30.7,23.3,D,MC,CF E2,,,,,,
2011,E,2,300342,2646846,531,526,626,HATCH,3,3,30.4,22.5,C,30.6,23.2,C,31.8,23.2,B,MC,CF E5,,,,,,
2011,C,4,300448,2645990,606,601,627,PREDATED,0,3,31.9,22.7,C,30.8,22.5,C,30.3,22.5,B,MC,,,,,,,
2011,E,5,300541,2646628,603,529,628,HATCH,3,3,31.4,23.2,C,30.7,22.9,C,30.7,22.8,B,MC,CF B4,,,,,,
2011,A,301,301168,2645192,609,604,630,HATCH,3,3,31.7,22.6,AB,32.6,21.8,B,31.3,22,C,WR,,,,,,,
2011,E,8,300835,2646401,604,602,630,HATCH,3,3,29.9,22.2,B,30.2,22.4,C,30.3,22.1,C,MC,Two eggs when found;eggs floated 608,,,,,,
2011,A,202,300881,2645764,628,623,703,FLOODED,0,3,32.2,23.5,C,32.2,23.8,B,33,23.3,AB,RB,Flooded by rain,,,,,,
2011,B,3,300239,2646014,607,602,703,HATCH,1,3,30.3,22.6,C,29.7,22.4,B,29.9,21.8,B,MC,Two eggs when found; eggs floated 610;Two eggs  flooded by rain on 703;CF D5,,,,,,
2011,B,5,300196,2645889,608,607,703,FLOODED,0,3,29.7,22.8,B,29,22.9,B,28.2,23.1,C,MC,One egg when found;eggs floated 613;Flooded by rain 703,,,,,,
2011,B,202,300264,2645949,627,624,703,FLOODED,0,3,30.6,23.3,B,30.5,22.7,B,31,22.8,AB,OV,Flooded by rain,,,,,,
2011,B,203,300127,2646090,626,618,703,FLOODED,0,3,29.3,22.1,D,29.1,21.6,C,29.8,21.8,C,OV,Flooded by rain,,,,,,
2011,B,301,300237,2646044,626,623,703,FLOODED,0,3,31.7,22.4,B,31.2,22.3,B,33.1,22.4,AB,WR,Flooded by rain,,,,,,
2011,C,101,300458,2646116,615,612,703,FLOODED,0,3,30.4,22.6,AB,31.1,22.4,AB,30.3,22.1,B,RB,Flooded by rain,,,,,,
2011,D,5,300347,2646627,612,604,702,HATCH,3,3,32.4,22.8,D,30.6,223.3,C,31,23.2,C,MC,CF B3,,,,,,
2011,D,7,300113,2646860,612,607,703,FLOODED,0,3,31,22.5,C,31,22.7,C,31.6,22.7,B,MC,Eggs 2 and 3 were predated;flooded by rain,,,,,,
2011,D,8,300333,2646333,626,621,703,FLOODED,0,3,31.8,22.1,B,30.7,22.4,C,31,22.8,C,MC,Flooded by rain,,,,,,
2011,D,9,300319,2646671,627,626,703,FLOODED,0,3,29.5,22.4,C,30.6,21.9,B,29.9,22.2,AB,MC,"1 egg when found, Floated 701;Flooded by rain",,,,,,
2011,D,102,300067,2646168,628,623,703,FLOODED,0,3,30.6,22.5,AB,31.5,22.7,C,32.6,22.9,B,RB,Flooded by rain,,,,,,
2011,D,201,299814,2646172,617,615,703,FLOODED,0,3,31.7,23.3,B,31.8,23.4,AB,31.3,23.2,B,OV,Eggs floated 619;Flooded by rain,,,,,,
2011,E,9,300503,2646440,627,622,703,FLOODED,0,3,31.8,23.4,C,33.1,23,C,32.2,23.1,B,MC,Flooded by rain,,,,,,
2011,E,10,301010,2646129,629,621,703,FLOODED,0,3,31.5,23.1,D,31.4,23.4,D,31.6,23.3,C,MC,Flooded by rain,,,,,,
2011,A,203,301384,2645149,708,,,ABANDONED,0,2,,,,,,,,,,OV,eggs not floated or measured,,,,,,
2012,D,1,299823,2646570,428,505,529,HATCH,3,3,31.7,22.5,B,31.2,22.6,C,30.3,21.8,AB,CK,"found with one egg only, all eggs floated 507",,,,,,
2012,D,2,299920,2646623,506,504,528,PREDATED,0,3,31.2,21.7,C,32,21.6,C,32.4,22,B,CK,,,,,,,
2012,G,1,299242,2647369,507,506,602,HATCH,1,3,32.2,23.1,B,31.5,22.8,A,31.9,23,AB,CK,,,,,,,
2012,D,3,299998,2646567,515,516,517,ABANDONED,0,3,32.1,22.2,C,30.6,22.2,B,,,,CK,"3rd egg found 517, not measured",,,,,,
2012,D,4,299808,2646480,515,510,602,HATCH,3,3,32,23.5,C,31.5,23.1,D,31.5,23.5,D,CK,,,,,,,
2012,D,5,299980,2646672,515,508,528,HATCH,3,3,30.4,21.8,D,30.7,21.8,F,30.5,21.8,F,CK,third chick not found,,,,,,
2012,D,6,299839,2646623,518,513,606,HATCH,3,3,32.5,22.3,C,32.9,22.3,D,32.5,22.7,D,CK,,,,,,,
2012,G,2,299287,2647197,518,517,601,PREDATED,0,3,30.7,21.7,C,29.6,21.5,AB,29.8,22,B,CK,predated by coyote,,,,,,
2012,G,3,299215,2647345,518,513,528,FLOODED,0,3,32.5,21.6,C,31.3,22,C,30.2,21.8,C,CK,,,,,,,
2012,G,4,299227,2647226,518,516,603,HATCH,3,3,31.3,22.1,B,31,22.1,B,30.7,21.4,B,CK,Last chick unringed,,,,,,
2012,G,5,299247,2647081,519,517,604,FLOODED,0,3,31.2,22.5,B,30.7,22.5,B,31.4,22.4,B,CK,,,,,,,
2012,G,6,299229,2647133,519,511,603,HATCH,1,3,32.8,22.6,D,31.7,21.6,D,31.6,23,D,CK,Two eggs flooded,,,,,,
2012,G,7,299278,2647206,519,514,601,PREDATED,0,3,32.5,21.8,C,30.7,22,C,30.8,22.2,C,CK,predated by coyote,,,,,,
2012,G,8,299224,2647180,519,514,604,FLOODED,0,3,31.5,22.7,C,30.1,22.5,AB,30.6,22.7,,CK,3rd egg found 523,,,,,,
2012,G,9,299222,2647152,519,508,528,HATCH,2,3,31,22.5,F,30.9,22.4,F,30.9,22.7,F,CK,,,,,,,
2012,G,10,299224,2647194,520,515,528,PREDATED,0,3,30.5,22.5,C,31.5,22.5,D,31.1,22.1,D,CK,,,,,,,
2012,G,11,299310,2646951,524,522,604,FLOODED,0,3,31.4,22.3,C,31.8,21.6,B/C,32,22.1,B,CK,,,,,,,
2012,G,12,299482,2646922,524,505,530,HATCH,3,3,29.8,21.7,F,29.8,21.5,F,29.7,21.2,F,CK,,,,,,,
2012,E,101,300476,2646470,518,505,530,UNKNOWN,,2,30.1,22.5,F,30.6,22.3,F,,,,WR,chicks not in captures file!,,,,,,
2012,C,101,300465,2646337,518,507,601,HATCH,3,3,31.6,22.1,D,32,22.6,D,32.5,22,C,WR,,,,,,,
2012,B,101,300369,2645754,520,430,524,HATCH,1,2,31.7,21.7,F,32.1,22.5,F,,,,WR,,,,,,,
2012,D,101,300358,2646525,523,504,529,HATCH,3,3,31.1,22.3,F,31,22.6,F,30.7,23,F,WR,,,,,,,
2012,D,102,300142,2646862,531,530,624,PREDATED,0,3,30.6,22.9,B,30.7,22.8,B,30.6,22.7,AB,WR,predated by racoon,,,,,,
2012,G,301,299329,2647323,527,520,604,FLOODED,0,3,30.7,22.7,D,30.2,23.1,C,31,23.1,C,MC,,,,,,,
2012,G,302,299317,2647449,527,515,604,FLOODED,0,3,30,22.2,E,30.1,22.3,E,31.6,22.3,F,MC,,,,,,,
2012,G,303,299218,2647458,531,526,603,FLOODED,0,3,30.5,22.6,D,30.3,22.3,C,30.5,23.1,C,MC,,,,,,,
2012,G,304,299223,2647586,601,529,604,FLOODED,0,3,31,21.7,C,31.1,21.7,C,32.4,21.7,B,MC,,,,,,,
2012,G,305,299352,2647286,603,601,604,FLOODED,0,3,29.4,22.3,C,31.2,22.8,B,30.9,22.6,B,MC,Parents not captured,,,,,,
2012,D,301,300303,2646246,612,609,,UNKNOWN,,2,30.5,22.3,C,30,21.8,B,,,,MC,,,,,,,
2012,C,301,300531,2646195,612,608,,UNKNOWN,,3,32.4,22.8,C,30.5,23,D,29.9,22.8,C,MC,,,,,,,
2012,G,204,299273,2647213,522,517,604,FLOODED,0,3,31.8,22.8,C,32.5,22.8,C,32.9,22.5,B,AS,,,,,,,
2012,G,202,299325,2647530,520,515,604,FLOODED,0,3,32.1,22.5,B,31.7,22.7,B,32.9,22.1,C,AS,,,,,,,
2012,G,203,299236,2647484,520,515,604,FLOODED,0,3,30.4,22.1,C,29.8,21.4,C,31.6,22.1,C,AS,,,,,,,
2012,G,201,299299,2647323,520,512,604,FLOODED,0,3,32,22.7,B,31.5,23,C,31.2,22.2,D,AS,,,,,,,
