year,site,nest,exp,type,laying_date,hatching_date,manip,male,female,chick1,chick2,chick3
2006,A,1,U,U,427,NA,NA,802109713,CA226,NA,NA,NA
2006,A,2,U,U,427,NA,NA,NA,CA2082,NA,NA,NA
2006,A,3,U,U,506,NA,NA,CA143,802122911,NA,NA,NA
2006,A,4,U,U,504,NA,NA,CA110,CA101,NA,NA,NA
2006,A,5,U,U,504,529,NA,CA328,802122914,CA022,CA028,NA
2006,A,7,U,U,506,531,NA,CA1545,802122913,CA032,CA033,CA037
2006,A,101,U,U,512,606,NA,CA050,CA103,CA087,CA088,NA
2006,A,102,U,U,507,NA,NA,NA,802122930,NA,NA,NA
2006,A,103,U,U,511,605,NA,CA052,CA102,CA075,CA076,CA086
2006,A,104,U,U,516,610,NA,CA051,802109760,CA207,CA209,NA
2006,A,105,U,U,503,NA,NA,NA,CA2037,NA,NA,NA
2006,B,-1,U,U,NA,NA,NA,NA,802109777,CA083,CA084,CA085
2006,B,1,U,U,501,NA,NA,802109744,CA241,NA,NA,NA
2006,B,2,U,U,504,529,NA,802122903,CA245,CA023,NA,NA
2006,B,3,U,U,425,NA,NA,CA203,CA039,NA,NA,NA
2006,B,4,U,U,508,602,NA,802122925,802122928,CA045,CA046,CA055
2006,B,5,U,U,511,605,NA,CA057,802109721,CA072,CA073,CA077
2006,B,6,U,U,511,605,NA,RX.WX|YX.BX,RX.WX|YX.WX,CA070,CA071,NA
2006,B,7,U,U,514,608,NA,CA043,CA112,CA097,NA,NA
2006,B,8,U,U,517,611,NA,CA042,CA113,CA212,CA213,NA
2006,B,9,U,U,521,NA,NA,CA080,NA,NA,NA,NA
2006,B,101,U,U,501,NA,NA,802109714,NA,NA,NA,NA
2006,B,207,U,U,524,618,NA,CA203,CA204,CA184,CA187,NA
2006,B,208,U,U,513,607,NA,CA091,CA126,CA089,CA090,XX.XX|SX.XX
2006,B,209,U,U,513,607,NA,CA123,CA125,CA124,CA130,CA131
2006,C,111,U,U,516,604,NA,NA,NA,CA074,NA,NA
2006,C,-1,U,U,NA,NA,NA,CA142,NA,802122927,NA,NA
2006,C,1,U,U,424,519,NA,CA220,CA177,802122931,802122934,802122935
2006,C,3,U,U,NA,NA,NA,CA156,CA202,NA,NA,NA
2006,C,5,U,U,429,603,NA,CA007,802109742,CA056,NA,NA
2006,C,6,U,U,507,NA,NA,802109793,CA011,NA,NA,NA
2006,C,7,U,U,508,602,NA,CA001,CA002,CA053,NA,NA
2006,C,8,U,U,507,608,NA,CA029,CA015,CA094,NA,NA
2006,C,9,U,U,510,NA,NA,CA030,CA012,NA,NA,NA
2006,C,10,U,U,518,612,NA,CA013,CA034,CA218,NA,NA
2006,C,11,U,U,513,NA,NA,802109716,CA003,NA,NA,NA
2006,C,12,U,U,514,608,NA,CA054,CA010,CA095,NA,NA
2006,C,13,U,U,522,616,NA,CA008,CA036,CA167,CA174,CA175
2006,C,15,U,U,515,NA,NA,802109768,CA1526,NA,NA,NA
2006,C,16,U,U,521,615,NA,CA114,CA047,CA157,CA163,CA164
2006,C,17,U,U,603,NA,NA,CA220,CA219,NA,NA,NA
2006,C,18,U,U,609,NA,NA,NA,802109785,NA,NA,NA
2006,C,19,U,U,607,NA,NA,CA165,CA152,NA,NA,NA
2006,C,20,U,U,608,703,NA,CA107,CA137,CA302,CA304,NA
2006,C,21,U,U,618,NA,NA,CA231,CA002,NA,NA,NA
2006,C,22,U,U,620,NA,NA,CA233,CA262,NA,NA,NA
2006,C,23,U,U,622,NA,NA,NA,CA003,NA,NA,NA
2006,C,24,U,U,621,NA,NA,CA280,CA082,NA,NA,NA
2006,C,25,U,U,619,NA,NA,CA301,CA266,NA,NA,NA
2006,C,26,U,U,626,NA,NA,NA,CA314,NA,NA,NA
2006,C,27,U,U,615,NA,NA,CA235,802109771,NA,NA,NA
2006,C,28,U,U,620,NA,NA,CA029,CA1579,NA,NA,NA
2006,C,30,U,U,612,707,NA,802109780,CA310,CA313,CA315,CA321
2006,C,31,U,U,613,NA,NA,802109714,CA234,NA,NA,NA
2006,C,32,U,U,620,NA,NA,CA030,CA012,NA,NA,NA
2006,C,33,U,U,618,NA,NA,CA253,CA015,NA,NA,NA
2006,C,34,U,U,626,NA,NA,NA,CA1526,NA,NA,NA
2006,C,36,U,U,701,NA,NA,NA,802109729,NA,NA,NA
2006,C,37,U,U,701,NA,NA,CA026,NA,NA,NA,NA
2006,C,38,U,U,628,NA,NA,BX.WX|BX.OX,NA,NA,NA,NA
2006,C,39,U,U,704,NA,NA,CA165,CA152,NA,NA,NA
2006,C,105,U,U,502,527,NA,802122906,CA219,CA105,CA106,CA111
2006,C,106,U,U,512,NA,NA,NA,CA096,NA,NA,NA
2006,C,107,U,U,506,601,NA,YX.BX|BX.RX,RX.WX|RX.GX,CA038,CA041,NA
2006,C,108,U,U,517,NA,NA,NA,CA118,NA,NA,NA
2006,C,110,U,U,513,NA,NA,CA058,CA044,NA,NA,NA
2006,C,112,U,U,520,614,NA,802109735,CA134,CA145,CA146,CA150
2006,C,113,U,U,605,630,NA,CA166,CA140,CA269,CA275,NA
2006,C,201,U,U,608,NA,NA,CA139,CA014,NA,NA,NA
2006,C,206,U,U,520,614,NA,NA,CA136,CA147,CA148,CA149
2006,C,210,U,U,601,626,NA,CA201,CA151,CA249,CA250,CA251
2006,C,211,U,U,531,625,NA,CA098,CA096,CA246,CA267,NA
2006,C,212,U,U,606,NA,NA,CA153,CA158,NA,NA,NA
2006,C,213,U,U,525,619,NA,CA154,CA135,CA222,CA223,CA224
2006,C,214,U,U,530,NA,NA,CA156,CA202,NA,NA,NA
2006,D,118,U,U,520,614,NA,CA109,CA122,CA160,CA161,CA162
2006,D,114,U,U,511,607,NA,CA079,CA066,CA217,NA,NA
2006,D,23,U,U,602,627,NA,CA2224,CA198,CA254,CA255,CA256
2006,D,1,U,U,424,519,NA,802122919,BX.WX|GX.BX,802122932,802122933,802122936
2006,D,2,U,U,502,527,NA,BX.WX|gX.XX,802109785,CA009,CA016,CA017
2006,D,3,U,U,507,NA,NA,CA027,NA,NA,NA,NA
2006,D,4,U,U,515,609,NA,CA068,CA020,CA100,CA205,CA206
2006,D,5,U,U,515,NA,NA,CA026,CA039,NA,NA,NA
2006,D,6,U,U,430,525,NA,NA,CA014,CA004,CA005,CA006
2006,D,7,U,U,524,618,NA,CA040,CA025,CA182,CA183,NA
2006,D,8,U,U,514,608,NA,CA065,CA081,CA127,CA128,CA129
2006,D,9,U,U,515,NA,NA,CA067,CA082,NA,NA,NA
2006,D,10,U,U,520,NA,NA,802109790,CA021,NA,NA,NA
2006,D,11,U,U,517,611,NA,CA069,CA019,CA214,CA215,NA
2006,D,12,U,U,518,NA,NA,NA,CA018,NA,NA,NA
2006,D,13,U,U,522,616,NA,CA092,CA2082,CA227,NA,NA
2006,D,14,U,U,526,620,NA,802109746,CA133,NA,NA,NA
2006,D,15,U,U,518,NA,NA,CA093,CA132,NA,NA,NA
2006,D,16,U,U,603,NA,NA,CA138,802109729,NA,NA,NA
2006,D,17,U,U,530,624,NA,CA2073,CA173,CA237,CA238,CA239
2006,D,18,U,U,611,706,NA,CA180,CA190,CA312,NA,NA
2006,D,20,U,U,531,NA,NA,CA142,CA177,NA,NA,NA
2006,D,21,U,U,529,623,NA,CA143,802122911,CA232,CA236,NA
2006,D,22,U,U,605,630,NA,CA179,CA144,CA270,CA276,NA
2006,D,24,U,U,612,707,NA,CA230,CA245,CA319,CA320,NA
2006,D,25,U,U,612,707,NA,CA229,CA197,CA316,CA317,CA318
2006,D,26,U,U,620,NA,NA,CA240,NA,NA,NA,NA
2006,D,27,U,U,620,NA,NA,CA247,CA241,NA,NA,NA
2006,D,28,U,U,605,630,NA,CA104,CA242,CA271,CA272,CA273
2006,D,30,U,U,619,NA,NA,CA279,CA243,NA,NA,NA
2006,D,31,U,U,525,619,NA,CA168,RX.OX|RX.YX,CA188,CA192,NA
2006,D,32,U,U,613,708,NA,CA278,CA221,CA326,CA329,NA
2006,D,33,U,U,605,630,NA,CA170,CA193,CA274,CA277,NA
2006,D,34,U,U,524,618,NA,CA172,CA171,CA185,CA186,NA
2006,D,35,U,U,609,704,NA,CA181,CA189,CA305,CA306,CA311
2006,D,36,U,U,603,628,NA,CA027,CA191,CA260,CA261,NA
2006,D,37,U,U,613,708,NA,CA265,CA252,CA324,CA325,NA
2006,D,39,U,U,613,708,NA,802109745,CA226,CA322,CA323,NA
2006,D,40,U,U,608,703,NA,CA264,BX.WX|SX.,CA303,NA,NA
2006,D,41,U,U,628,NA,NA,BX.WX|gX.XX,CA112,NA,NA,NA
2006,D,42,U,U,626,NA,NA,NA,CA036,NA,NA,NA
2006,D,43,U,U,609,704,NA,CA308,CA307,CA309,CA309,NA
2006,D,44,U,U,625,NA,NA,CA328,NA,NA,NA,NA
2006,D,45,U,U,701,NA,NA,CA327,NA,NA,NA,NA
2006,D,46,U,U,628,NA,NA,NA,CA019,NA,NA,NA
2006,D,47,U,U,703,NA,NA,NA,CA141,NA,NA,NA
2006,D,101,U,U,506,NA,NA,CA180,CA190,NA,NA,NA
2006,D,102,U,U,504,529,NA,802122915,802122910,CA024,NA,NA
2006,D,103,U,U,502,NA,NA,CA264,BX.WX|SX.,NA,NA,NA
2006,D,107,U,U,520,NA,NA,CA115,CA064,NA,NA,NA
2006,D,108,U,U,515,NA,NA,CA062,CA117,NA,NA,NA
2006,D,111,U,U,518,NA,NA,CA107,NA,NA,NA,NA
2006,D,112,U,U,521,NA,NA,CA108,NA,NA,NA,NA
2006,D,113,U,U,512,606,NA,CA078,CA063,CA119,CA120,CA121
2006,D,116,U,U,526,620,NA,802109713,BX.WX|BX.SX,CA194,CA195,CA196
2006,D,117,U,U,510,604,NA,CA049,CA060,CA059,NA,NA
2006,D,119,U,U,526,620,NA,CA048,CA061,CA199,CA200,CA225
2006,D,120,U,U,608,NA,NA,CA155,CA216,NA,NA,NA
2006,D,202,U,U,603,628,NA,CA210,CA099,CA258,CA263,NA
2006,D,203,U,U,603,628,NA,CA211,BX.WX|GX.BX,CA257,NA,NA
2006,D,204,U,U,601,NA,NA,RX.YX|RX.sX,CA141,NA,NA,NA
2006,E,1,U,U,508,NA,NA,CA031,CA035,NA,NA,NA
2006,E,2,U,U,606,NA,NA,CA178,CA159,NA,NA,NA
2006,F,1,U,U,610,NA,NA,NA,CA2085,NA,NA,NA
2007,A,-2,U,U,NA,NA,NA,NA,NA,CA1447,CA1448,NA
2007,A,-1,U,U,NA,NA,NA,CA139,CA2036,CA1220,CA1221,CA1222
2007,A,1,ParCare,CF2,503,528,526,802109735,CA262,CA1241,unassigned,unassigned
2007,A,2,ParCare,CFD4,503,NA,530,CA008,CA1254,NA,NA,NA
2007,A,3,ParCare,CF2,504,529,528,CA123,CA1526,CA1286,CA1402,unassigned
2007,A,4,U,U,507,601,NA,CA110,CA226,CA1296,NA,NA
2007,A,5,ParCare,CF2,505,530,528,CA1260,CA1255,CA1288,CA1290,unassigned
2007,A,6,ParCare,CF2,503,528,527,CA1259,CA1256,CA1246,CA1282,CA1283
2007,A,7,ParCare,CF2,515,609,609,CA1234,CA072,CA1433,CA1434,CA1435
2007,A,8,U,U,519,613,NA,CA220,CA177,CA1311,CA1445,unringed
2007,A,9,ParCare,CF2,517,611,609,CA1301,CA1281,CA1436,CA1439,unassigned
2007,A,102,ParCare,CF2,428,523,521,CA115,CA1210,CA1227,CA1228,CA1231
2007,A,103,ParCare,CF2,507,531,530,CA1223,CA1253,CA1410,unassigned,NA
2007,A,104,U,U,517,NA,NA,CA1272,CA1279,NA,NA,NA
2007,A,106,ParCare,CF2,521,615,613,CA138,802109729,CA1315,unassigned,NA
2007,A,107,U,U,531,,NA,CA2040,CA1273,NA,NA,NA
2007,A,108,U,U,516,,NA,CA166,CA060,NA,NA,NA
2007,A,109,U,U,605,,NA,CA098,CA101,NA,NA,NA
2007,A,110,ParCare,CFD3,530,,609,CA2073,CA015,NA,NA,NA
2007,A,111,U,U,521,,NA,NA,CA2082,NA,NA,NA
2007,A,112,ParCare,CF2,515,609,609,CA1300,CA1302,CA1303,CA1431,CA1432
2007,A,113,ParCare,CF2,525,619,618,CA1310,CA1297,CA1322,CA1325,unassigned
2007,A,114,U,U,605,,NA,CA247,802109785,NA,NA,NA
2007,A,115,ParCare,CFD2,522,616,613,CA1425,CA1280,CA1449,CA1461,NA
2007,A,117,U,U,609,,NA,CA093,CA1251,NA,NA,NA
2007,A,118,ParCare,CFD4,530,624,617,CA1320,CA1298,CA1477,CA1478,NA
2007,A,119,ParCare,CF2,523,617,617,CA1309,CA1299,CA1451,CA1452,NA
2007,A,120,ParCare,CF2,523,,613,802109713,CA152,CA1446,NA,NA
2007,A,121,ParCare,CF2,527,621,620,CA1336,CA171,CA1338,CA1470,CA1471
2007,A,122,ParCare,CF2,531,625,624,CA172,CA1331,CA1344,CA1345,NA
2007,A,123,U,U,516,610,NA,NA,CA044,CA1304,CA1305,CA1308
2007,A,124,ParCare,CFD3,603,628,626,CA1313,CA1210,CA1373,NA,NA
2007,A,125,ParCare,CF2,603,628,626,CA235,CA204,CA1375,unassigned,NA
2007,A,126,U,U,,,NA,CA178,CA216,NA,NA,NA
2007,A,127,U,U,607,702,NA,CA2040,CA1273,CA1390,CA1391,NA
2007,A,128,ParCare,CF2,601,626,625,CA1314,CA125,CA1348,CA1488,CA1490
2007,A,129,U,U,610,,NA,CA1321,CA1330,NA,NA,NA
2007,A,130,ParCare,CF2,604,629,627,CA143,CA081,CA1378,CA1498,unassigned
2007,A,131,ParCare,CF2,603,628,626,RX.gX|BX.WX,CA1332,CA1372,CA1374,unassigned
2007,A,132,U,U,602,627,NA,CA1319,CA1333,CA1492,CA1493,CA1494
2007,A,133,ParCare,CF2,523,617,617,CA1312,CA1318,CA1453,CA1456,unassigned
2007,A,134,U,U,607,702,NA,CA1349,CA1371,CA1389,CA1388,CA1387
2007,A,202,U,U,506,601,NA,802109716,CA1268,CA1418,CA1420,CA1421
2007,A,203,ParCare,CF2,506,601,530,CA108,CA190,CA1411,unassigned,unassigned
2007,A,204,ParCare,CF2,430,525,523,CA069,CA035,CA1236,NA,NA
2007,A,205,U,U,509,,NA,CA1230,CA266,NA,NA,NA
2007,A,206,U,U,505,530,NA,CA1229,CA2037,CA1291,CA1294,NA
2007,A,207,U,U,511,605,NA,CA048,CA1267,CA1422,CA1423,NA
2007,A,301,ParCare,CF2,601,625,624,CA153,CA151,CA1346,CA1347,unassigned
2007,B,-1,U,U,,,NA,CA168,NA,CA1215,CA1216,NA
2007,B,1,U,U,424,518,NA,RX.MX|YX.BX,CA034,CA1269,NA,NA
2007,B,2,U,U,430,,NA,CA138,802109729,NA,NA,NA
2007,B,3,U,U,418,,NA,CA093,CA1251,NA,NA,NA
2007,B,4,ParCare,CF2,504,529,527,802122925,CA112,CA1245,CA1284,CA1285
2007,B,5,ParCare,CF all & CFD1,601,626,624,CA1343,BX.WX|BX.SX,unassigned,unassigned,unassigned
2007,B,6,U,U,610,705,NA,CA279,CA132,CA1365,CA1366,CA1367
2007,B,7,U,U,531,,NA,CA051,CA1323,NA,NA,NA
2007,B,8,ParCare,CF all,615,,624,CA247,802109785,NA,NA,NA
2007,B,9,U,U,623,,NA,NA,CA226,NA,NA,NA
2007,B,101,ParCare,CF2,503,528,526,CA1270,CA1258,CA1238,unassigned,unassigned
2007,B,102,U,U,531,,NA,CA1226,CA1266,NA,NA,NA
2007,B,103,U,U,422,517,NA,CA078,CA1265,CA1218,CA1219,NA
2007,B,104,ParCare,CF2,517,611,609,CA043,CA243,CA1437,CA1438,unassigned
2007,B,105,U,U,518,612,NA,NA,CA1271,CA1440,CA1441,CA1442
2007,B,106,ParCare,CF2,531,625,625,CA230,CA136,CA1479,CA1480,CA1481
2007,B,107,ParCare,CF2,604,629,627,CA1335,CA035,CA1379,CA1497,unassigned
2007,B,108,ParCare,CF2,601,626,625,CA127 ,CA1334,CA1487,CA1489,CA1491
2007,B,109,ParCare,CFD2,,,627,RX.MX|YX.BX,NA,NA,NA,NA
2007,B,301,U,U,707,,NA,CA1457,CA2037,NA,NA,NA
2007,C,1,ParCare,CFD3,418,,521,CA201,CA151,NA,NA,NA
2007,C,2,U,U,423,,NA,CA013,CA1257,NA,NA,NA
2007,C,3,U,U,417,,NA,CA220,CA177,NA,NA,NA
2007,C,4,U,U,413,508,NA,RX.YX|RX.GX,802109760,CA1202,CA1203,CA1204
2007,C,5,U,U,415,,NA,CA2221,CA1252,NA,NA,NA
2007,C,6,ParCare,CFD2,420,,510,CA156,802109785,NA,NA,NA
2007,C,7,ParCare,CF2,415,510,510,CA165,CA152,CA1205,CA1206,CA1208
2007,C,8,ParCare,CF2,505,530,528,CA029,CA1263,CA1248,CA1289,unassigned
2007,C,10,ParCare,CF2,507,601,530,CA1209,CA1262,CA1412,unassigned,unassigned
2007,C,11,U,U,420,515,NA,CA1207,CA1579,CA1212,CA1213,NA
2007,C,12,U,U,430,525,NA,CA1225,CA081,CA1235,CA1426,unringed
2007,C,13,ParCare,CF2,506,531,530,CA1224,CA1264,CA1293,CA1295,CA1409
2007,C,14,ParCare,CFD4,424,,526,802109768,CA216,NA,NA,NA
2007,C,15,ParCare,CF2,504,529,528,CA057,CA132,CA1247,CA1249,CA1287
2007,C,16,U,U,528,,NA,CA1430,CA1424,NA,NA,NA
2007,C,17,ParCare,CF2,610,705,704,CA129,CA1217,CA1399,NA,NA
2007,C,102,ParCare,CF2,429,524,523,802109746,CA014,CA1237,CA1244,unassigned
2007,C,103,U,U,613,,NA,CA328,CA126,NA,NA,NA
2007,C,104,U,U,615,710,NA,CA1272,RX.WX|YX.WX,CA1521,CA1522,NA
2007,C,301,ParCare,CFD3,,,625,CA324,CA045,NA,NA,NA
2007,C,302,U,U,702,,NA,CA057,CA177,NA,NA,NA
2007,C,303,U,U,605,630,NA,CA1383,CA1382,CA1380,CA1381,NA
2007,C,304,U,U,604,,NA,802109713,NA,NA,NA,NA
2007,C,305,U,U,705,,NA,NA,NA,NA,NA,NA
2007,D,-3,U,U,,,NA,NA,NA,CA1357,NA,NA
2007,D,-2,U,U,,,NA,NA,NA,CA1482,NA,NA
2007,D,-1,U,U,,,NA,CA2224,NA,CA1474,CA1475,NA
2007,D,1,U,U,606,,NA,NA,CA266,NA,NA,NA
2007,D,2,ParCare,CF2,429,524,521,RX.YX|RX.sX,CA141,CA1232,CA1233,NA
2007,D,3,ParCare,CFD2,505,530,528,CA027,802122910,CA1405,CA1406,unassigned
2007,D,4,ParCare,CFD2,505,530,528,CA180,CA1217,CA1407,CA1408,NA
2007,D,5,U,U,504,,NA,802122915,BX.WX|SX.,NA,NA,NA
2007,D,6,U,U,604,629,NA,RX.YX|RX.GX,CA1450,CA1352,CA1353,NA
2007,D,7,U,U,611,706,NA,CA1207,CA1263,CA1368,NA,NA
2007,D,8,U,U,612,707,NA,CA1223,CA1254,CA1511,CA1512,NA
2007,D,9,U,U,619,,NA,CA1350,CA1355,NA,NA,NA
2007,D,10,U,U,609,704,NA,CA229,CA1258,CA1359,CA1360,NA
2007,D,11,U,U,618,,NA,CA093,CA1251,NA,NA,NA
2007,D,12,U,U,615,710,NA,CA1226,CA1266,CA1502,CA1514,CA1515
2007,D,101,ParCare,CFD2,610,705,704,CA156,802122913,CA1395,CA1400,NA
2007,D,102,U,U,531,625,NA,CA165,CA014,CA1354,CA1499,CA1500
2007,D,103,ParCare,CF2,609,704,704,CA1327,CA1341,CA1361,CA1393,CA1394
2007,D,104,U,U,611,706,NA,CA1329,CA1255,CA1506,CA1507,CA1508
2007,D,105,ParCare,CFD2,609,704,704,CA068,CA020,CA1363,CA1364,NA
2007,D,106,U,U,,,NA,CA098,CA101,NA,NA,NA
2007,D,107,U,U,615,710,NA,CA1337,CA1342,CA1503,CA1523,NA
2007,D,108,ParCare,CF2,609,704,704,CA1328,CA1340,CA1358,CA1362,CA1392
2007,D,109,U,U,612,707,NA,CA166,CA060,CA1370,CA1501,NA
2007,D,110,ParCare,CF all,627,,627,CA1259,802109771,NA,NA,NA
2007,D,111,U,U,611,706,NA,CA1326,CA1339,CA1397,CA1398,NA
2007,D,301,U,U,,,NA,CA1513,NA,NA,NA,NA
2007,D,302,U,U,702,,NA,NA,CA1450,NA,NA,NA
2007,E,-301,U,U,,,NA,CA007,NA,CA1276,CA1277,CA1278
2007,E,-1,U,U,,,NA,CA050,NA,CA1292,NA,NA
2007,E,1,ParCare,CF2,417,512,510,CA1201,CA173,CA1211,CA1214,CA1261
2007,E,2,U,U,607,702,NA,CA1443,CA262,CA1385,CA1384,CA1386
2007,E,3,U,U,612,707,NA,802122906,CA1526,CA1509,CA1510,NA
2007,E,4,ParCare,CF2,611,706,704,CA168,CA1264,CA1369,CA1396,NA
2007,E,101,U,U,530,624,NA,CA183,CA242,CA1473,CA1476,NA
2007,E,102,ParCare,CF2,602,627,625,CA1444,CA1265,CA1351,CA1495,CA1496
2007,E,301,ParCare,CF2,524,618,618,CA030,CA011,CA1324,CA1458,unassigned
2007,E,302,ParCare,CF2,621,,620,CA1467,CA034,NA,NA,NA
2007,E,303,U,U,525,619,NA,CA1464,CA1465,CA1462,CA1463,CA1466
2007,E,304,U,U,713,,NA,CA231,CA082,NA,NA,NA
2007,E,305,U,U,708,,NA,802122915,BX.WX|SX.,NA,NA,NA
2007,E,306,U,U,718,,NA,NA,CA1252,NA,NA,NA
2007,F,101,ParCare,CFD2,526,620,620,CA026,CA173,CA1468,CA1469,CA1472
2008,A,-1,U,,,,NA,NA,NA,CA1528,CA1529,NA
2008,A,1,U,U,420,515,NA,802109716,CA1268,CA1520,CA1525,CA1562
2008,A,2,U,U,427,522,NA,CA1321,CA1504,CA1539,CA1541,NA
2008,A,3,ParCare,CFDX,426,521,519,CA1518,CA1505,CA1538,CA1540,NA
2008,A,4,U,U,421,516,NA,CA178,CA137,CA1527,NA,NA
2008,A,5,ParCare,CFall,424,519,517,CA093,CA1254,CA1533,CA1534,CA1535
2008,A,6,ParCare,CFall,423,518,517,NA,CA136,CA1530,CA1531,CA1532
2008,A,7,U,U,428,,NA,NA,NA,NA,NA,NA
2008,A,8,U,U,428,,NA,CA1425,CA1434,NA,NA,NA
2008,A,9,U,U,501,526,NA,CA1204,CA1516,CA1542,CA1543,NA
2008,A,10,U,U,511,605,NA,CA1545,CA1519,CA2002,CA2003,CA2004
2008,A,11,U,U,503,,NA,NA,CA072,NA,NA,NA
2008,A,12,U,U,505,,NA,NA,NA,NA,NA,NA
2008,A,13,U,U,506,,NA,NA,NA,NA,NA,NA
2008,A,14,ParCare,CFall,512,606,605,CA2001,CA1536,CA1575,CA1576,NA
2008,A,15,U,U,512,,NA,NA,NA,NA,NA,NA
2008,A,16,U,U,511,,NA,NA,CA1253,NA,NA,NA
2008,A,17,U,U,515,609,NA,NA,CA1537,CA2005,NA,NA
2008,A,18,U,U,422,517,NA,CA110,CA226,CA2010,NA,NA
2008,A,19,U,U,519,613,NA,NA,CA1278,CA2006,CA2007,NA
2008,A,20,ParCare,CFall,521,615,613,CA1230,NA,CA1581,NA,NA
2008,A ,21,ParCare,CFall,525,619,618,CA1452,CA125,CA2054,CA2055,CA2056
2008,A,22,U,U,529,623,NA,CA1223,CA072,CA2017,NA,NA
2008,A,23,ParCare,CFall,529,623,621,CA1272,CA1254,CA1586,CA2061,CA2062
2008,A,24,U,U,605,630,NA,CA008,CA177,CA1596,NA,NA
2008,A,25,ParCare,CFall,609,704,703,CA2020,CA1517,CA2022,CA2023,NA
2008,A,101,U,U,416,,NA,NA,CA226,NA,NA,NA
2008,A,102,ParCare,CFall,505,530,528,CA1222,CA1517,CA1567,CA1568,CA1569
2008,A,103,ParCare,CFall,507,601,529,CA108,CA190,CA1570,CA1571,CA1572
2008,A,104,ParCare,CFall,529,623,622,CA1215,CA136,CA1587,CA1588,NA
2008,B,1,U,U,427,,NA,NA,NA,NA,NA,NA
2008,B,2,ParCare,CFall,513,607,605,CA168,CA1264,CA1577,CA1578,NA
2008,B,3,ParCare,CFall,520,614,613,CA1335,CA1334,CA1580,CA2008,CA2009
2008,B,4,U,U,510,,NA,CA043,NA,NA,NA,NA
2008,B,-101,U,U,,,NA,NA,NA,CA2029,NA,NA
2008,B,101,U,U,429,524,NA,CA078,CA020,CA1566,NA,NA
2008,B,102,U,U,501,,NA,CA084,NA,NA,NA,NA
2008,B,103,ParCare,CFall,504,529,528,CA230,CA1429,CA1544,CA1546,NA
2008,B,104,U,U,425,,NA,NA,CA266,NA,NA,NA
2008,B,105,ParCare,CFall,524,618,618,CA057,CA171,CA1582,CA1583,NA
2008,B,106,ParCare,CFall,528,622,621,CA1270,CA1268,CA2011,CA2012,CA2013
2008,B,107,U,U,609,,NA,CA026,CA020,NA,NA,NA
2008,B,201,U,U,609,,NA,CA2053,CA2052,NA,NA,NA
2008,B,301,U,U,NA,NA,NA,CA084,NA,NA,NA,NA
2008,B,302,U,U,NA,NA,NA,CA2024,NA,NA,NA,NA
2008,C,1,U,U,530,624,NA,CA231,CA014,CA1589,CA1590,CA2063
2008,C,101,U,U,422,,NA,CA057,CA171,NA,NA,NA
2008,C,102,U,U,416,511,NA,CA1551,CA011,CA1556,CA1557,NA
2008,C,103,U,U,414,509,NA,CA1464,CA1550,CA1553,CA1554,CA1555
2008,C,104,U,U,416,511,NA,RX.YX|RX.GX,CA1579,CA1558,CA1559,CA1560
2008,C,105,U,U,427,,NA,NA,NA,NA,NA,NA
2008,C,106,U,U,501,,NA,CA1272,CA1552,NA,NA,NA
2008,C,107,U,U,507,,NA,CA324,CA1561,NA,NA,NA
2008,C,108,U,U,508,,NA,NA,CA151,NA,NA,NA
2008,C,109,ParCare,CFall,525,619,618,CA029,CA011,CA1584,CA1585,NA
2008,C,110,ParCare,CFall,525,619,618,CA1418,CA1550,CA2057,CA2058,NA
2008,C,111,U,U,601,626,NA,CA1484,CA1579,CA1591,CA1592,CA1593
2008,C,112,ParCare,CFall,529,623,622,CA1430,CA1563,CA2014,CA2015,CA2016
2008,C,113,U,U,609,,NA,CA1464,CA034,NA,NA,NA
2008,C,114,ParCare,CFall,609,704,702,CA1213,CA2051,CA2021,NA,NA
2008,C,115,ParCare,CFall,610,706,703,CA1310,CA151,CA2026,CA2027,CA2028
2008,D,1,U,U,603,628,NA,CA1312,CA1504,NA,NA,NA
2008,D,2,U,U,611,,NA,CA210,CA1253,NA,NA,NA
2008,D,3,ParCare,CFall,609,704,702,CA1499,CA1429,CA1599,CA1600,CA2025
2008,D,4,ParCare,CFall,608,703,702,CA324,CA1561,CA1597,CA1598,NA
2008,D,5,U,U,624,,NA,CA078,CA081,NA,NA,NA
2008,D,6,U,U,623,,NA,CA2018,CA2019,NA,NA,NA
2008,D,-101,U,U,,,NA,NA,NA,CA2030,NA,NA
2008,D,101,U,U,422,,NA,NA,NA,NA,NA,NA
2008,D,102,U,U,424,519,NA,802109746,CA014,CA1564,CA1565,NA
2008,D,103,U,U,613,,NA,NA,CA2037,NA,NA,NA
2008,D,104,U,U,609,,NA,NA,CA1536,NA,NA,NA
2008,D,105,U,U,624,,NA,NA,NA,NA,NA,NA
2008,D,201,U,U,602,627,NA,CA1203,CA1212,CA1594,CA1595,NA
2008,D,202,U,U,606,,NA,CA1409,CA242,NA,NA,NA
2008,D,203,U,U,608,,NA,CA1416,CA2059,NA,NA,NA
2008,D,204,U,U,612,,NA,CA2064,CA2060,NA,NA,NA
2008,E,101,ParCare,CFall,506,531,529,CA1444,CA1265,CA1547,CA1548,CA1549
2008,E,102,U,U,507,601,NA,CA048,CA1526,CA1573,CA1574,NA
2008,F,101,U,U,502,,NA,NA,802109742,NA,NA,NA
2008,F,102,U,U,507,,NA,CA1430,CA1563,NA,NA,NA
2009,A,1,ParCare,CFall,420,515,513,CA1310,CA151,UR1.A1.2009,UR2.A1.2009,NA
2009,A,2,U,U,424,NA,NA,CA1425,NA,NA,NA,NA
2009,A,3,ParCare,CFall,422,517,515,CA048,CA1526,CA2201,NA,NA
2009,A,4,ParCare,CFall,501,526,525,CA1312,CA2041,CA2301,CA2302,CA2303
2009,A,5,ParCare,CFall,502,527,527,CA107,CA2036,CA2214,CA2215,NA
2009,A,6,ParCare,CFall,502,527,525,CA2040,CA136,CA2304,NA,NA
2009,A,7,ParCare,CFall,503,528,527,CA1248,CA1278,CA2305,NA,NA
2009,A,8,ParCare,CFall,510,604,530,CA093,CA1254,CA2222,CA2223,NA
2009,A,9,U,U,510,NA,NA,NA,CA072,NA,NA,NA
2009,A,101,ParCare,CFall,510,604,603,CA1204,CA2037,CA2070,CA2071,CA2072
2009,A,102,U,U,608,NA,NA,CA1452,CA2041,NA,NA,NA
2009,A,103,U,U,614,NA,NA,CA2232,CA137,NA,NA,NA
2009,A,201,U,U,422,517,NA,CA1230,CA081,CA2046,CA2047,CA2203
2009,A,202,U,U,517,NA,NA,NA,NA,NA,NA,NA
2009,A,203,ParCare,CFall,527,621,621,CA2086,CA1273,CA2246,CA2247,CA2250
2009,A,204,U,U,525,NA,NA,CA013,CA2085,NA,NA,NA
2009,A,205,U,U,609,NA,NA,CA1314,CA2236,NA,NA,NA
2009,A,206,ParCare,CFall,612,707,705,CA1452,CA2041,CA2287,CA2288,NA
2009,A,207,U,U,617,NA,NA,CA093,CA1254,NA,NA,NA
2009,B,1,U,U,423,518,NA,CA168,CA1253,CA2049,NA,NA
2009,B,2,ParCare,CFall,419,514,513,CA078,CA1429,CA2038,CA2039,NA
2009,B,3,U,U,430,NA,NA,CA1270,NA,NA,NA,NA
2009,B,4,U,U,507,NA,NA,NA,NA,NA,NA,NA
2009,B,5,ParCare,CFall,514,608,606,CA230,CA2050,CA2080,CA2081,NA
2009,B,6,U,U,615,710,NA,CA2098,CA2097,CA2260,CA2261,CA2262
2009,B,101,ParCare,CFall,520,614,612,CA2209,CA2216,CA2231,NA,NA
2009,B,102,ParCare,CFall,604,629,629,CA168,CA1526,CA2280,NA,NA
2009,C,-101,U,U,421,516,NA,CA052,CA044,CA2204,CA2205,CA2206
2009,C,1,ParCare,CFall,422,517,515,CA1272,CA1264,CA2045,CA2048,CA2202
2009,C,2,U,U,426,NA,NA,CA1418,CA1570,NA,NA,NA
2009,C,3,U,U,418,513,NA,CA1464,CA1579,CA2033,CA2034,CA2035
2009,C,4,ParCare,CFall,511,605,603,CA1484,CA2207,CA2225,CA2075,CA2076
2009,C,5,U,U,512,NA,NA,CA029,CA1280,NA,NA,NA
2009,C,6,U,U,627,NA,NA,CA029,CA1579,NA,NA,NA
2009,C,7,U,U,629,NA,NA,NA,NA,NA,NA,NA
2009,C,8,U,U,705,NA,NA,NA,CA1276,NA,NA,NA
2009,C,101,ParCare,CFall,515,609,610,CA1499,CA1531,CA2084,UR1.C101.2009,UR2.C101.2009
2009,C,102,ParCare,CFall,530,624,614,CA1350,CA1382,CA2272,CA2251,NA
2009,C,103,ParCare,CFall,606,701,630,CA1418,CA1570,CA2283,NA,NA
2009,C,104,ParCare,CFall,525,619,619,CA1213,NA,CA2090,CA2091,NA
2009,D,-1,U,U,421,516,NA,802109746,CA1258,CA2042,CA2043,CA2044
2009,D,1,ParCare,CFall,515,609,604,CA1409,CA2208,CA2226,CA2227,CA2083
2009,D,2,ParCare,CFall,516,610,606,CA1260,CA1480,CA2228,CA2229,NA
2009,D,3,ParCare,CFall,522,616,614,CA2210,CA2213,CA2233,CA2234,CA2235
2009,D,4,ParCare,CFall,527,621,618,CA178,CA1258,CA2241,CA2242,CA2243
2009,D,5,U,U,521,NA,NA,CA1203,NA,NA,NA,NA
2009,D,6,ParCare,CFall,531,624,623,CA2221,CA1263,CA2099,CA2100,CA2271
2009,D,7,ParCare,CFall,601,626,621,CA2073,CA2082,DEAD.CHICK.C101.2009,NA,NA
2009,D,8,U,U,609,NA,NA,CA1416,CA136,NA,NA,NA
2009,D,9,ParCare,CFall,605,630,630,CA1201,CA1217,CA2281,CA2307,NA
2009,D,10,U,U,617,NA,NA,NA,CA2212,NA,NA,NA
2009,D,12,U,U,704,NA,NA,NA,NA,NA,NA,NA
2009,D,101,ParCare,CFall,518,612,610,CA2211,NA,CA2230,NA,NA
2009,D,102,ParCare,CFall,512,606,604,CA108,CA2212,CA2077,CA2078,CA2079
2009,D,103,ParCare,CFall,527,621,614,CA1270,CA171,CA2244,CA2245,CA2249
2009,D,104,ParCare,CFall,525,619,614,CA2224,CA072,CA2239,CA2240,CA2248
2009,D,105,ParCare,CFall,526,620,612,CA231,CA151,CA2095,CA2096,NA
2009,D,106,ParCare,CFall,526,620,618,CA2074,CA1355,CA2237,CA2238,NA
2009,D,107,ParCare,CFall,602,627,625,CA229,CA125,CA2253,CA2277,NA
2009,D,108,ParCare,CFall,601,626,625,CA078,CA081,CA2274,CA2275,CA2276
2009,D,109,ParCare,CFall,604,629,629,CA1203,CA1212,CA2278,CA2279,CA2282
2009,D,110,ParCare,CFall,525,619,619,CA1309,CA1429,CA2092,CA2093,CA2094
2009,D,111,U,U,611,NA,NA,CA2088,CA1566,NA,NA,NA
2009,D,112,ParCare,CFall,611,706,705,CA1520,CA1253,CA2254,CA2255,CA2256
2009,D,113,ParCare,CFall,612,707,705,CA324,CA2087,CA2257,CA2258,CA2259
2009,E,1,ParCare,CFall,507,601,530,CA026,CA137,CA2217,DEAD.CHICK.E1.2009,NA
2009,E,2,ParCare,CFall,508,602,531,CA1553,CA1566,CA2067,CA2068,CA2069
2009,E,3,U,U,519,NA,NA,NA,NA,NA,NA,NA
2009,E,4,U,U,529,NA,NA,CA007,NA,NA,NA,NA
2009,E,5,ParCare,CFall,508,NA,531,CA008,CA034,NA,NA,NA
2009,E,6,ParCare,CFall,531,625,623,CA1545,CA044,CA2273,CA2252,NA
2009,E,7,U,U,606,NA,NA,CA1444,CA1342,NA,NA,NA
2009,E,8,U,U,608,NA,NA,CA1349,CA2036,NA,NA,NA
2009,E,9,ParCare,CFall,611,706,705,CA1430,CA1278,CA2284,CA2285,CA2286
2009,G,-1,U,U,521,615,NA,NA,NA,CA2089,NA,NA
2009,G,1,U,U,NA,NA,NA,NA,NA,NA,NA,NA
2009,G,2,U,U,528,NA,NA,NA,CA2306,NA,NA,NA
2009,G,3,U,U,527,NA,NA,NA,NA,NA,NA,NA
2009,G,4,U,U,526,NA,NA,NA,CA2066,NA,NA,NA
2009,G,5,U,U,NA,NA,NA,CA2219,CA2065,NA,NA,NA
2009,G,6,U,U,531,NA,NA,CA2218,NA,NA,NA,NA
2009,G,7,U,U,531,NA,NA,NA,CA1371,NA,NA,NA
2009,G,8,U,U,528,NA,NA,CA2220,NA,NA,NA,NA
2009,G,9,U,U,627,NA,NA,NA,NA,NA,NA,NA
2010,A,-101,U,U,,,NA,CA1448,CA2450,unknown,unknown,unknown
2010,A,-1,U,U,,505,NA,CA2324,NA,CA2322,CA2323,NA
2010,A,1,U,U,420,504,NA,NA,NA,NA,NA,NA
2010,A,2,U,U,407,501,NA,CA1425,NA,CA2263,CA2264,NA
2010,A,3,U,U,420,517,NA,CA078,CA081,CA2455,CA2456,CA2457
2010,A,4,U,U,420,515,NA,CA2267,CA141,CA2458,CA2459,unknown
2010,A,5,U,U,408,503,NA,CA2298,CA2299,CA2266,CA2401,NA
2010,A,6,U,U,420,516,NA,CA1203,CA1566,CA2448,CA2449,unknown
2010,A,7,U,U,420,516,NA,CA168,CA1263,CA2445,CA2446,CA2447
2010,A,8,U,U,420,515,NA,CA2403,CA1538,CA2436,CA2437,CA2438
2010,A,9,U,U,426,521,NA,CA2002,CA2406,CA2340,CA2342,NA
2010,A,10,U,U,421,517,NA,CA1534,CA2316,CA2454,CA2461,NA
2010,A,11,U,U,420,515,NA,CA1321,CA1519,CA2334,CA2336,CA2337
2010,A,12,U,U,423,520,NA,CA2404,CA2038,CA2467,CA2470,NA
2010,A,13,U,U,426,521,NA,CA1234,CA2312,CA2341,CA2481,CA2482
2010,A,14,U,U,428,523,NA,CA2424,CA2313,CA2484,CA2485,CA2488
2010,A,15,U,U,420,505,NA,CA2294,NA,NA,NA,NA
2010,A,16,U,U,417,512,NA,CA1270,CA171,CA2430,CA2431,CA2439
2010,A,17,U,U,420,515,NA,CA2268,CA2039,CA2335,CA2432,CA2433
2010,A,18,U,U,413,508,NA,CA231,CA2310,CA2419,CA2420,CA2421
2010,A,19,U,U,415,510,NA,CA2408,CA2093,NA,NA,NA
2010,A,20,U,U,420,515,NA,CA2309,CA2405,CA2434,CA2435,CA2441
2010,A,21,U,U,419,514,NA,CA107,CA2036,CA2328,CA2329,CA2330
2010,A,22,U,U,413,508,NA,CA178,CA136,CA2414,CA2415,CA2416
2010,A,23,U,U,410,505,NA,CA052,CA044,CA2425,CA2426,NA
2010,A,24,U,U,416,511,NA,CA2293,CA2035,NA,NA,NA
2010,A,25,U,U,428,523,NA,CA1204,CA2037,CA2343,CA2344,CA2483
2010,A,26,U,U,409,504,NA,NA,CA2041,CA2501,CA2502,CA2503
2010,A,27,U,U,408,503,NA,CA1248,CA1278,CA2269,CA2270,CA2311
2010,A,28,U,U,411,506,NA,CA1314,CA1254,CA2409,CA2410,NA
2010,A,29,U,U,423,518,NA,CA026,CA1562,CA2463,CA2338,NA
2010,A,30,U,U,505,530,NA,CA2422,CA2325,CA2345,CA2346,CA2494
2010,A,31,U,U,616,711,NA,CA2304,CA2349,CA2365,CA2366,NA
2010,A,101,U,U,426,521,NA,CA108,CA112,CA2474,CA2475,NA
2010,A,102,U,U,425,520,NA,CA1309,CA2321,CA2476,CA2477,CA2339
2010,A,103,U,U,425,520,NA,CA110,CA125,CA2468,CA2469,CA2471
2010,A,104,U,U,501,526,NA,CA265,CA2407,CA2490,CA2491,CA2492
2010,A,105,U,U,413,508,NA,CA007,CA1253,CA2417,CA2418,NA
2010,A,106,U,U,411,506,NA,CA1230,CA1429,CA2411,CA2412,CA2413
2010,A,107,U,U,,507,NA,NA,NA,NA,NA,NA
2010,A,108,U,U,417,512,NA,CA2427,CA2231,CA2428,CA2429,NA
2010,A,109,U,U,516,610,NA,CA2245,CA1356,A109.DEAD.CHICK,CA2505,CA2506
2010,A,110,U,U,521,615,NA,CA2240,CA2093,CA2518,CA2519,unknown
2010,A,111,U,U,517,528,NA,NA,NA,NA,NA,NA
2010,A,112,U,U,526,620,NA,CA2033,CA044,CA2520,NA,NA
2010,A,113,U,U,601,626,NA,CA2248,CA103,CA2347,CA2348,CA2350
2010,A,114,U,U,527,621,NA,CA2498,CA1531,CA2521,CA2522,CA2523
2010,A,115,U,U,605,623,NA,CA2512,CA2509,NA,NA,NA
2010,A,116,U,U,613,708,NA,CA1425,CA2321,CA2357,CA2358,unknown
2010,A,117,U,U,614,705,NA,CA1204,CA1280,NA,NA,NA
2010,B,-101,U,U,,,NA,CA1527,NA,CA2533,CA2534,CA2535
2010,B,-1,U,U,,,NA,NA,CA171,CA2355,CA2356,NA
2010,B,101,U,U,425,520,NA,CA2462,CA1268,CA2464,CA2465,CA2466
2010,B,102,U,U,606,607,NA,NA,NA,NA,NA,NA
2010,B,103,U,U,616,,NA,CA2524,CA2526,NA,NA,NA
2010,B,201,U,U,531,625,NA,CA1499,CA1566,CA2530,CA2531,CA2532
2010,C,-1,U,U,,,NA,CA1213,NA,CA2326,CA2327,NA
2010,C,1,U,U,408,503,NA,CA1272,CA2236,CA2295,CA2300,CA2308
2010,C,2,U,U,418,513,NA,CA1499,CA1531,CA2331,CA2332,CA2333
2010,C,3,U,U,409,504,NA,CA1418,CA1570,CA2314,CA2315,CA2402
2010,C,4,U,U,409,504,NA,NA,CA137,CA2317,CA2318,NA
2010,C,5,U,U,427,522,NA,CA2221,CA1579,CA2479,CA2480,NA
2010,C,6,U,U,420,503,NA,NA,CA2297,NA,NA,NA
2010,C,7,U,U,420,515,NA,CA1310,CA2265,NA,NA,NA
2010,C,8,U,U,415,504,NA,NA,CA2296,NA,NA,NA
2010,C,9,U,U,415,509,NA,NA,CA2050,NA,NA,NA
2010,C,101,U,U,430,519,NA,NA,CA2423,NA,NA,NA
2010,C,102,U,U,511,528,NA,CA2472,CA2486,NA,NA,NA
2010,C,103,U,U,517,518,NA,CA2033,CA044,NA,NA,NA
2010,C,104,U,U,510,604,NA,CA2440,CA2487,CA2495,CA2496,CA2497
2010,C,105,U,U,518,528,NA,CA1430,NA,NA,NA,NA
2010,C,106,U,U,517,603,NA,CA2473,CA1570,NA,NA,NA
2010,C,107,U,U,520,526,NA,NA,CA171,NA,NA,NA
2010,C,108,U,U,521,615,NA,CA1416,CA2050,CA2513,CA2514,CA2515
2010,C,109,U,U,531,603,NA,NA,NA,NA,NA,NA
2010,C,110,U,U,530,603,NA,NA,NA,NA,NA,NA
2010,C,111,U,U,528,623,NA,CA1310,CA2265,CA2525,CA2527,CA2528
2010,C,112,U,U,527,603,NA,CA1409,CA1526,NA,NA,NA
2010,C,113,U,U,602,605,NA,NA,NA,NA,NA,NA
2010,C,114,U,U,520,614,NA,CA2214,CA1254,CA2510,CA2511,NA
2010,C,115,U,U,602,627,NA,CA2282,CA2036,CA2351,CA2352,CA2353
2010,C,116,U,U,615,710,NA,CA2002,CA2487,CA2359,CA2360,CA2361
2010,C,117,U,U,615,710,NA,CA1248,CA1278,CA2364,unknown,NA
2010,C,118,U,U,615,710,NA,CA1213,CA1579,CA2362,CA2363,unknown
2010,C,202,U,U,525,603,NA,NA,CA2236,NA,NA,NA
2010,D,-103,U,U,,,NA,NA,NA,NA,NA,NA
2010,D,-101,U,U,,,NA,CA1349,CA1258,CA2499,CA2500,CA2504
2010,D,-2,U,U,,,NA,CA155,NA,CA2292,NA,NA
2010,D,-1,U,U,,,NA,802109746,NA,CA2289,CA2290,CA2291
2010,D,1,U,U,420,515,NA,CA054,CA1552,CA2442,CA2443,CA2444
2010,D,2,U,U,709,,NA,NA,NA,NA,NA,NA
2010,D,101,U,U,510,518,NA,CA1409,CA1526,NA,NA,NA
2010,D,102,U,U,519,527,NA,CA324,CA2299,NA,NA,NA
2010,D,103,U,U,518,527,NA,CA2073,CA2082,NA,NA,NA
2010,D,104,U,U,520,604,NA,CA2489,CA136,NA,NA,NA
2010,D,105,U,U,619,,NA,CA2529,CA2354,NA,NA,NA
2010,E,-1,U,U,,,NA,CA048,NA,CA2319,CA2320,NA
2010,E,101,U,U,505,530,NA,CA2249,CA1297,CA2493,NA,NA
2010,E,102,U,U,517,611,NA,CA2241,CA2041,CA2507,E102.DEAD.CHICK,CA2508
2010,E,103,U,U,522,616,NA,CA1246,CA2296,CA2516,CA2517,NA
2010,E,104,U,U,614,,NA,CA1321,CA1526,NA,NA,NA
2010,F,101,U,U,,611,NA,CA1260,CA2204,NA,NA,NA
2010,G,-2,U,U,,,NA,NA,NA,NA,NA,NA
2010,G,-1,U,U,,,NA,NA,NA,NA,NA,NA
2010,G,1,U,U,615,630,NA,CA052,NA,NA,NA,NA
2010,G,2,U,U,625,,NA,NA,CA2231,NA,NA,NA
2010,G,3,U,U,625,,NA,NA,NA,unknown,NA,NA
2010,G,4,U,U,622,,NA,NA,NA,unknown,unknown,NA
2011,A,1,U,U,418,518,NA,CA2043,CA2039,CA2377,CA2378,CA2379
2011,A,2,ParCare,CFall,418,519,,CA110,CA2367,CA2380,CA2381,CA2382
2011,A,3,ParCare,CFall,418,525,,CA2368,CA2371,CA2544,CA2545,CA2546
2011,A,4,U,U,420,NA,NA,NA,NA,NA,NA,NA
2011,A,5,ParCare,CFall,421,521,,CA1230,CA2369,CA2536,CA2537,NA
2011,A,6,ParCare,CFall,418,524,,CA1234,CA2041,CA2395,CA2396,NA
2011,A,7,ParCare,CFall,421,522,,CA178,CA1276,CA2391,CA2392,NA
2011,A,8,ParCare,CFall,421,521,,CA1213,CA2050,CA2538,CA2539,CA2540
2011,A,9,U,U,421,NA,NA,CA2427,NA,NA,NA,NA
2011,A,10,ParCare,CFall,426,526,,CA1272,CA1268,CA2399,CA2548,CA2549
2011,A,11,U,U,423,NA,NA,NA,CA081,NA,NA,NA
2011,A,12,ParCare,CFall,424,520,,CA048,CA034,CA2383,CA2384,CA2385
2011,A,13,ParCare,CFall,427,525,,CA2372,CA2373,CA2397,CA2398,NA
2011,A,14,ParCare,CFall,424,525,,CA2245,CA2393,CA2394,CA2542,CA2543
2011,A,15,U,U,513,NA,NA,CA2554,CA2547,NA,NA,NA
2011,A,16,U,U,520,619,NA,CA2002,CA1429,CA2585,CA2586,CA3218
2011,A,17,U,U,528,NA,NA,CA2566,CA3214,NA,NA,NA
2011,A,101,U,U,428,603,NA,CA107,CA2036,CA3207,CA3208,CA3209
2011,A,102,ParCare,CFall,428,521,,CA1248,CA1278,CA2386,CA2387,CA2388
2011,A,103,U,U,502,NA,NA,CA1418,CA1254,NA,NA,NA
2011,A,104,U,U,501,529,NA,CA1321,CA1519,CA3202,CA3203,CA3204
2011,A,105,ParCare,CFall,506,606,,CA1310,CA1562,CA2555,CA2556,NA
2011,A,106,ParCare,CFall,506,606,,CA2284,CA2550,CA2560,CA2561,NA
2011,A,107,U,U,510,NA,NA,NA,CA3201,NA,NA,NA
2011,A,108,ParCare,CFall,520,616,,CA2240,CA081,CA2579,CA2580,NA
2011,A,201,ParCare,CFall,507,606,,CA2552,CA2400,CA2557,CA2558,CA2559
2011,A,202,U,U,623,NA,NA,NA,CA2599,NA,NA,NA
2011,A,203,U,U,,NA,NA,NA,NA,NA,NA,NA
2011,A,301,U,U,604,630,NA,CA2273,CA2581,CA2596,CA2597,CA2598
2011,B,1,ParCare,CFall,421,522,,CA078,CA171,CA2389,CA2390,NA
2011,B,2,U,U,419,515,NA,CA168,CA1429,CA2374,CA2375,CA2376
2011,B,3,ParCare,CFall,602,703,,CA2571,CA2583,CA3233,NA,NA
2011,B,4,ParCare,CFall,531,626,,CA3212,CA171,CA3224,CA3225,CA3227
2011,B,5,U,U,607,NA,NA,CA168,CA1254,NA,NA,NA
2011,B,101,U,U,513,607,NA,CA2440,CA2487,CA2563,CA2564,CA2565
2011,B,102,U,U,524,NA,NA,CA2570,CA2367,NA,NA,NA
2011,B,103,U,U,531,NA,NA,CA2562,CA2553,NA,NA,NA
2011,B,104,U,U,601,NA,NA,CA2582,CA2212,NA,NA,NA
2011,B,201,ParCare,CFall,509,608,,CA2291,CA2320,CA2567,CA2568,NA
2011,B,202,U,U,624,NA,NA,NA,CA2593,NA,NA,NA
2011,B,203,U,U,618,NA,NA,CA2595,CA2591,NA,NA,NA
2011,B,301,U,U,623,NA,NA,NA,CA2590,NA,NA,NA
2011,C,1,U,U,415,NA,NA,CA1464,CA1579,NA,NA,NA
2011,C,2,U,U,420,NA,NA,NA,NA,NA,NA,NA
2011,C,3,U,U,504,531,NA,CA2221,CA2541,CA2551,CA3205,CA3206
2011,C,4,U,U,601,NA,NA,CA2569,CA2216,NA,NA,NA
2011,C,101,U,U,612,NA,NA,CA1418,CA2036,NA,NA,NA
2011,C,201,U,U,506,NA,NA,NA,NA,NA,NA,NA
2011,D,1,U,U,524,NA,NA,CA1201,CA2321,NA,NA,NA
2011,D,2,ParCare,CFall,522,614,,CA1464,CA1579,CA2577,CA2578,NA
2011,D,3,U,U,531,NA,NA,NA,CA2065,NA,NA,NA
2011,D,4,U,U,601,620,NA,CA2531,CA3216,CA3222,CA3223,D4.CHICK
2011,D,5,ParCare,CFall,604,702,,CA1513,CA2572,CA2600,CA3301,CA3302
2011,D,6,U,U,607,NA,NA,CA2554,CA2547,NA,NA,NA
2011,D,7,U,U,607,NA,NA,CA1203,CA3217,NA,NA,NA
2011,D,8,U,U,621,NA,NA,CA1213,CA1579,NA,NA,NA
2011,D,9,U,U,626,NA,NA,CA2554,CA2547,NA,NA,NA
2011,D,101,U,U,603,NA,NA,NA,CA2373,NA,NA,NA
2011,D,102,U,U,623,NA,NA,NA,CA2594,NA,NA,NA
2011,D,201,U,U,,NA,NA,CA2587,CA2584,NA,NA,NA
2011,E,1,U,U,522,622,NA,CA2576,CA2039,CA3219,CA3220,CA3221
2011,E,2,ParCare,CFall,526,626,,CA2575,CA242,CA2588,CA2589,CA3226
2011,E,3,U,U,523,612,NA,CA1224,CA3211,CA3213,CA3215,E3.CHICK
2011,E,4,U,U,525,NA,NA,NA,NA,NA,NA,NA
2011,E,5,ParCare,CFall,529,628,,CA2574,CA3210,CA3228,CA3229,CA3230
2011,E,6,U,U,529,NA,NA,NA,NA,NA,NA,NA
2011,E,7,U,U,526,NA,NA,NA,NA,NA,NA,NA
2011,E,8,U,U,602,630,NA,CA2573,CA1278,CA3231,CA3232,E8.CHICK
2011,E,9,U,U,622,NA,NA,NA,CA2592,NA,NA,NA
2011,E,10,U,U,621,NA,NA,NA,CA1519,NA,NA,NA
2012,D,1,U,U,505,529,HATCH,CA2043,CA2039,CA3246,CA3247,CA3253
2012,D,2,U,U,504,528,PREDATED,CA1418,CA081,NA,NA,NA
2012,G,1,U,U,506,602,HATCH,NA,NA,CA3256,NA,NA
2012,D,3,U,U,516,517,ABANDONED,NA,NA,NA,NA,NA
2012,D,4,U,U,510,602,HATCH,CA048,CA2584,CA3254,CA3255,CA3260
2012,D,5,U,U,508,528,HATCH,CA3234,CA2369,CA3308,CA3309,unringed
2012,D,6,U,U,513,606,HATCH,CA1527,CA3304,CA3263,CA3264,CA3265
2012,G,2,U,U,517,601,PREDATED,NA,CA3235,NA,NA,NA
2012,G,3,U,U,513,528,FLOODED,NA,CA2393,NA,NA,NA
2012,G,4,U,U,516,603,HATCH,CA3258,NA,CA3257,CA3261,unringed
2012,G,5,U,U,517,604,FLOODED,CA3237,CA3202,NA,NA,NA
2012,G,6,U,U,511,603,HATCH,CA2519,CA3242,CA3259,NA,NA
2012,G,7,U,U,514,601,PREDATED,CA2399,CA2555,NA,NA,NA
2012,G,8,U,U,514,604,FLOODED,CA3305,CA2271,NA,NA,NA
2012,G,9,U,U,508,528,HATCH,CA168,NA,CA3240,CA3241,
2012,G,10,U,U,515,528,PREDATED,CA2595,CA2538,NA,NA,NA
2012,G,11,U,U,522,604,FLOODED,CA178,CA3306,NA,NA,NA
2012,G,12,U,U,505,530,HATCH,CA1272,CA1268,CA3248,CA3249,CA3250
2012,E,101,U,U,505,530,,CA1430,CA2082,NA,NA,NA
2012,C,101,U,U,507,601,HATCH,CA1416,CA3303,CA3310,CA3311,CA3312
2012,B,101,U,U,430,524,HATCH,CA3262,CA2367,CA3239,NA,NA
2012,D,101,U,U,504,529,HATCH,CA1464,CA3221,CA3244,CA3243,CA3245
2012,D,102,U,U,530,624,PREDATED,NA,NA,NA,NA,NA
2012,G,301,U,U,520,604,FLOODED,CA2548,NA,NA,NA,NA
2012,G,302,U,U,515,604,FLOODED,CA1248,CA1278,NA,NA,NA
2012,G,303,U,U,526,603,FLOODED,CA2531,NA,NA,NA,NA
2012,G,304,U,U,529,604,FLOODED,CA2596,CA3252,NA,NA,NA
2012,G,305,U,U,601,604,FLOODED,NA,NA,NA,NA,NA
2012,D,301,U,U,609,,UNKNOWN,CA3266,CA3313,NA,NA,NA
2012,C,301,U,U,608,,UNKNOWN,CA1310,CA2367,NA,NA,NA
2012,G,201,U,U,512,604,FLOODED,CA3236,CA242,NA,NA,NA
2012,G,202,U,U,515,604,FLOODED,CA3307,NA,NA,NA,NA
2012,G,203,U,U,515,604,FLOODED,CA2570,CA1550,NA,NA,NA
2012,G,204,U,U,517,604,FLOODED,NA,CA3218,NA,NA,NA
